<?xml version="1.0" encoding="UTF-8"?>
<?xml-model href="http://www.stoa.org/epidoc/schema/latest/tei-epidoc.rng" type="application/xml" schematypens="http://relaxng.org/ns/structure/1.0"?>
<?xml-model href="../schematron/ircyr-checking.sch" schematypens="http://purl.oclc.org/dsdl/schematron"?>                                                
<TEI xmlns="http://www.tei-c.org/ns/1.0" xml:lang="en">
    <teiHeader>
        <fileDesc>
            <titleStmt>
                <title>I.Sicily inscription 0218</title>
                <editor ref="#JP">Jonathan Prag</editor>
                <principal ref="#JP">Jonathan Prag</principal>
                <funder>John Fell OUP Research Fund</funder>
	   <funder><ref target="https://cordis.europa.eu/project/id/885040">ERC Advanced Grant no.885040</ref></funder>
                <respStmt>
                    <name xml:id="JP" ref="http://orcid.org/0000-0003-3819-8537">Jonathan Prag</name>
                    <resp>original data collection and editing</resp>
                </respStmt>
                <respStmt>
                    <name xml:id="JCu" ref="http://orcid.org/0000-0002-6686-3728">James Cummings</name>
                    <resp>conversion to EpiDoc</resp>
                </respStmt>
                <respStmt>
                    <name xml:id="JCh" ref="http://orcid.org/0000-0001-6823-0265">James Chartrand</name>
                    <resp>site construction and encoding</resp>
                </respStmt>
                <respStmt>
                    <name xml:id="VV" ref="http://orcid.org/0000-0002-9695-0240">Valeria Vitale</name>
                    <resp>editing of geo data</resp>
                </respStmt>
                <respStmt>
                    <name xml:id="MM">Michael Metcalfe</name>
                    <resp>museum data collection</resp>
                </respStmt>
	    <respStmt>
     	       <name xml:id="SS" ref="https://orcid.org/0000-0003-3914-9569">Simona Stoyanova</name>
     	       <resp>standardisation of template and tidying up encoding</resp>
 	   </respStmt>
	    <respStmt>
                    <name xml:id="system">system</name>
                    <resp>automated or batch processes</resp>
                </respStmt>
            </titleStmt>
            <publicationStmt>
                <authority>I.Sicily</authority>
                <idno type="filename">ISic0218</idno>
                <idno type="TM">285250</idno>
                <idno type="EDR">127464</idno>
                <idno type="EDH"/>
                <idno type="EDCS">22100139</idno>
                <idno type="PHI"/>
                <idno type="URI">http://sicily.classics.ox.ac.uk/inscription/ISic0218</idno>
                <idno type="DOI" when="2020-12-17">10.5281/zenodo.4334622</idno>
                <availability>
                    <licence target="http://creativecommons.org/licenses/by/4.0/">Licensed under a Creative
                        Commons-Attribution 4.0 licence.
                    </licence>
                </availability>
            </publicationStmt>
            <sourceDesc>
                <msDesc>
                    <msIdentifier>
                        <country>Italy</country>
                        <region>Sicily</region>
                        <settlement>Lost</settlement>
                        <repository>Lost</repository>
                        <!--No inventory number found-->
                        <!--Adding location for old id numbers if available-->
                        <altIdentifier>
                            <settlement/>
                            <repository/>
                            <idno type="old"/>
                        </altIdentifier>
                    </msIdentifier>
                    <msContents>
                        <textLang mainLang="la">Latin</textLang>
                    </msContents>
                    <physDesc>
                        <objectDesc>
                            <supportDesc>
                                <support><p>Fazellus lists this as one of a number of ancient marble tablets to be found in private houses in Termini</p>
                                    <material key="marble" ref="http://www.eagle-network.eu/voc/material/lod/48.html">marble</material>
                                    <objectType key="tabula" ref="http://www.http://www.eagle-network.eu/voc/objtyp/lod/257">tablet</objectType>
                                    <dimensions>
                                        <height unit="cm">unknown</height>
                                        <width unit="cm">unknown</width>
                                        <depth unit="cm">unknown</depth>
                                    </dimensions>
                                </support>
                                <condition/>
		    </supportDesc>
                            <layoutDesc>
                                <layout>Three lines of Latin letters, if Fazellus' layout is reliable
                                    <rs type="execution" ref="http://www.eagle-network.eu/voc/writing/lod/1">Engraved
                                    </rs>
                                </layout>
                            </layoutDesc>
                        </objectDesc>
                        <handDesc>
                            <handNote><p>No information is preserved</p>
                                <locus from="line1" to="line1">Line 1</locus>
                                <dimensions type="letterHeight">
                                    <height unit="mm">unknown</height>
                                </dimensions>
                                <locus from="line1" to="line2">Interlineation line 1 to 2</locus>
                                <dimensions type="interlinear">
                                    <height unit="mm">unknown</height>
                                </dimensions>
                            </handNote>
                        </handDesc>
                    </physDesc>
                    <history>
                        <origin>
                            <origPlace>
                                <placeName type="ancient" ref="http://pleiades.stoa.org/places/462513">Thermae Himeraeae</placeName>		
                                <placeName type="modern" ref="http://sws.geonames.org/6539140">Termini Imerese</placeName>
                            	<geo>37.98365, 13.69555</geo>
		</origPlace>
                            <origDate datingMethod="#julian" notBefore-custom="0001" notAfter-custom="0300">Presumably of imperial date, C1-3 AD</origDate>
                        </origin>
                        <provenance type="found">The text is reported in Fazellus' De Rebus Siculis (1558) as being in a private house in Termini ('In domo Garfofali'). It was already either unfindable or illegible ('litera abolita') by the time of Gualtherus (1624)</provenance>
                        <provenance type="observed" subtype="autopsied">No Autopsy</provenance>
                        <acquisition>Lost</acquisition>
                    </history>
                </msDesc>
            </sourceDesc>
        </fileDesc>
        <profileDesc>
            <calendarDesc>
                <calendar xml:id="julian">
                    <p>Julian Calendar</p>
                </calendar>
            </calendarDesc>
            <langUsage>
                <language ident="en">English</language>
                <language ident="it">Italian</language>
                <language ident="grc">Ancient Greek</language>
                <language ident="la">Latin</language>
                <language ident="he">Hebrew</language>
                <language ident="phn">Phoenician</language>
                <language ident="xpu">Punic</language>
                <language ident="osc">Oscan</language>
                <language ident="xly">Elymian</language>
                <language ident="scx">Sikel</language>
                <language ident="sxc">Sikan</language>
            </langUsage>
            <textClass>
                <keywords scheme="http://www.eagle-network.eu/voc/typeins.html">
                    <term key="funerary" ref="http://www.eagle-network.eu/voc/typeins/lod/92.html">funerary</term>
                </keywords>
            </textClass>
        </profileDesc>
        <revisionDesc status="draft">
            <listChange>
                <change when="2016-12-03" who="#JCu">James Cummings autogenerated EpiDoc output from database</change>
                <change when="2020-02-12" who="#JP">Jonathan Prag edited the file on the basis of prior publications</change>
                <change when="2020-09-14" who="#JP">Jonathan Prag added bibl ref</change>
            	   <change when="2020-10-05" who="#SS">Simona Stoyanova normalised Unicode</change>
            	   <change when="2020-10-08" who="#SS">Simona Stoyanova updated list of languages</change>
            	<change when="2020-11-20" who="#SS">Simona Stoyanova added EDCS numbers</change>
		<change when="2020-11-26" who="#SS">Simona Stoyanova restructured bibliography</change>
	    <change when="2020-12-17" who="#system">Updated Zenodo DOI</change>
            </listChange>
        </revisionDesc>
    </teiHeader>
    <facsimile>
          <surface type="transcription">
                     <graphic n="screen" url="ISic0218_tiled.tif" height="7483px" width="5132px">
                         <desc>Page from Fazellus 1558 (Rome copy on Google Books)</desc>
                    </graphic>
                <graphic n="print" url="ISic0218.jpg" height="7483px" width="5132px">
                    <desc>Page from Fazellus 1558 (Rome copy on Google Books)</desc>
                        </graphic>
                  </surface>
    </facsimile>
    <text>
        <body>
            <div type="edition" xml:space="preserve" xml:lang="la" resp="#JP">
                <ab>
                    <lb n="1"/><g ref="http://sicily.classics.ox.ac.uk/alists/listglyph.xml#mulieris">ↄ</g> <g type="interpunct">·</g> Sempronio
                    <lb n="2"/>7 <g type="interpunct">·</g> L <g type="interpunct">·</g> Primioni <g type="interpunct">·</g>
                    <lb n="3"/>annorum <g type="interpunct">·</g> XIIII <g type="interpunct">·</g>
                  </ab>
              </div>
            <div type="apparatus">
                <listApp><app><note>Text of Fazellus 1558</note></app>
                    <app loc="Line 1"><note>Mommsen: [---]Sempronio</note></app>
                    <app loc="Line 2"><note>Mommsen: ((mulieris)) L Primioni</note></app>
                <app loc="Line 3"><note>Gualtherus 1624, Torremuzza 1769, 1784 (ex Gualt.): XVIII</note></app></listApp>
            </div>
            <div type="translation">
                <p><!--translation(s) - add @xml:lang for 'en' or 'it' to div--></p>
            </div>
            <div type="commentary">
                <p>Interpretation of this text (lost) remains extremely problematic. Fazellus is the only authority who may have seen this (it is implied in his account, but not explicit); all subsequent authorities did not. Consequently, subsequent versions of the text posterior to the 1558 edition of Fazellus all appear to be attempts to intepret the text reported in Fazellus. This contains a reversed C prior to Sempronio in line 1; a symbol in the form of the arabic numeral 7 at the beginning of line 2. Other inscriptions from Termini employ a reversed C in a role other than that of the abbreviation for (freedperson of) a woman; however in each case the symbol stands directly before a numeral, and so has reasonably been interpreted to signify 'circiter'; that context does not apply here. Fazellus can be shown, in another surviving text (<ref target="http://sicily.classics.ox.ac.uk/inscription/ISic0146">ISic0146</ref>) to have reported such a reversed C correctly, so the transcription here need not be doubted. There is, in turn, no obvious parallel in Fazellus for the use of the symbol '7' (in another text, also lost - <ref target="http://sicily.classics.ox.ac.uk/inscription/ISic0119">ISic0119</ref> -  a symbol comparable to a '6' is however apparently employed to signify a hedera). What is not clear is how Mommsen arrived at the text which he presents in CIL, in which the reversed C is arbitrarily transposed to the beginning of line 2 and/or substituted for the '7'. It is also noteworthy that in subsequent editions the numeral is variously presented as XIV and in Gualtherus as XVIII (the latter surely an error of transcription from his source). There is also no material basis for the rectangular form within which Gualtherus places the text.</p>
            </div>
            <div type="bibliography">
                <listBibl type="edition">
                    <bibl>
                        <author>Fazellus</author>
                        <date>1558</date>
                        <citedRange>Decade 1, Liber 9, p.194</citedRange>
                        <ptr target="http://zotero.org/groups/382445/items/UKMEHMF4"/>
                    </bibl>
                    <bibl>
                        <author>Gualtherus</author>
                        <date>1624</date>
                        <citedRange><ref target="http://arachne.uni-koeln.de/item/buchseite/310971">no.292</ref></citedRange>
                        <ptr target="http://zotero.org/groups/382445/items/ZP8DE8KS"/>
                    </bibl>
                    <bibl>
                        <author>Castelli</author>
                        <date>1769</date>
                        <citedRange><ref target="http://arachne.uni-koeln.de/item/buchseite/501422">p.130, cl.10, no.48</ref></citedRange>
                        <ptr target="http://zotero.org/groups/382445/items/SPTB56H3"/>
                    </bibl>
                    <bibl>
                        <author>Castelli</author>
                        <date>1784</date>
                        <citedRange><ref target="http://arachne.uni-koeln.de/item/buchseite/501841">p.138, cl.10, no.55</ref></citedRange>
                        <ptr target="http://zotero.org/groups/382445/items/7PSFHSUH"/>
                    </bibl>
                    <bibl type="corpus" n="CIL">
                        <citedRange>
                            <ref target="http://arachne.uni-koeln.de/books/CILv10pII1883">10.7437</ref>
                        </citedRange>
                        <ptr target="https://www.zotero.org/groups/382445/items/GQN8UZSI"/>
                    </bibl>
                    <bibl type="corpus" n="ILMusTermini">
                        <citedRange>143</citedRange>
                        <ptr target="https://www.zotero.org/groups/382445/items/JCV85C79"/>
                    </bibl>
                </listBibl>
                <listBibl type="discussion">
                    <bibl>
                        <author>Manganaro</author>
                        <date>1988</date>
                        <citedRange>50</citedRange>
                        <ptr target="https://www.zotero.org/groups/382445/items/RZSFKACR"/>
                    </bibl>
                </listBibl>
            </div>
        </body>
    </text>
</TEI>