<?xml version="1.0" encoding="UTF-8"?>
<?xml-model href="http://www.stoa.org/epidoc/schema/latest/tei-epidoc.rng" type="application/xml" schematypens="http://relaxng.org/ns/structure/1.0"?>
<?xml-model href="../schematron/ircyr-checking.sch" schematypens="http://purl.oclc.org/dsdl/schematron"?>                                                
<TEI xmlns="http://www.tei-c.org/ns/1.0" xml:lang="en">
    <teiHeader>
        <fileDesc>
            <titleStmt>
                <title>I.Sicily inscription 0012</title>
                <editor ref="#JP">Jonathan Prag</editor>
                <principal ref="#JP">Jonathan Prag</principal>
                <funder>John Fell OUP Research Fund</funder>
	   <funder><ref target="https://cordis.europa.eu/project/id/885040">ERC Advanced Grant no.885040</ref></funder>
                <respStmt>
                    <name xml:id="JP" ref="http://orcid.org/0000-0003-3819-8537">Jonathan Prag</name>
                    <resp>original data collection and editing</resp>
                </respStmt>
                <respStmt>
                    <name xml:id="JCu" ref="http://orcid.org/0000-0002-6686-3728">James Cummings</name>
                    <resp>conversion to EpiDoc</resp>
                </respStmt>
                <respStmt>
                    <name xml:id="JCh" ref="http://orcid.org/0000-0001-6823-0265">James Chartrand</name>
                    <resp>site construction and encoding</resp>
                </respStmt>
                <respStmt>
                    <name xml:id="VV" ref="http://orcid.org/0000-0002-9695-0240">Valeria Vitale</name>
                    <resp>editing of geo data</resp>
                </respStmt>
                <respStmt>
                    <name xml:id="MM">Michael Metcalfe</name>
                    <resp>museum data collection</resp>
                </respStmt>
                <respStmt>
                    <name xml:id="TA" ref="https://orcid.org/0000-0001-8417-7089">Tuuli Ahlholm</name>
                    <resp>EpiDoc editing</resp>
                </respStmt>
	    <respStmt>
     	       <name xml:id="SS" ref="https://orcid.org/0000-0003-3914-9569">Simona Stoyanova</name>
     	       <resp>standardisation of template and tidying up encoding</resp>
 	   </respStmt>
	    <respStmt>
                    <name xml:id="system">system</name>
                    <resp>automated or batch processes</resp>
                </respStmt>
            </titleStmt>
            <publicationStmt>
                <authority>I.Sicily</authority>
                <idno type="filename">ISic0012</idno>
                <idno type="TM">491773</idno>
                <idno type="EDR">137645</idno>
                <idno type="EDH"/>
                <idno type="EDCS">22000857</idno>
                <idno type="PHI"/>
                <idno type="URI">http://sicily.classics.ox.ac.uk/inscription/ISic0012</idno>
                <idno type="DOI" when="2020-12-17">10.5281/zenodo.4333763</idno>
                <availability>
                    <licence target="http://creativecommons.org/licenses/by/4.0/">Licensed under a Creative
                        Commons-Attribution 4.0 licence.
                    </licence>
                </availability>
            </publicationStmt>
            <sourceDesc>
                <msDesc>
                    <msIdentifier>
                        <country>Italy</country>
                        <region>Sicily</region>
                        <settlement>Palermo</settlement>
                        <repository role="museum" ref="http://sicily.classics.ox.ac.uk/museum/064">Museo Archeologico
                            Regionale Antonino Salinas
                        </repository>
                        <idno type="inventory">3512</idno>
                        <!--Adding location for old id numbers if available-->
                        <altIdentifier>
                            <settlement/>
                            <repository/>
                            <idno type="old"/>
                        </altIdentifier>
                    </msIdentifier>
                    <msContents>
                        <textLang mainLang="la">Latin</textLang>
                    </msContents>
                    <physDesc>
                        <objectDesc>
                            <supportDesc>
                                <support>
                                    <material key="limestone" ref="http://www.eagle-network.eu/voc/material/lod/66.html">limestone
                                    </material>
                                    <objectType key="base" ref="http://www.eagle-network.eu/voc/objtyp/lod/57.html">base
                                    </objectType>
                                    <dimensions><!--Default values and requires editing-->
                                        <height unit="cm"/>
                                        <width unit="cm"/>
                                        <depth unit="cm"/>
                                    </dimensions>
                                </support>
                                <condition/>
		    </supportDesc>
                            <layoutDesc>
                                <layout>
                                    <rs type="execution" ref="http://www.eagle-network.eu/voc/writing/lod/1">Engraved
                                    </rs>
                                </layout>
                            </layoutDesc>
                        </objectDesc>
                        <handDesc>
                            <handNote><!--Default value and requires editing-->
                                <locus from="line1" to="line1">Line 1</locus>
                                <dimensions type="letterHeight">
                                    <height unit="mm"/>
                                </dimensions>
                                <locus from="line1" to="line2">Interlineation line 1 to 2</locus>
                                <dimensions type="interlinear">
                                    <height unit="mm"/>
                                </dimensions>
                            </handNote>
                        </handDesc>
                    </physDesc>
                    <history>
                        <origin>
                            <origPlace>
                                <placeName type="ancient" ref="http://pleiades.stoa.org/places/462410">Panhormus</placeName>		
                                <placeName type="modern" ref="http://sws.geonames.org/2523920">Palermo</placeName>
                            	<geo>38.13205, 13.33561</geo>
		</origPlace>
                            <origDate datingMethod="#julian" notBefore-custom="0200" notAfter-custom="0250">195 - 211 AD (after
                                Raepsaet-Charlier)
                            </origDate>
                        </origin>
                        <provenance type="found"/>
                        <provenance type="observed" subtype="autopsied">No Autopsy</provenance>
                        <acquisition>Palermo, Museo Archeologico Regionale Antonino Salinas no. 3512</acquisition>
                    </history>
                </msDesc>
            </sourceDesc>
        </fileDesc>
        <profileDesc>
            <calendarDesc>
                <calendar xml:id="julian">
                    <p>Julian Calendar</p>
                </calendar>
            </calendarDesc>
            <langUsage>
                <language ident="en">English</language>
                <language ident="it">Italian</language>
                <language ident="grc">Ancient Greek</language>
                <language ident="la">Latin</language>
                <language ident="he">Hebrew</language>
                <language ident="phn">Phoenician</language>
                <language ident="xpu">Punic</language>
                <language ident="osc">Oscan</language>
                <language ident="xly">Elymian</language>
                <language ident="scx">Sikel</language>
                <language ident="sxc">Sikan</language>
            </langUsage>
            <textClass>
                <keywords scheme="http://www.eagle-network.eu/voc/typeins.html">
                    <term key="honorific" ref="http://www.eagle-network.eu/voc/typeins/lod/69.html">honorific</term>
                </keywords>
            </textClass>
        </profileDesc>
        <revisionDesc status="draft">
            <listChange>
                <change when="2016-12-03" who="#JCu">James Cummings autogenerated EpiDoc output from database</change>
                <change when="2018-03-27" who="#TA">Tuuli Ahlholm revised the Epidoc and added an apparatus</change>
            	   <change when="2020-10-05" who="#SS">Simona Stoyanova normalised Unicode</change>
            	   <change when="2020-10-08" who="#SS">Simona Stoyanova updated list of languages</change>
            	<change when="2020-11-20" who="#SS">Simona Stoyanova added EDCS numbers</change>
		<change when="2020-11-26" who="#SS">Simona Stoyanova restructured bibliography</change>
	    <change when="2020-12-17" who="#system">Updated Zenodo DOI</change>
            </listChange>
        </revisionDesc>
    </teiHeader>
    <facsimile>
        <surface/>
        <!--delete empty surface above and uncomment template below if needed-->
        <!--
  <surface type="front">
    <graphic n="screen" url="{concat('ISic', $num, '_tiled.tif')}"
      height="4912px" width="7360px">
      <desc>Add Description Here</desc>
    </graphic>
    <graphic n="print" url="{concat('ISic', $num, '.jpg')}" height="3680px" width="5520px">
      <desc>Add Description Here</desc>
    </graphic>
  </surface>

    -->
    </facsimile>
    <text>
        <body>
            <div type="edition" xml:space="preserve" xml:lang="la">
                <ab>
                <lb n="1"/><supplied reason="lost"><expan><abbr>Imp</abbr><ex>eratori</ex></expan></supplied> <supplied reason="lost"><expan><abbr>Caes</abbr><ex>ari</ex></expan></supplied> <supplied reason="lost"><expan><abbr>L</abbr><ex>ucio</ex></expan></supplied> <supplied reason="lost">Septimio</supplied> <supplied reason="lost">Severo</supplied>
                <lb n="1a"/><gap reason="lost" atLeast="1" atMost="2" unit="line"/>
                <lb n="2"/><supplied reason="lost">divi</supplied> <supplied reason="lost"><expan><abbr>M</abbr><ex>arci</ex></expan></supplied> <supplied reason="lost">Aureli</supplied> <supplied reason="lost">Commodi</supplied>
                <lb n="3"/><supplied reason="lost">Anto</supplied><unclear>nini</unclear> <g type="interpunct">·</g> fratri <g type="interpunct">·</g> divi <g type="interpunct">·</g> <expan><abbr>M</abbr><ex>arci</ex></expan> <g type="interpunct">·</g> Aureli
                <lb n="4"/>Antonini <g type="interpunct">·</g> Pii <g type="interpunct">·</g> <expan><abbr>fil</abbr><ex>io</ex></expan> <g type="interpunct">·</g> divi <g type="interpunct">·</g> Pii <g type="interpunct">·</g> nepoti <g type="interpunct">·</g> di
                <lb n="5" break="no"/>vi <g type="interpunct">·</g> Hadriani <g type="interpunct">·</g> pronepoti <g type="interpunct">·</g> divi <g type="interpunct">·</g> Traia
                <lb n="6" break="no"/>ni <g type="interpunct">·</g> abnepoti <g type="interpunct">·</g> divi <g type="interpunct">·</g> Nervae <g type="interpunct">·</g> adnepoti
                <lb n="7"/>res <g type="interpunct">·</g> <expan><abbr>p</abbr><ex>ublica</ex></expan> <g type="interpunct">·</g> Panhormitanorum
                </ab>
            </div>
            <div type="apparatus">
            <listApp>
                <app>
                    <note>Text of ILMusPalermo</note>
                </app>
            </listApp>
            </div>
            <div type="translation">
                <p><!--translation(s) - add @xml:lang for 'en' or 'it' to div--></p>
            </div>
            <div type="commentary">
                <p><!--commented out pending revision-->
                    <!--Raepsaet-Charlier critical of Biv on a) the date, and b) following Mommsen that this and ILLPa 13 & 15 dedicated by same IIviri. No duovir actually mentioned in this one though anyway! ]nini fratri divi M. Aureli Antonini Pii fil divi pii nepoti divi Hardriani pronepoti divi Traiani abnepoti divi Nervae adnepoti res p. Panhormitanorum--></p>
            </div>
            <div type="bibliography">
                <listBibl type="edition">
                    <bibl type="corpus" n="CIL">
                        <citedRange>
                            <ref target="http://arachne.uni-koeln.de/item/buchseite/650788">10.7271</ref>
                        </citedRange>
                        <ptr target="https://www.zotero.org/groups/382445/items/GQN8UZSI"/>
                    </bibl>
                    <bibl type="corpus" n="ILMusPalermo">
                        <citedRange>12</citedRange>
                        <ptr target="https://www.zotero.org/groups/382445/items/FZWWPUD6"/>
                    </bibl>
                    <bibl>
                        <author>Raepsaet-Charlier</author>
                        <date>1974</date>
                        <citedRange>125</citedRange>
                        <ptr target="https://www.zotero.org/groups/382445/items/PZHQV5MN"/>
                    </bibl>
                </listBibl>
	   <listBibl type="discussion"><bibl/></listBibl>
            </div>
        </body>
    </text>
</TEI>