<?xml version="1.0" encoding="UTF-8"?>
<?xml-model href="http://www.stoa.org/epidoc/schema/latest/tei-epidoc.rng" type="application/xml" schematypens="http://relaxng.org/ns/structure/1.0"?>
<?xml-model href="../schematron/ircyr-checking.sch" schematypens="http://purl.oclc.org/dsdl/schematron"?>                                                
<TEI xmlns="http://www.tei-c.org/ns/1.0" xml:lang="en">
    <teiHeader>
        <fileDesc>
            <titleStmt>
                <title>
                    <seg xml:lang="en">Funerary inscription for Tyche</seg>
                </title>
                <editor ref="#JP">Jonathan Prag</editor>
                <principal ref="#JP">Jonathan Prag</principal>
                <funder>John Fell OUP Research Fund</funder>
	   <funder><ref target="https://cordis.europa.eu/project/id/885040">ERC Advanced Grant no.885040</ref></funder>
                <respStmt>
                    <name xml:id="JP" ref="http://orcid.org/0000-0003-3819-8537">Jonathan Prag</name>
                    <resp>original data collection and editing</resp>
                </respStmt>
                <respStmt>
                    <name xml:id="JCu" ref="http://orcid.org/0000-0002-6686-3728">James Cummings</name>
                    <resp>conversion to EpiDoc</resp>
                </respStmt>
                <respStmt>
                    <name xml:id="JCh" ref="http://orcid.org/0000-0001-6823-0265">James Chartrand</name>
                    <resp>site construction and encoding</resp>
                </respStmt>
                <respStmt>
                    <name xml:id="VV" ref="http://orcid.org/0000-0002-9695-0240">Valeria Vitale</name>
                    <resp>editing of geo data</resp>
                </respStmt>
                <respStmt>
                    <name xml:id="MM">Michael Metcalfe</name>
                    <resp>museum data collection</resp>
                </respStmt>
                <respStmt>
                    <name xml:id="SA">Serena Agodi</name>
                    <resp>Italian translation</resp>
                </respStmt>
                <respStmt>
                    <name xml:id="system">system</name>
                    <resp>automated or batch processes</resp>
                </respStmt>
	    <respStmt>
     	       <name xml:id="SS" ref="https://orcid.org/0000-0003-3914-9569">Simona Stoyanova</name>
     	       <resp>standardisation of template and tidying up encoding</resp>
 	   </respStmt>
	</titleStmt>
            <publicationStmt>
                <authority>I.Sicily</authority>
                <idno type="filename">ISic0378</idno>
                <idno type="TM">491589</idno>
                <idno type="EDR">139156</idno>
                <idno type="EDH"/>
                <idno type="EDCS">21900418</idno>
                <idno type="PHI"/>
                <idno type="URI">http://sicily.classics.ox.ac.uk/inscription/ISic0378</idno>
                <idno type="DOI" when="2020-09-10">10.5281/zenodo.4022620</idno>
                <idno type="URI">http://sicily.classics.ox.ac.uk/inscription/ISic0378</idno>
                <idno type="DOI" when="2020-12-17">10.5281/zenodo.4335496</idno>
                <availability>
                    <licence target="http://creativecommons.org/licenses/by/4.0/">Licensed under a Creative
                        Commons-Attribution 4.0 licence.
                    </licence>
                </availability>
            </publicationStmt>
            <sourceDesc>
                <msDesc>
                    <msIdentifier>
                        <country>Italy</country>
                        <region>Sicily</region>
                        <settlement>Catania</settlement>
                        <repository role="museum" ref="http://sicily.classics.ox.ac.uk/museum/018">Museo Civico di
                            Catania
                        </repository>
                        <idno type="inventory">393</idno>
                        <altIdentifier>
                            <settlement/>
                            <repository/>
                            <idno type="old"/>
                        </altIdentifier>
                    </msIdentifier>
                    <msContents>
                        <textLang mainLang="la">
                            <seg xml:lang="en">Latin</seg>
                        </textLang>
                    </msContents>
                    <physDesc>
                        <objectDesc>
                            <supportDesc>
                                <support>
                                    <material key="marble" ref="http://www.eagle-network.eu/voc/material/lod/48.html">
                                        <seg xml:lang="en">marble</seg>
                                    </material>
                                    <objectType key="tabula" ref="http://www.eagle-network.eu/voc/objtyp/lod/257">
                                        <seg xml:lang="en">tablet</seg>
                                    </objectType>
                                    <p>
                                        <seg xml:lang="en">A square plaque of white marble, intact on all four sides,
                                            finished smooth on the reverse.
                                        </seg>
                                    </p>
                                    <dimensions>
                                        <height unit="cm">25</height>
                                        <width unit="cm">30.5</width>
                                        <depth unit="cm">2.3</depth>
                                    </dimensions>
                                </support>
                                <condition/>
		    </supportDesc>
                            <layoutDesc>
                                <layout>
                                    <rs type="execution" ref="http://www.eagle-network.eu/voc/writing/lod/1">
                                        <seg xml:lang="en">Engraved</seg>
                                    </rs>
                                    <seg xml:lang="en">Four lines of Latin text, centred on the upper half of the
                                        plaque.
                                    </seg>
                                </layout>
                            </layoutDesc>
                        </objectDesc>
                        <handDesc>
                            <handNote>
                                <seg xml:lang="en">Irregular letters, with M and N cursive in form. Interpuncts in lines
                                    1 and 3.
                                </seg>
                                <locus from="line1" to="line3">Lines 1-3</locus>
                                <dimensions type="letterHeight">
                                    <height unit="mm">13-18</height>
                                </dimensions>
                                <locus from="line1" to="line2">Interlineation line 1 to 2</locus>
                                <dimensions type="interlinear">
                                    <height unit="mm">Not measured</height>
                                </dimensions>
                            </handNote>
                        </handDesc>
                    </physDesc>
                    <history>
                        <origin>
                            <origPlace>
                                <placeName type="ancient" ref="http://pleiades.stoa.org/places/462270">Catina</placeName>		
                                <placeName type="modern" ref="http://sws.geonames.org/2525068">Catania</placeName>
                            	<geo>37.49223, 15.07041</geo>
		</origPlace>
                            <origDate datingMethod="#julian" notBefore-custom="0150" notAfter-custom="0300">
                                <seg xml:lang="en">Second half C2 AD or C3 AD (so Korhonen)</seg>
                            </origDate>
                        </origin>
                        <provenance type="found">
                            <seg xml:lang="en">Found, together with ISic0330 (inv.568), in 1736 in a Roman tomb in the
                                area of Porta Aci / Porta di Jaci, now Piazza Stesicoro
                                <geo>37.507408, 15.085606</geo>
                            </seg>
                        </provenance>
                        <provenance type="observed" subtype="autopsied" resp="#JP">2017.03.20</provenance>
                        <acquisition>Catania, Museo Civico di Catania no. 393</acquisition>
                    </history>
                    <additional>
                        <adminInfo>
                            <note type="location">Display, Voci di pietra no.20</note>
                        </adminInfo>
                    </additional>
                </msDesc>
            </sourceDesc>
        </fileDesc>
        <profileDesc>
            <calendarDesc>
                <calendar xml:id="julian">
                    <p>Julian Calendar</p>
                </calendar>
            </calendarDesc>
            <langUsage>
                <language ident="en">English</language>
                <language ident="it">Italian</language>
                <language ident="grc">Ancient Greek</language>
                <language ident="la">Latin</language>
                <language ident="he">Hebrew</language>
                <language ident="phn">Phoenician</language>
                <language ident="xpu">Punic</language>
                <language ident="osc">Oscan</language>
                <language ident="xly">Elymian</language>
                <language ident="scx">Sikel</language>
                <language ident="sxc">Sikan</language>
            </langUsage>
            <textClass>
                <keywords scheme="http://www.eagle-network.eu/voc/typeins.html">
                    <term key="funerary" ref="http://www.eagle-network.eu/voc/typeins/lod/92.html">
                        <seg xml:lang="en">funerary</seg>
                    </term>
                </keywords>
            </textClass>
        </profileDesc>
        <revisionDesc status="edited">
            <listChange>
                <change when="2016-12-03" who="#JCu">James Cummings autogenerated EpiDoc output from database</change>
                <change when="2017-06-11" who="#JP">Jonathan Prag made initial revision of the EpiDoc, edited text,
                    added translation and brief commentary
                </change>
                <change when="2017-07-06" who="'JP">Jonathan Prag added elements for parallel Italian</change>
                <change when="2017-07-11" who="#JP">Jonathan Prag added metadata</change>
                <change when="2020-09-10" who="#system">Updated Zenodo DOI</change>
            	   <change when="2020-10-05" who="#SS">Simona Stoyanova normalised Unicode</change>
            	   <change when="2020-10-08" who="#SS">Simona Stoyanova updated list of languages</change>
            	<change when="2020-11-20" who="#SS">Simona Stoyanova added EDCS numbers</change>
		<change when="2020-11-26" who="#SS">Simona Stoyanova restructured bibliography</change>
	    <change when="2020-12-17" who="#system">Updated Zenodo DOI</change>
            </listChange>
        </revisionDesc>
    </teiHeader>
    <facsimile>
        <surface/>
        <!--delete empty surface above and uncomment template below if needed
  <surface type="front">
    <graphic n="screen" url="ISic0378" >
      <desc>Photograph of front face by Liceo M.M. Lazzaro</desc></graphic>
           <graphic n="print" url="{concat('ISic', $num, '.jpg')}" height="3680px" width="5520px">
      <desc>Add Description Here</desc>
      </graphic>
        </surface>
        -->
    </facsimile>
    <text>
        <body>
            <div type="edition" xml:space="preserve" xml:lang="la" resp="#JP">
                <ab>
                    <lb n="1"/>
                    <expan>
                        <abbr>D</abbr>
                        <ex>is</ex>
                    </expan>
                    <g type="interpunct">·</g>
                    <expan>
                        <abbr>M</abbr>
                        <ex>anibus</ex>
                    </expan>
                    <g type="interpunct">·</g>
                    <expan>
                        <abbr>s</abbr>
                        <ex>acrum</ex>
                    </expan>
                    <lb n="2"/>
                    <persName>Tyche</persName>
                    vixit annis
                    <lb n="3"/>
                    <num value="14">XIIII</num>
                    <g type="interpunct">·</g>
                    <expan>
                        <abbr>men</abbr>
                        <ex>sibus</ex>
                    </expan>
                    <g type="interpunct">·</g>
                    <num value="3">III</num>
                    <g type="interpunct">·</g>
                    <expan>
                        <abbr>dieb</abbr>
                        <ex>us</ex>
                    </expan>
                    <g type="interpunct">·</g>
                    <num value="21">XXI</num>
                    <g type="interpunct">·</g>
                    <lb n="4"/>
                    parentes fecerunt
                </ab>
            </div>
            <div type="apparatus">
                <p><!--external apparatus criticus (if applicable)--></p>
            </div>
            <div type="translation" xml:lang="en" resp="#JP">
                <p>Sacred to the spirits of the underworld. Tyche lived for 14 years, 3 months, 21 days. Her parents
                    made this.
                </p>
            </div>
            <div type="translation" xml:lang="it" resp="#SA">
                <p>Sacro agli Dei Mani. Tyche visse 14 anni, 3 mesi, 21 giorni. I suoi genitori lo costruirono.</p>
            </div>
            <div type="commentary" xml:lang="en">
                <p>The name Tyche is a Greek name meaning ‘(good) fortune’. The act of funerary commemoration in an
                    epitaph reflects the values of society: Tyche was approaching the typical age at which young women
                    would be likely to get married (late teens), and so the decision to erect an epitaph makes clear not
                    only the grief but the disappointed hopes of the parents - the precision of age, which may or may
                    not be genuine, serves to emphasise the loss.
                </p>
            </div>
            <div type="bibliography">
                <listBibl type="edition">
                    <bibl type="corpus" n="CIL">
                        <citedRange>
                            <ref target="http://arachne.uni-koeln.de/item/buchseite/650762">10.7096</ref>
                        </citedRange>
                        <ptr target="https://www.zotero.org/groups/382445/items/GQN8UZSI"/>
                    </bibl>
                    <bibl type="corpus" n="IMusCatania">
                        <citedRange>138</citedRange>
                        <ptr target="https://www.zotero.org/groups/382445/items/2EUC82DH"/>
                    </bibl>
                    <bibl/>
                </listBibl>
	   <listBibl type="discussion"><bibl/></listBibl>
            </div>
        </body>
    </text>
</TEI>