<?xml version="1.0" encoding="UTF-8"?>
<?xml-model href="http://www.stoa.org/epidoc/schema/latest/tei-epidoc.rng" type="application/xml" schematypens="http://relaxng.org/ns/structure/1.0"?>
<?xml-model href="../schematron/ircyr-checking.sch" schematypens="http://purl.oclc.org/dsdl/schematron"?>                                                
<TEI xmlns="http://www.tei-c.org/ns/1.0" xml:lang="en">
    <teiHeader>
        <fileDesc>
            <titleStmt>
                <title>I.Sicily inscription 0084</title>
                <editor ref="#JP">Jonathan Prag</editor>
                <principal ref="#JP">Jonathan Prag</principal>
                <funder>John Fell OUP Research Fund</funder>
	   <funder><ref target="https://cordis.europa.eu/project/id/885040">ERC Advanced Grant no.885040</ref></funder>
                <respStmt>
                    <name xml:id="JP" ref="http://orcid.org/0000-0003-3819-8537">Jonathan Prag</name>
                    <resp>original data collection and editing</resp>
                </respStmt>
                <respStmt>
                    <name xml:id="JCu" ref="http://orcid.org/0000-0002-6686-3728">James Cummings</name>
                    <resp>conversion to EpiDoc</resp>
                </respStmt>
                <respStmt>
                    <name xml:id="JCh" ref="http://orcid.org/0000-0001-6823-0265">James Chartrand</name>
                    <resp>site construction and encoding</resp>
                </respStmt>
                <respStmt>
                    <name xml:id="VV" ref="http://orcid.org/0000-0002-9695-0240">Valeria Vitale</name>
                    <resp>editing of geo data</resp>
                </respStmt>
                <respStmt>
                    <name xml:id="MM">Michael Metcalfe</name>
                    <resp>museum data collection</resp>
                </respStmt>
	    <respStmt>
     	       <name xml:id="SS" ref="https://orcid.org/0000-0003-3914-9569">Simona Stoyanova</name>
     	       <resp>standardisation of template and tidying up encoding</resp>
 	   </respStmt>
	    <respStmt>
                    <name xml:id="system">system</name>
                    <resp>automated or batch processes</resp>
                </respStmt>
            </titleStmt>
            <publicationStmt>
                <authority>I.Sicily</authority>
                <idno type="filename">ISic0084</idno>
                <idno type="TM">491827</idno>
                <idno type="EDR">137600</idno>
                <idno type="EDH"/>
                <idno type="EDCS">22100031</idno>
                <idno type="PHI"/>
                <idno type="URI">http://sicily.classics.ox.ac.uk/inscription/ISic0084</idno>
                <idno type="DOI" when="2020-12-17">10.5281/zenodo.4334067</idno>
                <availability>
                    <licence target="http://creativecommons.org/licenses/by/4.0/">Licensed under a Creative
                        Commons-Attribution 4.0 licence.
                    </licence>
                </availability>
            </publicationStmt>
            <sourceDesc>
                <msDesc>
                    <msIdentifier>
                        <country>Italy</country>
                        <region>Sicily</region>
                        <settlement>Palermo</settlement>
                        <repository role="museum" ref="http://sicily.classics.ox.ac.uk/museum/064">Museo Archeologico Regionale Antonino Salinas</repository>
                        <idno type="inventory">3537</idno>
                        <!--Adding location for old id numbers if available-->
                        <altIdentifier>
                            <settlement/>
                            <repository/>
                            <idno type="old"/>
                        </altIdentifier>
                    </msIdentifier>
                    <msContents>
                        <textLang mainLang="la">Latin</textLang>
                    </msContents>
                    <physDesc>
                        <objectDesc>
                            <supportDesc>
                                <support>
                                    <material key="marble" ref="http://www.eagle-network.eu/voc/material/lod/48.html">marble</material>
                                    <objectType key="plaque" ref="http://www.eagle-network.eu/voc/objtyp/lod/259.html">plaque</objectType>
                                    <dimensions><!--from I Palermo-->
                                        <height unit="cm">34</height>
                                        <width unit="cm">45</width>
                                        <depth unit="cm">7.5</depth>
                                    </dimensions>
                                </support>
                                <condition/>
		    </supportDesc>
                            <layoutDesc>
                                <layout>
                                    <rs type="execution" ref="http://www.eagle-network.eu/voc/writing/lod/1">Engraved
                                    </rs>
                                </layout>
                            </layoutDesc>
                        </objectDesc>
                        <handDesc>
                            <handNote><!--Default value and requires editing-->
                                <locus from="line1" to="line1">Line 1</locus>
                                <dimensions type="letterHeight">
                                    <height unit="mm"/>
                                </dimensions>
                                <locus from="line1" to="line2">Interlineation line 1 to 2</locus>
                                <dimensions type="interlinear">
                                    <height unit="mm"/>
                                </dimensions>
                            </handNote>
                        </handDesc>
                    </physDesc>
                    <history>
                        <origin>
                            <origPlace>
                                <placeName type="ancient" ref="http://pleiades.stoa.org/places/462410">Panhormus</placeName>		
                                <placeName type="modern" ref="http://sws.geonames.org/2523920">Palermo</placeName>
                            	<geo>38.13205, 13.33561</geo>
		</origPlace>
                            <origDate datingMethod="#julian" notBefore-custom="0602" notAfter-custom="0603">602 AD</origDate>
                        </origin>
                        <provenance type="found"/>
                        <provenance type="observed" subtype="autopsied">No Autopsy</provenance>
                        <acquisition>Palermo, Museo Archeologico Regionale Antonino Salinas no. 3537</acquisition>
                    </history>
                </msDesc>
            </sourceDesc>
        </fileDesc>
        <profileDesc>
            <calendarDesc>
                <calendar xml:id="julian">
                    <p>Julian Calendar</p>
                </calendar>
            </calendarDesc>
            <langUsage>
                <language ident="en">English</language>
                <language ident="it">Italian</language>
                <language ident="grc">Ancient Greek</language>
                <language ident="la">Latin</language>
                <language ident="he">Hebrew</language>
                <language ident="phn">Phoenician</language>
                <language ident="xpu">Punic</language>
                <language ident="osc">Oscan</language>
                <language ident="xly">Elymian</language>
                <language ident="scx">Sikel</language>
                <language ident="sxc">Sikan</language>
            </langUsage>
            <textClass>
                <keywords scheme="http://www.eagle-network.eu/voc/typeins.html">
                    <term key="funerary" ref="http://www.eagle-network.eu/voc/typeins/lod/92.html">funerary</term>
                </keywords>
            </textClass>
        </profileDesc>
        <revisionDesc status="draft">
            <listChange>
                <change when="2016-12-03" who="#JCu">James Cummings autogenerated EpiDoc output from database</change>
                <change when="2020-08-18" who="#JP">Jonathan Prag made initial revision of EpiDoc from IMusPal</change>
            	   <change when="2020-10-05" who="#SS">Simona Stoyanova normalised Unicode</change>
            	   <change when="2020-10-08" who="#SS">Simona Stoyanova updated list of languages</change>
            	<change when="2020-11-20" who="#SS">Simona Stoyanova added EDCS numbers</change>
		<change when="2020-11-26" who="#SS">Simona Stoyanova restructured bibliography</change>
	    <change when="2020-12-17" who="#system">Updated Zenodo DOI</change>
            </listChange>
        </revisionDesc>
    </teiHeader>
    <facsimile>
        <surface/>
        <!--delete empty surface above and uncomment template below if needed-->
        <!--
  <surface type="front">
    <graphic n="screen" url="{concat('ISic', $num, '_tiled.tif')}"
      height="4912px" width="7360px">
      <desc>Add Description Here</desc>
    </graphic>
    <graphic n="print" url="{concat('ISic', $num, '.jpg')}" height="3680px" width="5520px">
      <desc>Add Description Here</desc>
    </graphic>
  </surface>

    -->
    </facsimile>
    <text>
        <body>
            <div type="edition" xml:space="preserve" xml:lang="la" resp="#JP">
                <ab>
                    <lb n="1"/><g type="crux"/>Hic requiescit in pace
                    <lb n="2"/>Petrus Alexandrinus
                    <lb n="3"/>negotia<supplied reason="omitted">n</supplied>s linatarius
                    <lb n="4"/>qui vixit <expan><abbr>an</abbr><ex>nos</ex></expan> <expan><abbr>pl</abbr><ex>us</ex></expan> <expan><abbr>m</abbr><ex>inus</ex></expan> LX  <expan><abbr>dep</abbr><ex>ositus</ex></expan>
                    <lb n="5"/>sub die XI <expan><abbr>Kal</abbr><ex>endas</ex></expan> Februari
                    <lb n="6" break="no"/>as <expan><abbr>I<hi rend="supraline">mp</hi></abbr><ex>eratore</ex></expan> <expan><abbr>d</abbr><ex>omi</ex><abbr><hi rend="supraline">n</hi></abbr><ex>o</ex></expan> <expan><abbr><hi rend="supraline">n</hi></abbr><ex>ostro</ex></expan> Mauricio
                    <lb n="7"/><expan><abbr>T<hi rend="supraline">ib</hi></abbr><ex>erio</ex></expan> <expan><abbr>p</abbr><ex>er</ex><abbr><hi rend="supraline">p</hi></abbr><ex>etuo</ex></expan> <expan><abbr>A<hi rend="supraline">u</hi>g</abbr><ex>usto</ex></expan>  <expan><abbr><hi rend="supraline">an</hi></abbr><ex>no</ex></expan> XX <expan><abbr><hi rend="supraline">p</hi></abbr><ex>ost</ex></expan> <expan><abbr><hi rend="supraline">c</hi></abbr><ex>onsulatum</ex></expan> eius
                        <lb n="8" break="no"/>dem <expan><abbr>a<hi rend="supraline">n</hi></abbr><ex>no</ex></expan> XVIII <expan><abbr>in<hi rend="intraline">d</hi></abbr><ex>ictione</ex></expan> quinta <g type="hedera"/><g type="hedera"/>
                </ab>
             </div>
            <div type="apparatus">
                <listApp><app><note>Text based upon Bivona, ILMusPal (and photograph) with minor typographic corrections</note></app></listApp>
            </div>
            <div type="translation">
                <p><!--translation(s) - add @xml:lang for 'en' or 'it' to div--></p>
            </div>
            <div type="commentary">
                <p><!--commented out pending revision-->
                    <!--epitaph of Petrus Alexandrinus, a negotias linatarius.--></p>
            </div>
            <div type="bibliography">
                <listBibl type="edition">
                    <bibl type="corpus" n="CIL">
                        <citedRange>
                            <ref target="http://arachne.uni-koeln.de/books/CILv10pII1883">10.7330</ref>
                        </citedRange>
                        <ptr target="https://www.zotero.org/groups/382445/items/GQN8UZSI"/>
                    </bibl>
                    <bibl type="corpus" n="ILMusPalermo">
                        <citedRange>37</citedRange>
                        <ptr target="https://www.zotero.org/groups/382445/items/FZWWPUD6"/>
                    </bibl>
                    <bibl>
                        <author>Agnello</author>
                        <date>1953</date>
                        <citedRange>no.99</citedRange>
                        <ptr target="https://www.zotero.org/groups/382445/items/D9BZFDDR"/>
                    </bibl>
                </listBibl>
	   <listBibl type="discussion"><bibl/></listBibl>
            </div>
        </body>
    </text>
</TEI>