<?xml version="1.0" encoding="UTF-8"?>
<?xml-model href="http://www.stoa.org/epidoc/schema/latest/tei-epidoc.rng" type="application/xml" schematypens="http://relaxng.org/ns/structure/1.0"?>
<?xml-model href="../schematron/ircyr-checking.sch" schematypens="http://purl.oclc.org/dsdl/schematron"?>                                                
<TEI xmlns="http://www.tei-c.org/ns/1.0" xml:lang="en">
    <teiHeader>
        <fileDesc>
            <titleStmt>
                <title>I.Sicily inscription 0452</title>
                <editor ref="#JP">Jonathan Prag</editor>
                <principal ref="#JP">Jonathan Prag</principal>
                <funder>John Fell OUP Research Fund</funder>
	   <funder><ref target="https://cordis.europa.eu/project/id/885040">ERC Advanced Grant no.885040</ref></funder>
                <respStmt>
                    <name xml:id="JP" ref="http://orcid.org/0000-0003-3819-8537">Jonathan Prag</name>
                    <resp>original data collection and editing</resp>
                </respStmt>
                <respStmt>
                    <name xml:id="JCu" ref="http://orcid.org/0000-0002-6686-3728">James Cummings</name>
                    <resp>conversion to EpiDoc</resp>
                </respStmt>
                <respStmt>
                    <name xml:id="JCh" ref="http://orcid.org/0000-0001-6823-0265">James Chartrand</name>
                    <resp>site construction and encoding</resp>
                </respStmt>
                <respStmt>
                    <name xml:id="VV" ref="http://orcid.org/0000-0002-9695-0240">Valeria Vitale</name>
                    <resp>editing of geo data</resp>
                </respStmt>
                <respStmt>
                    <name xml:id="MM">Michael Metcalfe</name>
                    <resp>museum data collection</resp>
                </respStmt>
                <respStmt>
                    <name xml:id="TA" ref="https://orcid.org/0000-0001-8417-7089">Tuuli Ahlholm</name>
                    <resp>EpiDoc editing</resp>
                </respStmt>
	    <respStmt>
     	       <name xml:id="SS" ref="https://orcid.org/0000-0003-3914-9569">Simona Stoyanova</name>
     	       <resp>standardisation of template and tidying up encoding</resp>
 	   </respStmt>
	    <respStmt>
                    <name xml:id="system">system</name>
                    <resp>automated or batch processes</resp>
                </respStmt>
            </titleStmt>
            <publicationStmt>
                <authority>I.Sicily</authority>
                <idno type="filename">ISic0452</idno>
                <idno type="TM">491680</idno>
                <idno type="EDR"/>
                <idno type="EDH"/>
                <idno type="EDCS">21900514</idno>
                <idno type="PHI"/>
                <idno type="URI">http://sicily.classics.ox.ac.uk/inscription/ISic0452</idno>
                <idno type="DOI" when="2020-12-17">10.5281/zenodo.4337479</idno>
                <availability>
                    <licence target="http://creativecommons.org/licenses/by/4.0/">Licensed under a Creative
                        Commons-Attribution 4.0 licence.
                    </licence>
                </availability>
            </publicationStmt>
            <sourceDesc>
                <msDesc>
                    <msIdentifier>
                        <country>Italy</country>
                        <region>Sicily</region>
                        <settlement>Palermo</settlement>
                        <repository role="museum" ref="http://sicily.classics.ox.ac.uk/museum/064">Museo Archeologico
                            Regionale Antonino Salinas
                        </repository>
                        <idno type="inventory">3868</idno>
                         <altIdentifier>
                            <settlement/>
                            <repository role="museum">Museo Astuto</repository>
                            <idno type="old">260</idno>
                        </altIdentifier>
                    </msIdentifier>
                    <msContents>
                        <textLang mainLang="la">Latin</textLang>
                    </msContents>
                    <physDesc>
                        <objectDesc>
                            <supportDesc>
                                <support>
                                    <material key="marble" ref="http://www.eagle-network.eu/voc/material/lod/48.html">
                                        marble
                                    </material>
                                    <objectType key="tabula" ref="http://www.eagle-network.eu/voc/objtyp/lod/257">tablet</objectType>
                                    <dimensions><!--Bivona-->
                                        <height unit="cm">37.5</height>
                                        <width unit="cm">118</width>
                                        <depth unit="cm">4</depth>
                                    </dimensions>
                                </support>
                                <condition/>
		    </supportDesc>
                            <layoutDesc>
                                <layout>
                                    <rs type="execution" ref="http://www.eagle-network.eu/voc/writing/lod/1">Engraved
                                    </rs>
                                </layout>
                            </layoutDesc>
                        </objectDesc>
                        <handDesc>
                            <handNote><!--Default value and requires editing-->
                                <locus from="line1" to="line1">Line 1</locus>
                                <dimensions type="letterHeight">
                                    <height unit="mm"/>
                                </dimensions>
                                <locus from="line1" to="line2">Interlineation line 1 to 2</locus>
                                <dimensions type="interlinear">
                                    <height unit="mm"/>
                                </dimensions>
                            </handNote>
                        </handDesc>
                    </physDesc>
                    <history>
                        <origin>
                            <origPlace>
                                <placeName type="ancient" ref="http://pleiades.stoa.org/places/423025">Roma</placeName>		
                                <placeName type="modern" ref="http://sws.geonames.org/3169071">Rome</placeName>
                            	<geo>41.891775, 12.486136</geo>
		</origPlace>
                            <origDate datingMethod="#julian" notBefore-custom="0200" notAfter-custom="0600" cert="low">Christian</origDate>
                        </origin>
                        <provenance type="found"/>
                        <provenance type="observed" subtype="autopsied">No Autopsy</provenance>
                        <acquisition>Palermo, Museo Archeologico Regionale Antonino Salinas no. 3868</acquisition>
                    </history>
                </msDesc>
            </sourceDesc>
        </fileDesc>
        <profileDesc>
            <calendarDesc>
                <calendar xml:id="julian">
                    <p>Julian Calendar</p>
                </calendar>
            </calendarDesc>
            <langUsage>
                <language ident="en">English</language>
                <language ident="it">Italian</language>
                <language ident="grc">Ancient Greek</language>
                <language ident="la">Latin</language>
                <language ident="he">Hebrew</language>
                <language ident="phn">Phoenician</language>
                <language ident="xpu">Punic</language>
                <language ident="osc">Oscan</language>
                <language ident="xly">Elymian</language>
                <language ident="scx">Sikel</language>
                <language ident="sxc">Sikan</language>
            </langUsage>
            <textClass>
                <keywords scheme="http://www.eagle-network.eu/voc/typeins.html">
                    <term key="funerary" ref="http://www.eagle-network.eu/voc/typeins/lod/92.html">funerary</term>
                </keywords>
            </textClass>
        </profileDesc>
        <revisionDesc status="draft">
            <listChange>
                <change when="2016-12-03" who="#JCu">James Cummings autogenerated EpiDoc output from database</change>
                <change when="2018-02-16" who="#TA"> Tuuli Ahlholm revised the Epidoc, encoded the text and added translation.</change>
                <change when="2018-02-20" who="#JP">Jonathan Prag made further revision based upon Bivona</change>
            	   <change when="2020-10-05" who="#SS">Simona Stoyanova normalised Unicode</change>
            	   <change when="2020-10-08" who="#SS">Simona Stoyanova updated list of languages</change>
            	<change when="2020-11-20" who="#SS">Simona Stoyanova added EDCS numbers</change>
		<change when="2020-11-26" who="#SS">Simona Stoyanova restructured bibliography</change>
	    <change when="2020-12-17" who="#system">Updated Zenodo DOI</change>
            </listChange>
        </revisionDesc>
    </teiHeader>
    <facsimile>
        <surface/>
        <!--delete empty surface above and uncomment template below if needed-->
        <!--
  <surface type="front">
    <graphic n="screen" url="{concat('ISic', $num, '_tiled.tif')}"
      height="4912px" width="7360px">
      <desc>Add Description Here</desc>
    </graphic>
    <graphic n="print" url="{concat('ISic', $num, '.jpg')}" height="3680px" width="5520px">
      <desc>Add Description Here</desc>
    </graphic>
  </surface>

    -->
    </facsimile>
    <text>
        <body>
            <div type="edition" xml:space="preserve" xml:lang="la">
                <ab>
                    <lb n="1"/>Florentina <g type="interpunct">·</g> pia <g type="interpunct">·</g> bona <g type="interpunct">·</g> <choice><orig>crestiana</orig><reg>christiana</reg></choice>
                    <lb n="2"/>dulcissimae <choice><reg>coniugi</reg><orig>coiugi</orig></choice> ego Maius fec<supplied reason="lost">i</supplied>
                    <lb n="3"/>que <g type="interpunct">·</g> vixit <g type="interpunct">·</g> mecum <expan><abbr>a<am> <g type="interpunct">·</g> </am>n</abbr><ex>nis</ex></expan> <g type="interpunct">·</g> <num value="23">XXIII</num> <g type="interpunct">·</g> <expan><abbr>me</abbr><ex>nsibus</ex></expan> <num value="4">IIII</num> <g type="interpunct">·</g> <expan><abbr>di</abbr><ex>ebus</ex></expan> <g type="interpunct">·</g> <num value="5">V</num>
                    <lb n="4"/><choice><reg>sine</reg><orig>sene</orig></choice> <g type="interpunct">·</g> <choice><orig>nula</orig><reg>nulla</reg></choice> <choice><orig>querela</orig><reg>querella</reg></choice> <g type="interpunct">·</g> <choice><orig>seper</orig><reg>semper</reg></choice> <g type="interpunct">·</g> in <choice><reg>pace</reg><orig>pake</orig></choice> 
                    <lb n="5"/><expan><abbr>dep</abbr><ex>osita</ex></expan> <expan><abbr>non</abbr><ex>is</ex></expan> <g type="interpunct">·</g> <expan><abbr>Iun</abbr><ex>iis</ex></expan> 
                </ab>
            </div>
            <div type="apparatus">
                <listApp><app><note>Text of Bivona</note></app></listApp>
            </div>
            <div type="translation" xml:lang="en" resp="#TA">
                <p>Florentina; pious, good Christian. I, Maius, made (this) for my dearest wife, who lived with me 23 years, 4 months, and 5 days without quarrel, forever in peace. She was laid down on the Nones of June</p>
            </div>
            <div type="commentary">
                <p>Ferrua believed this to be a later copy of a Roman (Urban) original</p>
            </div>
            <div type="bibliography">
                <listBibl type="edition">
                    <bibl type="corpus" n="CIL">
                        <citedRange>
                            <ref target="http://arachne.uni-koeln.de/item/buchseite/650769">10.7173</ref>
                        </citedRange>
                        <ptr target="https://www.zotero.org/groups/382445/items/GQN8UZSI"/>
                    </bibl>
                    <bibl type="corpus" n="ILMusPalermo">
                        <citedRange>368</citedRange>
                        <ptr target="https://www.zotero.org/groups/382445/items/FZWWPUD6"/>
                    </bibl>
                    <bibl type="bulletin" n="AE">
                          <citedRange>1948.0171</citedRange>
                        <ptr target="https://www.zotero.org/groups/isicily/items/R46KDTZX"/>
                    </bibl>
                    <!-- check Ferrua RAC 1940 p.278 -->
                </listBibl>
	   <listBibl type="discussion"><bibl/></listBibl>
            </div>
        </body>
    </text>
</TEI>