<?xml version="1.0" encoding="UTF-8"?>
<?xml-model href="http://www.stoa.org/epidoc/schema/latest/tei-epidoc.rng" type="application/xml" schematypens="http://relaxng.org/ns/structure/1.0"?>
<?xml-model href="../schematron/ircyr-checking.sch" schematypens="http://purl.oclc.org/dsdl/schematron"?>                                                
<TEI xmlns="http://www.tei-c.org/ns/1.0" xml:lang="en">
    <teiHeader>
        <fileDesc>
            <titleStmt>
                <title>I.Sicily inscription 0114</title>
                <editor ref="#JP">Jonathan Prag</editor>
                <principal ref="#JP">Jonathan Prag</principal>
                <funder>John Fell OUP Research Fund</funder>
	   <funder><ref target="https://cordis.europa.eu/project/id/885040">ERC Advanced Grant no.885040</ref></funder>
                <respStmt>
                    <name xml:id="JP" ref="http://orcid.org/0000-0003-3819-8537">Jonathan Prag</name>
                    <resp>original data collection and editing</resp>
                </respStmt>
                <respStmt>
                    <name xml:id="JCu" ref="http://orcid.org/0000-0002-6686-3728">James Cummings</name>
                    <resp>conversion to EpiDoc</resp>
                </respStmt>
                <respStmt>
                    <name xml:id="JCh" ref="http://orcid.org/0000-0001-6823-0265">James Chartrand</name>
                    <resp>site construction and encoding</resp>
                </respStmt>
                <respStmt>
                    <name xml:id="VV" ref="http://orcid.org/0000-0002-9695-0240">Valeria Vitale</name>
                    <resp>editing of geo data</resp>
                </respStmt>
                <respStmt>
                    <name xml:id="MM">Michael Metcalfe</name>
                    <resp>museum data collection</resp>
                </respStmt>
                <respStmt>
                    <name xml:id="TA" ref="https://orcid.org/0000-0001-8417-7089">Tuuli Ahlholm</name>
                    <resp>EpiDoc editing</resp>
                </respStmt>
	    <respStmt>
     	       <name xml:id="SS" ref="https://orcid.org/0000-0003-3914-9569">Simona Stoyanova</name>
     	       <resp>standardisation of template and tidying up encoding</resp>
 	   </respStmt>
	    <respStmt>
                    <name xml:id="system">system</name>
                    <resp>automated or batch processes</resp>
                </respStmt>
            </titleStmt>
            <publicationStmt>
                <authority>I.Sicily</authority>
                <idno type="filename">ISic0114</idno>
                <idno type="TM">285317</idno>
                <idno type="EDR">127537</idno>
                <idno type="EDH"/>
                <idno type="EDCS">22100064</idno>
                <idno type="PHI"/>
                <idno type="URI">http://sicily.classics.ox.ac.uk/inscription/ISic0114</idno>
                <idno type="DOI" when="2020-12-11">10.5281/zenodo.4316591</idno>
                <idno type="URI">http://sicily.classics.ox.ac.uk/inscription/ISic0114</idno>
                <idno type="DOI" when="2020-12-17">10.5281/zenodo.4334184</idno>
                <availability>
                    <licence target="http://creativecommons.org/licenses/by/4.0/">Licensed under a Creative
                        Commons-Attribution 4.0 licence.
                    </licence>
                </availability>
            </publicationStmt>
            <sourceDesc>
                <msDesc>
                    <msIdentifier>
                        <country>Italy</country>
                        <region>Sicily</region>
                        <settlement>Termini Imerese</settlement>
                        <repository role="museum" ref="http://sicily.classics.ox.ac.uk/museum/066">Museo Civico Baldassare Romano</repository>
                        <idno type="inventory">102</idno>
                        <!--Adding location for old id numbers if available-->
                        <altIdentifier>
                            <settlement/>
                            <repository/>
                            <idno type="old"/>
                        </altIdentifier>
                    </msIdentifier>
                    <msContents>
                        <textLang mainLang="la">Latin</textLang>
                    </msContents>
                    <physDesc>
                        <objectDesc>
                            <supportDesc>
                                <support><p>A thick, pinkish limestone plaque, intact on all sides but with the face damaged on the left, upper and right edges (later re-working?), and the lower right corner</p>
                                    <material key="limestone" ref="http://www.eagle-network.eu/voc/material/lod/66.html">limestone</material>
                                    <objectType key="plaque" ref="http://www.eagle-network.eu/voc/objtyp/lod/259.html">plaque</objectType>
                                    <dimensions><!--from ILTermini-->
                                        <height unit="cm">21</height>
                                        <width unit="cm">29.5</width>
                                        <depth unit="cm">9</depth>
                                    </dimensions>
                                </support>
                                <condition/>
		    </supportDesc>
                            <layoutDesc>
                                <layout><p>Three lines of Latin text, approximately centred and with a vacat below</p>
                                    <rs type="execution" ref="http://www.eagle-network.eu/voc/writing/lod/1">Engraved</rs>
                                </layout>
                            </layoutDesc>
                        </objectDesc>
                        <handDesc>
                            <handNote><p>Neat thinly cut  letters mostly without substantial serifs/terminations to the strokes. Letters are somewhat irregular both in height and width. A has horizontal bar which does not fully intersect the diagonals; B has rounded eyes, not closed, and the upper is smaller; E has equal horizontal strokes; G has vertical tail stroke; O is variable in dimensions; P has rounded open head; R is lcosd, with full tail. Small triangular interpunct in line 1.</p>
                                <locus from="line1" to="line3">Line 1-3</locus>
                                <dimensions type="letterHeight">
                                    <height unit="mm">32-40</height>
                                </dimensions>
                                <locus from="line1" to="line2">Interlineation line 1 to 2</locus>
                                <dimensions type="interlinear">
                                    <height unit="mm">not recorded</height>
                                </dimensions>
                            </handNote>
                        </handDesc>
                    </physDesc>
                    <history>
                        <origin>
                            <origPlace>
                                <placeName type="ancient" ref="http://pleiades.stoa.org/places/462513" cert="low">Thermae Himeraeae</placeName>		
                                <placeName type="modern" ref="http://sws.geonames.org/6539140">Termini Imerese</placeName>
                            	<geo>37.98365, 13.69555</geo>
		</origPlace>
                            <origDate datingMethod="#julian" notBefore-custom="0001" notAfter-custom="0300">Imperial</origDate>
                        </origin>
                        <provenance type="found">Original details of discovery not recorded; first attested in Termini</provenance>
                        <provenance type="observed" subtype="autopsied">Photographed 2018-07-10</provenance>
                        <acquisition>Termini Imerese, Museo Civico Baldassare Romano no. 102</acquisition>
                    </history>
                </msDesc>
            </sourceDesc>
        </fileDesc>
        <profileDesc>
            <calendarDesc>
                <calendar xml:id="julian">
                    <p>Julian Calendar</p>
                </calendar>
            </calendarDesc>
            <langUsage>
                <language ident="en">English</language>
                <language ident="it">Italian</language>
                <language ident="grc">Ancient Greek</language>
                <language ident="la">Latin</language>
                <language ident="he">Hebrew</language>
                <language ident="phn">Phoenician</language>
                <language ident="xpu">Punic</language>
                <language ident="osc">Oscan</language>
                <language ident="xly">Elymian</language>
                <language ident="scx">Sikel</language>
                <language ident="sxc">Sikan</language>
            </langUsage>
            <textClass>
                <keywords scheme="http://www.eagle-network.eu/voc/typeins.html">
                    <term key="funerary" ref="http://www.eagle-network.eu/voc/typeins/lod/92.html">funerary</term>
                </keywords>
            </textClass>
        </profileDesc>
        <revisionDesc status="draft">
            <listChange>
                <change when="2016-12-03" who="#JCu">James Cummings autogenerated EpiDoc output from database</change>
                <change when="2019-01-18" who="#TA">Tuuli Ahlholm cleaned up the autogenerated text and added an apparatus, translation and some commentary</change>
                <change when="2020-09-10" who="#JP">Jonathan Prag further revised EpiDoc from ILTermini and added bibl ref</change>
            	   <change when="2020-10-05" who="#SS">Simona Stoyanova normalised Unicode</change>
            	   <change when="2020-10-08" who="#SS">Simona Stoyanova updated list of languages</change>
            	<change when="2020-11-20" who="#SS">Simona Stoyanova added EDCS numbers</change>
	<change when="2020-11-26" who="#SS">Simona Stoyanova restructured bibliography</change>
                <change when="2020-12-10" who="#JP">Jonathan Prag edited file from publication and photograph</change>
	    <change when="2020-12-11" who="#system">Updated Zenodo DOI</change>
                <change when="2020-12-17" who="#system">Updated Zenodo DOI</change>
            </listChange>
        </revisionDesc>
    </teiHeader>
    <facsimile>
        <surface type="front">
            <graphic n="screen" url="ISic0114_tiled.tif" height="3680px" width="5520px">
                <desc>Photo J. Prag, courtesy Museo Civico Baldassare Romano, Termini Imerese</desc>
            </graphic>
            <graphic n="print" url="ISic0114.jpg" height="3680px" width="5520px">
                <desc>Photo J. Prag, courtesy Museo Civico Baldassare Romano, Termini Imerese</desc>
            </graphic>
            <graphic n="screen" url="ISic0114_scale_tiled.tif" height="3680px" width="5520px">
                <desc>Photo J. Prag, courtesy Museo Civico Baldassare Romano, Termini Imerese</desc>
            </graphic>
            <graphic n="print" url="ISic0114_scale.jpg" height="3680px" width="5520px">
                <desc>Photo J. Prag, courtesy Museo Civico Baldassare Romano, Termini Imerese</desc>
            </graphic>
            <graphic n="screen" url="ISic0114_leftthreequarter_tiled.tif" height="3680px" width="5520px">
                <desc>Photo J. Prag, courtesy Museo Civico Baldassare Romano, Termini Imerese</desc>
            </graphic>
            <graphic n="print" url="ISic0114_leftthreequarter.jpg" height="3680px" width="5520px">
                <desc>Photo J. Prag, courtesy Museo Civico Baldassare Romano, Termini Imerese</desc>
            </graphic>
        </surface>
    </facsimile>
    <text>
        <body>
            <div type="edition" xml:space="preserve" xml:lang="la" resp="#TA">
                <ab>
                    <lb n="1"/><expan><abbr>P</abbr><ex>ublio</ex></expan> <g type="interpunct">·</g>  Antonio <expan><abbr><unclear>P</unclear></abbr><ex>ublio</ex></expan> <supplied reason="lost" cert="low"><expan><abbr>l</abbr><ex>iberto</ex></expan></supplied>
                    <lb n="2"/>Psorioni
                    <lb n="3"/><foreign xml:lang="grc-Latn">ergolabo</foreign>
                </ab>
            </div>
            <div type="apparatus">
                <listApp>
                    <app><note>Text of ILTermini</note></app>
                </listApp>
            </div>
            <div type="translation" xml:lang="en" resp="#TA">
                <p>To Publius Antonius Psorion, (freedman?) of Publius, a contractor.</p>
            </div>
            <div type="commentary">
                <p>The term 'ergolabus', a transliteration of the Greek ἐργόλαβος is possibly unique in Latin (instead of redemptor); the Greek term is occasionally attested.</p>
            </div>
            <div type="bibliography">
                <listBibl type="edition">
                    <bibl type="corpus" n="CIL">
                        <citedRange>
                            <ref target="http://arachne.uni-koeln.de/item/buchseite/650797">10.7363</ref>
                        </citedRange>
                        <ptr target="https://www.zotero.org/groups/382445/items/GQN8UZSI"/>
                    </bibl>
                    <bibl type="corpus" n="ILMusTermini">
                        <citedRange>32</citedRange>
                        <ptr target="https://www.zotero.org/groups/382445/items/JCV85C79"/>
                    </bibl>
                   <bibl>
                        <author>Rizzo</author>
                        <date>1989</date>
                        <citedRange>73 no.43</citedRange>
                        <ptr target="http://zotero.org/groups/382445/items/K83EWCEC"/>
                    </bibl>
                </listBibl>
	   <listBibl type="discussion">
	       <bibl>
	           <author>Manganaro</author>
	           <date>1988</date>
	           <citedRange>49 n.244</citedRange>
	           <ptr target="https://www.zotero.org/groups/382445/items/RZSFKACR"/>
	       </bibl>
	   </listBibl>
            </div>
        </body>
    </text>
</TEI>