<?xml version="1.0" encoding="UTF-8"?>
<?xml-model href="http://www.stoa.org/epidoc/schema/latest/tei-epidoc.rng" type="application/xml" schematypens="http://relaxng.org/ns/structure/1.0"?>
<?xml-model href="../schematron/ircyr-checking.sch" schematypens="http://purl.oclc.org/dsdl/schematron"?>                                                
<TEI xmlns="http://www.tei-c.org/ns/1.0" xml:lang="en">
    <teiHeader>
        <fileDesc>
            <titleStmt>
                <title>Epitaph for L. Roscius Rufus</title>
                <editor ref="#JP">Jonathan Prag</editor>
                <principal ref="#JP">Jonathan Prag</principal>
                <funder>John Fell OUP Research Fund</funder>
	   <funder><ref target="https://cordis.europa.eu/project/id/885040">ERC Advanced Grant no.885040</ref></funder>
                <respStmt>
                    <name xml:id="JP" ref="http://orcid.org/0000-0003-3819-8537">Jonathan Prag</name>
                    <resp>original data collection and editing</resp>
                </respStmt>
                <respStmt>
                    <name xml:id="JCu" ref="http://orcid.org/0000-0002-6686-3728">James Cummings</name>
                    <resp>conversion to EpiDoc</resp>
                </respStmt>
                <respStmt>
                    <name xml:id="JCh" ref="http://orcid.org/0000-0001-6823-0265">James Chartrand</name>
                    <resp>site construction and encoding</resp>
                </respStmt>
                <respStmt>
                    <name xml:id="VV" ref="http://orcid.org/0000-0002-9695-0240">Valeria Vitale</name>
                    <resp>editing of geo data</resp>
                </respStmt>
                <respStmt>
                    <name xml:id="MM">Michael Metcalfe</name>
                    <resp>museum data collection</resp>
                </respStmt>
                <respStmt>
                    <name xml:id="TG" ref="http://orcid.org/0000-0001-9859-2494">Tom Gavin</name>
                    <resp>Epidoc encoding</resp>
                </respStmt>
	    <respStmt>
     	       <name xml:id="SS" ref="https://orcid.org/0000-0003-3914-9569">Simona Stoyanova</name>
     	       <resp>standardisation of template and tidying up encoding</resp>
 	   </respStmt>
	    <respStmt>
                    <name xml:id="system">system</name>
                    <resp>automated or batch processes</resp>
                </respStmt>
            </titleStmt>
            <publicationStmt>
                <authority>I.Sicily</authority>
                <idno type="filename">ISic0303</idno>
                <idno type="TM">491513</idno>
                <idno type="EDR">139982</idno>
                <idno type="EDH"/>
                <idno type="EDCS">21900338</idno>
                <idno type="PHI"/>
                <idno type="URI">http://sicily.classics.ox.ac.uk/inscription/ISic0303</idno>
                <idno type="DOI" when="2020-12-17">10.5281/zenodo.4335077</idno>
                <availability>
                    <licence target="http://creativecommons.org/licenses/by/4.0/">Licensed under a Creative
                        Commons-Attribution 4.0 licence.
                    </licence>
                </availability>
            </publicationStmt>
            <sourceDesc>
                <msDesc>
                    <msIdentifier>
                        <country>Italy</country>
                        <region>Sicily</region>
                        <settlement>Catania</settlement>
                        <repository role="museum" ref="http://sicily.classics.ox.ac.uk/museum/018">Museo Civico di Catania
                        </repository>
                        <idno type="inventory">642</idno>
                        <!--Adding location for old id numbers if available-->
                        <altIdentifier>
                            <settlement/>
                            <repository/>
                            <idno type="old"/>
                        </altIdentifier>
                    </msIdentifier>
                    <msContents>
                        <textLang mainLang="la">Latin</textLang>
                    </msContents>
                    <physDesc>
                        <objectDesc>
                            <supportDesc>
                                <support>
                                    <material key="marble" ref="http://www.eagle-network.eu/voc/material/lod/48.html">marble</material>
                                    <objectType key="plaque" ref="http://www.eagle-network.eu/voc/objtyp/lod/259.html">plaque</objectType>
                                    <dimensions><!--Korhonen-->
                                        <height unit="cm">14.5</height>
                                        <width unit="cm">67</width>
                                        <depth unit="cm">2.7-4.8</depth>
                                    </dimensions>
                                </support>
                                <condition/>
		    </supportDesc>
                            <layoutDesc>
                                <layout>
                                    <rs type="execution" ref="http://www.eagle-network.eu/voc/writing/lod/1">Engraved
                                    </rs>
                                </layout>
                            </layoutDesc>
                        </objectDesc>
                        <handDesc>
                            <handNote><!--Korhonen-->
                                <locus from="line1" to="line2">Lines 1-2</locus>
                                <dimensions type="letterHeight">
                                    <height unit="mm">22-28</height>
                                </dimensions>
                                <locus from="line1" to="line2">Interlineation line 1 to 2</locus>
                                <dimensions type="interlinear">
                                    <height unit="mm">not measured</height>
                                </dimensions>
                            </handNote>
                        </handDesc>
                    </physDesc>
                    <history>
                        <origin>
                            <origPlace>
                                <placeName type="ancient" ref="http://pleiades.stoa.org/places/462270">Catina</placeName>		
                                <placeName type="modern" ref="http://sws.geonames.org/2525068">Catania</placeName>
                            	<geo>37.49223, 15.07041</geo>
		</origPlace>
                            <origDate datingMethod="#julian" notBefore-custom="0050" notAfter-custom="0150">Second half C1 or first
                                half C2 AD (Korhonen)
                            </origDate>
                        </origin>
                        <provenance type="found">First recorded in 18th century in re-use 'Nel chiostro dei PP. Domenicani sotto titolo di S. Domenico fuori le mura' (Amico)</provenance>
                        <provenance type="observed" subtype="autopsied">2016.10.14</provenance>
                        <acquisition>Catania, Museo Civico di Catania no. 642</acquisition>
                    </history>
                    <additional>
                        <adminInfo>
                            <note type="location">sala VII.286, mag. sup.</note>
                        </adminInfo>
                    </additional>
                </msDesc>
            </sourceDesc>
        </fileDesc>
        <profileDesc>
            <calendarDesc>
                <calendar xml:id="julian">
                    <p>Julian Calendar</p>
                </calendar>
            </calendarDesc>
            <langUsage>
                <language ident="en">English</language>
                <language ident="it">Italian</language>
                <language ident="grc">Ancient Greek</language>
                <language ident="la">Latin</language>
                <language ident="he">Hebrew</language>
                <language ident="phn">Phoenician</language>
                <language ident="xpu">Punic</language>
                <language ident="osc">Oscan</language>
                <language ident="xly">Elymian</language>
                <language ident="scx">Sikel</language>
                <language ident="sxc">Sikan</language>
            </langUsage>
            <textClass>
                <keywords scheme="http://www.eagle-network.eu/voc/typeins.html">
                    <term key="funerary" ref="http://www.eagle-network.eu/voc/typeins/lod/92.html">funerary</term>
                </keywords>
            </textClass>
        </profileDesc>
        <revisionDesc status="draft">
            <listChange>
                <change when="2016-12-03" who="#JCu">James Cummings autogenerated EpiDoc output from database</change>
                <change when="2018-06-08" who="#TG">Tom Gavin encoded the text</change>
                <change when="2018-12-09" who="#JP">Jonathan Prag revised EpiDoc and added images</change>
            	   <change when="2020-10-05" who="#SS">Simona Stoyanova normalised Unicode</change>
            	   <change when="2020-10-08" who="#SS">Simona Stoyanova updated list of languages</change>
            	<change when="2020-11-20" who="#SS">Simona Stoyanova added EDCS numbers</change>
		<change when="2020-11-26" who="#SS">Simona Stoyanova restructured bibliography</change>
	    <change when="2020-12-17" who="#system">Updated Zenodo DOI</change>
            </listChange>
        </revisionDesc>
    </teiHeader>
    <facsimile>
         <surface type="front">
                <graphic n="screen" url="ISic0303_tiled.tif" height="1787px" width="5520px">
                    <desc>Photo J. Prag, courtesy Museo Civico di Catania</desc>
                 </graphic>
                <graphic n="print" url="ISic0303.jpg" height="1787px" width="5364px">
                        <desc>Photo J. Prag, courtesy Museo Civico di Catania</desc>
                </graphic>
            </surface>
        <surface type="rear">
            <graphic n="screen" url="ISic0303_rear_tiled.tif" height="2069px" width="5520px">
                <desc>Photo J. Prag, courtesy Museo Civico di Catania</desc>
            </graphic>
            <graphic n="print" url="ISic0303_rear.jpg" height="2069px" width="5364px">
                <desc>Photo J. Prag, courtesy Museo Civico di Catania</desc>
            </graphic>
        </surface>
    </facsimile>
    <text>
        <body>
            <div type="edition" xml:space="preserve" xml:lang="la">
                <ab>
                    <lb n="1"/><g type="interpunct">·</g> <expan><abbr>L</abbr><ex>ucio</ex></expan> <g type="interpunct">·</g> Roscio <g type="interpunct">·</g> <expan><abbr>L</abbr><ex>uci</ex></expan> <g type="interpunct">·</g> <expan><abbr>f</abbr><ex>ilio</ex></expan> <g type="interpunct">·</g> <expan><abbr>Quir</abbr><ex>ina</ex></expan> <g type="interpunct">·</g> Rufo <g type="interpunct">·</g> <expan><abbr>pr</abbr><ex>aefecto</ex></expan> <supplied reason="lost"><expan><abbr>coh</abbr><ex>ortis</ex></expan></supplied> <gap reason="lost" extent="unknown" unit="character"/>
                    <lb n="2"/>equitatae <g type="interpunct">·</g> equo <g type="interpunct">·</g> <expan><abbr>pub</abbr><ex>lico</ex></expan> <g type="interpunct">·</g> adlecto <supplied reason="lost" cert="low">in</supplied> <supplied reason="lost"><num value="5">V</num></supplied> <supplied reason="lost">decurias</supplied> <gap reason="lost" extent="unknown" unit="character"/>
                    <lb n="3"/><gap reason="lost" extent="unknown" unit="line"/>
                </ab>
            </div>
            <div type="apparatus">
                <listApp>
                    <app>
                        <note>Text from Korhonen 2004 (supplement to line 2 proposed by Eck)</note>
                    </app>
                </listApp>
            </div>
            <div type="translation">
                <p><!--translation(s) - add @xml:lang for 'en' or 'it' to div--></p>
            </div>
            <div type="commentary">
                <p><!--commented out pending revision-->
                    <!--Two frags: L.Roscio L.f.Quir.Rufo.pr[(aef.coh...) / equitatae.equo.pub.adlecto[- - -. L. Roscius Rufus, found out of original context; Roscii well-attested in Sicily; note Eck ap. Gentili, Catania Antica (1996), p.237, esp. Eck proposes a restoration for the end of line 2 of: adlecto [in V decurias? - - -] followed by Korhonen. Rufus is of equestrian rank, probably born and died in Sicily.--></p>
            </div>
            <div type="bibliography">
                <listBibl type="edition">
                    <bibl type="corpus" n="CIL">
                        <citedRange>
                            <ref target="http://arachne.uni-koeln.de/books/CILv10pII1883">10.7019</ref>
                        </citedRange>
                        <ptr target="https://www.zotero.org/groups/382445/items/GQN8UZSI"/>
                    </bibl>
                    <bibl type="corpus" n="IMusCatania">
                        <citedRange>16</citedRange>
                        <ptr target="https://www.zotero.org/groups/382445/items/2EUC82DH"/>
                    </bibl>
                    <bibl>
                        <author>Eck</author>
                        <date>1996</date>
                        <citedRange>236-237</citedRange>
                        <ptr target="https://www.zotero.org/groups/382445/items/7T8K8ATA"/>
                    </bibl>
                    <bibl>
                        <author>Eck</author>
                        <date>1996</date>
                        <citedRange>117</citedRange>
                        <ptr target="https://www.zotero.org/groups/382445/items/4HE5CIGJ"/>
                    </bibl>
                </listBibl>
	   <listBibl type="discussion"><bibl/></listBibl>
            </div>
        </body>
    </text>
</TEI>