<?xml version="1.0" encoding="UTF-8"?>
<?xml-model href="http://www.stoa.org/epidoc/schema/latest/tei-epidoc.rng" type="application/xml" schematypens="http://relaxng.org/ns/structure/1.0"?>
<?xml-model href="../schematron/ircyr-checking.sch" schematypens="http://purl.oclc.org/dsdl/schematron"?>                                                
<TEI xmlns="http://www.tei-c.org/ns/1.0" xml:lang="en">
    <teiHeader>
        <fileDesc>
            <titleStmt>
                <title>
                    <seg xml:lang="en">Funerary altar for Titus Flavius</seg>
                </title>
                <editor ref="#JP">Jonathan Prag</editor>
                <principal ref="#JP">Jonathan Prag</principal>
                <funder>John Fell OUP Research Fund</funder>
	   <funder><ref target="https://cordis.europa.eu/project/id/885040">ERC Advanced Grant no.885040</ref></funder>
                <respStmt>
                    <name xml:id="JP" ref="http://orcid.org/0000-0003-3819-8537">Jonathan Prag</name>
                    <resp>original data collection and editing</resp>
                </respStmt>
                <respStmt>
                    <name xml:id="JCu" ref="http://orcid.org/0000-0002-6686-3728">James Cummings</name>
                    <resp>conversion to EpiDoc</resp>
                </respStmt>
                <respStmt>
                    <name xml:id="JCh" ref="http://orcid.org/0000-0001-6823-0265">James Chartrand</name>
                    <resp>site construction and encoding</resp>
                </respStmt>
                <respStmt>
                    <name xml:id="VV" ref="http://orcid.org/0000-0002-9695-0240">Valeria Vitale</name>
                    <resp>editing of geo data</resp>
                </respStmt>
                <respStmt>
                    <name xml:id="MM">Michael Metcalfe</name>
                    <resp>museum data collection</resp>
                </respStmt>
                <respStmt>
                    <name xml:id="SA">Serena Agodi</name>
                    <resp>Italian translation</resp>
                </respStmt>
	    <respStmt>
     	       <name xml:id="SS" ref="https://orcid.org/0000-0003-3914-9569">Simona Stoyanova</name>
     	       <resp>standardisation of template and tidying up encoding</resp>
 	   </respStmt>
	    <respStmt>
                    <name xml:id="system">system</name>
                    <resp>automated or batch processes</resp>
                </respStmt>
            </titleStmt>
            <publicationStmt>
                <authority>I.Sicily</authority>
                <idno type="filename">ISic0352</idno>
                <idno type="TM">491561</idno>
                <idno type="EDR">139603</idno>
                <idno type="EDH"/>
                <idno type="EDCS">21900390</idno>
                <idno type="PHI"/>
                <idno type="URI">http://sicily.classics.ox.ac.uk/inscription/ISic0352</idno>
                <idno type="DOI" when="2020-12-17">10.5281/zenodo.4335470</idno>
                <availability>
                    <licence target="http://creativecommons.org/licenses/by/4.0/">Licensed under a Creative
                        Commons-Attribution 4.0 licence.
                    </licence>
                </availability>
            </publicationStmt>
            <sourceDesc>
                <msDesc>
                    <msIdentifier>
                        <country>Italy</country>
                        <region>Sicily</region>
                        <settlement>Catania</settlement>
                        <repository role="museum" ref="http://sicily.classics.ox.ac.uk/museum/018">Museo Civico di
                            Catania
                        </repository>
                        <idno type="inventory">1337</idno>
                        <altIdentifier>
                            <settlement/>
                            <repository/>
                            <idno type="old"/>
                        </altIdentifier>
                    </msIdentifier>
                    <msContents>
                        <textLang mainLang="la">
                            <seg xml:lang="en">Latin</seg>
                        </textLang>
                    </msContents>
                    <physDesc>
                        <objectDesc>
                            <supportDesc>
                                <support>
                                    <material key="volcanic" ref="http://www.eagle-network.eu/voc/material/lod/28.html">
                                        <seg xml:lang="en">volcanic</seg>
                                    </material>
                                    <objectType key="altar" ref="http://www.eagle-network.eu/voc/objtyp/lod/29.html">
                                        <seg xml:lang="en">altar</seg>
                                    </objectType>
                                    <p>
                                        <seg xml:lang="en"/>
                                    </p>
                                    <dimensions>
                                        <height unit="cm"/>
                                        <width unit="cm"/>
                                        <depth unit="cm"/>
                                    </dimensions>
                                </support>
                                <condition/>
		    </supportDesc>
                            <layoutDesc>
                                <layout>
                                    <rs type="execution" ref="http://www.eagle-network.eu/voc/writing/lod/1">
                                        <seg xml:lang="en">Engraved</seg>
                                    </rs>
                                </layout>
                            </layoutDesc>
                        </objectDesc>
                        <handDesc>
                            <handNote>
                                <locus from="line1" to="line1">Line 1</locus>
                                <dimensions type="letterHeight">
                                    <height unit="mm"/>
                                </dimensions>
                                <locus from="line1" to="line2">Interlineation line 1 to 2</locus>
                                <dimensions type="interlinear">
                                    <height unit="mm"/>
                                </dimensions>
                            </handNote>
                        </handDesc>
                    </physDesc>
                    <history>
                        <origin>
                            <origPlace>
                                <placeName type="ancient" ref="http://pleiades.stoa.org/places/462270">Catina</placeName>		
                                <placeName type="modern" ref="http://sws.geonames.org/2525068">Catania</placeName>
                            	<geo>37.49223, 15.07041</geo>
		</origPlace>
                            <origDate datingMethod="#julian" notBefore-custom="0050" notAfter-custom="0150">
                                <seg xml:lang="en">Flavian or shortly after</seg>
                            </origDate>
                        </origin>
                        <provenance type="found"/>
                        <provenance type="observed" subtype="autopsied">No Autopsy</provenance>
                        <acquisition>Catania, Museo Civico di Catania no. 1337</acquisition>
                    </history>
                    <additional>
                        <adminInfo>
                            <note type="location">Museum courtyard</note>
                        </adminInfo>
                    </additional>
                </msDesc>
            </sourceDesc>
        </fileDesc>
        <profileDesc>
            <calendarDesc>
                <calendar xml:id="julian">
                    <p>Julian Calendar</p>
                </calendar>
            </calendarDesc>
            <langUsage>
                <language ident="en">English</language>
                <language ident="it">Italian</language>
                <language ident="grc">Ancient Greek</language>
                <language ident="la">Latin</language>
                <language ident="he">Hebrew</language>
                <language ident="phn">Phoenician</language>
                <language ident="xpu">Punic</language>
                <language ident="osc">Oscan</language>
                <language ident="xly">Elymian</language>
                <language ident="scx">Sikel</language>
                <language ident="sxc">Sikan</language>
            </langUsage>
            <textClass>
                <keywords scheme="http://www.eagle-network.eu/voc/typeins.html">
                    <term key="funerary" ref="http://www.eagle-network.eu/voc/typeins/lod/92.html">
                        <seg xml:lang="en">funerary</seg>
                    </term>
                </keywords>
            </textClass>
        </profileDesc>
        <revisionDesc status="draft">
            <listChange>
                <change when="2016-12-03" who="#JCu">James Cummings autogenerated EpiDoc output from database</change>
                <change when="2017-06-11" who="#JP">Jonathan Prag made initial revision of the EpiDoc</change>
                <change when="2017-07-06" who="#JP">Jonathan Prag added elements for parallel Italian</change>
            	   <change when="2020-10-05" who="#SS">Simona Stoyanova normalised Unicode</change>
            	   <change when="2020-10-08" who="#SS">Simona Stoyanova updated list of languages</change>
            	<change when="2020-11-20" who="#SS">Simona Stoyanova added EDCS numbers</change>
		<change when="2020-11-26" who="#SS">Simona Stoyanova restructured bibliography</change>
	    <change when="2020-12-17" who="#system">Updated Zenodo DOI</change>
            </listChange>
        </revisionDesc>
    </teiHeader>
    <facsimile>
        <surface/>
        <!--delete empty surface above and uncomment template below if needed-->
        <!--
  <surface type="front">
    <graphic n="screen" url="{concat('ISic', $num, '_tiled.tif')}"
      height="4912px" width="7360px">
      <desc>Add Description Here</desc>
    </graphic>
    <graphic n="print" url="{concat('ISic', $num, '.jpg')}" height="3680px" width="5520px">
      <desc>Add Description Here</desc>
    </graphic>
  </surface>

    -->
    </facsimile>
    <text>
        <body>
            <div type="edition" xml:space="preserve" xml:lang="la">
                <ab>
                    <lb n="1"/>
                    <expan>
                        <abbr>D</abbr>
                        <ex>is</ex>
                    </expan>
                    <supplied reason="lost">
                        <expan>
                            <abbr>M</abbr>
                            <ex>anibus</ex>
                        </expan>
                        </supplied>
                    <supplied reason="lost">
                        <expan>
                            <abbr>s</abbr>
                            <ex>acrum</ex>
                        </expan>
                    </supplied>
                    <lb n="2"/>
                    <expan>
                        <abbr>T</abbr>
                        <ex>ito</ex>
                    </expan>
                    Fla
                    <supplied reason="lost">vi</supplied>
                    <gap reason="lost" extent="unknown" unit="character"/>
                    <lb n="3"/>
                    Ion
                    <supplied reason="lost">i</supplied>
                    <gap reason="lost" extent="unknown" unit="character"/>
                </ab>
            </div>
            <div type="apparatus">
                <p><!--external apparatus criticus (if applicable)--></p>
            </div>
            <div type="translation" xml:lang="en">
                <p/>
            </div>
            <div type="translation" xml:lang="it">
                <p/>
            </div>
            <div type="commentary" xml:lang="en">
                <p><!--commented out pending revision-->
                    <!--D[- - - / T.Fl[- - - / Io I[- - -. 'murato al suolo'; 1.27 m high. Manganaro restores as D.M.S. T. Flavio Ionio, quite reasonably, on the basis of a second unpubl'd inscr. on architrave (publ'd in this 1961 article at fig. 20), which comes from the theatre and is part of an honorific to T. Flavio Ionio, in very similar lettering. The man is a freedman, or son of a freedman of the Flavian dynasty. The other inscr. is at Manganaro, SicGymn 14 (1961), p.195-6 (ph). Korhonen essentially follows Manganaro.--></p>
            </div>
            <div type="bibliography">
                <listBibl type="edition">
                    <bibl type="corpus" n="CIL">
                        <citedRange>
                            <ref target="http://arachne.uni-koeln.de/books/CILv10pII1883">10.7068</ref>
                        </citedRange>
                        <ptr target="https://www.zotero.org/groups/382445/items/GQN8UZSI"/>
                    </bibl>
                    <bibl type="corpus" n="IMusCatania">
                        <citedRange>30</citedRange>
                        <ptr target="https://www.zotero.org/groups/382445/items/2EUC82DH"/>
                    </bibl>
                    <bibl>
                        <author>Manganaro</author>
                        <date>1961</date>
                        <citedRange>195-196 fig. 19</citedRange>
                        <ptr target="https://www.zotero.org/groups/382445/items/HXK7DASC"/>
                    </bibl>
                    <bibl>
                        <author>Wilson</author>
                        <date>1990</date>
                        <citedRange>69, 365 n.118</citedRange>
                        <ptr target="https://www.zotero.org/groups/382445/items/VF9MMBI9"/>
                    </bibl>
                    <bibl>
                        <author>Wilson</author>
                        <date>1996</date>
                        <citedRange>160-161</citedRange>
                        <ptr target="https://www.zotero.org/groups/382445/items/73MBISJ2"/>
                    </bibl>
                    <bibl>
                        <author>Pensabene</author>
                        <date>1996-1997</date>
                        <citedRange>71</citedRange>
                        <ptr target="http://zotero.org/groups/382445/items/8EWPSA88"/>
                    </bibl>
                </listBibl>
	   <listBibl type="discussion"><bibl/></listBibl>
            </div>
        </body>
    </text>
</TEI>