<?xml version="1.0" encoding="UTF-8"?>
<?xml-model href="http://www.stoa.org/epidoc/schema/latest/tei-epidoc.rng" type="application/xml" schematypens="http://relaxng.org/ns/structure/1.0"?>
<?xml-model href="../schematron/ircyr-checking.sch" schematypens="http://purl.oclc.org/dsdl/schematron"?>                                                
<TEI xmlns="http://www.tei-c.org/ns/1.0" xml:lang="en">
    <teiHeader>
        <fileDesc>
            <titleStmt>
                <title>I.Sicily inscription 0026</title>
                <editor ref="#JP">Jonathan Prag</editor>
                <principal ref="#JP">Jonathan Prag</principal>
                <funder>John Fell OUP Research Fund</funder>
	   <funder><ref target="https://cordis.europa.eu/project/id/885040">ERC Advanced Grant no.885040</ref></funder>
                <respStmt>
                    <name xml:id="JP" ref="http://orcid.org/0000-0003-3819-8537">Jonathan Prag</name>
                    <resp>original data collection and editing</resp>
                </respStmt>
                <respStmt>
                    <name xml:id="JCu" ref="http://orcid.org/0000-0002-6686-3728">James Cummings</name>
                    <resp>conversion to EpiDoc</resp>
                </respStmt>
                <respStmt>
                    <name xml:id="JCh" ref="http://orcid.org/0000-0001-6823-0265">James Chartrand</name>
                    <resp>site construction and encoding</resp>
                </respStmt>
                <respStmt>
                    <name xml:id="VV" ref="http://orcid.org/0000-0002-9695-0240">Valeria Vitale</name>
                    <resp>editing of geo data</resp>
                </respStmt>
                <respStmt>
                    <name xml:id="MM">Michael Metcalfe</name>
                    <resp>museum data collection</resp>
                </respStmt>
                <respStmt>
                    <name xml:id="TA" ref="https://orcid.org/0000-0001-8417-7089">Tuuli Ahlholm</name>
                    <resp>EpiDoc editing</resp>
                </respStmt>
	    <respStmt>
     	       <name xml:id="SS" ref="https://orcid.org/0000-0003-3914-9569">Simona Stoyanova</name>
     	       <resp>standardisation of template and tidying up encoding</resp>
 	   </respStmt>
	    <respStmt>
                    <name xml:id="system">system</name>
                    <resp>automated or batch processes</resp>
                </respStmt>
            </titleStmt>
            <publicationStmt>
                <authority>I.Sicily</authority>
                <idno type="filename">ISic0026</idno>
                <idno type="TM">491786</idno>
                <idno type="EDR">138105</idno>
                <idno type="EDH"/>
                <idno type="EDCS">22000870</idno>
                <idno type="PHI"/>
                <idno type="URI">http://sicily.classics.ox.ac.uk/inscription/ISic0026</idno>
                <idno type="DOI" when="2020-12-17">10.5281/zenodo.4333818</idno>
                <availability>
                    <licence target="http://creativecommons.org/licenses/by/4.0/">Licensed under a Creative
                        Commons-Attribution 4.0 licence.
                    </licence>
                </availability>
            </publicationStmt>
            <sourceDesc>
                <msDesc>
                    <msIdentifier>
                        <country>Italy</country>
                        <region>Sicily</region>
                        <settlement>Palermo</settlement>
                        <repository role="museum" ref="http://sicily.classics.ox.ac.uk/museum/064">Museo Archeologico
                            Regionale Antonino Salinas
                        </repository>
                        <idno type="inventory">3526</idno>
                        <!--Adding location for old id numbers if available-->
                        <altIdentifier>
                            <settlement/>
                            <repository/>
                            <idno type="old"/>
                        </altIdentifier>
                    </msIdentifier>
                    <msContents>
                        <textLang mainLang="la">Latin</textLang>
                    </msContents>
                    <physDesc>
                        <objectDesc>
                            <supportDesc>
                                <support>
                                    <material key="limestone" ref="http://www.eagle-network.eu/voc/material/lod/66.html">limestone
                                    </material>
                                    <objectType key="base" ref="http://www.eagle-network.eu/voc/objtyp/lod/57.html">base
                                    </objectType>
                                    <dimensions><!--Default values and requires editing-->
                                        <height unit="cm"/>
                                        <width unit="cm"/>
                                        <depth unit="cm"/>
                                    </dimensions>
                                </support>
                                <condition/>
		    </supportDesc>
                            <layoutDesc>
                                <layout>
                                    <rs type="execution" ref="http://www.eagle-network.eu/voc/writing/lod/1">Engraved
                                    </rs>
                                </layout>
                            </layoutDesc>
                        </objectDesc>
                        <handDesc>
                            <handNote><!--Default value and requires editing-->
                                <locus from="line1" to="line1">Line 1</locus>
                                <dimensions type="letterHeight">
                                    <height unit="mm"/>
                                </dimensions>
                                <locus from="line1" to="line2">Interlineation line 1 to 2</locus>
                                <dimensions type="interlinear">
                                    <height unit="mm"/>
                                </dimensions>
                            </handNote>
                        </handDesc>
                    </physDesc>
                    <history>
                        <origin>
                            <origPlace>
                                <placeName type="ancient" ref="http://pleiades.stoa.org/places/462410">Panhormus</placeName>		
                                <placeName type="modern" ref="http://sws.geonames.org/2523920">Palermo</placeName>
                            	<geo>38.13205, 13.33561</geo>
		</origPlace>
                            <origDate datingMethod="#julian" notBefore-custom="0300" notAfter-custom="0350">c. 314 AD (governor 314,
                                ?and before/after?)
                            </origDate>
                        </origin>
                        <provenance type="found"/>
                        <provenance type="observed" subtype="autopsied">No Autopsy</provenance>
                        <acquisition>Palermo, Museo Archeologico Regionale Antonino Salinas no. 3526</acquisition>
                    </history>
                </msDesc>
            </sourceDesc>
        </fileDesc>
        <profileDesc>
            <calendarDesc>
                <calendar xml:id="julian">
                    <p>Julian Calendar</p>
                </calendar>
            </calendarDesc>
            <langUsage>
                <language ident="en">English</language>
                <language ident="it">Italian</language>
                <language ident="grc">Ancient Greek</language>
                <language ident="la">Latin</language>
                <language ident="he">Hebrew</language>
                <language ident="phn">Phoenician</language>
                <language ident="xpu">Punic</language>
                <language ident="osc">Oscan</language>
                <language ident="xly">Elymian</language>
                <language ident="scx">Sikel</language>
                <language ident="sxc">Sikan</language>
            </langUsage>
            <textClass>
                <keywords scheme="http://www.eagle-network.eu/voc/typeins.html">
                    <term key="honorific" ref="http://www.eagle-network.eu/voc/typeins/lod/69.html">honorific</term>
                </keywords>
            </textClass>
        </profileDesc>
        <revisionDesc status="draft">
            <listChange>
                <change when="2016-12-03" who="#JCu">James Cummings autogenerated EpiDoc output from database</change>
                <change when="2018-03-06" who="#TA">Tuuli Ahlholm cleaned up the autogenerated EpiDoc and added an apparatus</change>
            	   <change when="2020-10-05" who="#SS">Simona Stoyanova normalised Unicode</change>
            	   <change when="2020-10-08" who="#SS">Simona Stoyanova updated list of languages</change>
            	<change when="2020-11-20" who="#SS">Simona Stoyanova added EDCS numbers</change>
		<change when="2020-11-26" who="#SS">Simona Stoyanova restructured bibliography</change>
	    <change when="2020-12-17" who="#system">Updated Zenodo DOI</change>
            </listChange>
        </revisionDesc>
    </teiHeader>
    <facsimile>
        <surface/>
        <!--delete empty surface above and uncomment template below if needed-->
        <!--
  <surface type="front">
    <graphic n="screen" url="{concat('ISic', $num, '_tiled.tif')}"
      height="4912px" width="7360px">
      <desc>Add Description Here</desc>
    </graphic>
    <graphic n="print" url="{concat('ISic', $num, '.jpg')}" height="3680px" width="5520px">
      <desc>Add Description Here</desc>
    </graphic>
  </surface>

    -->
    </facsimile>
    <text>
        <body>
            <div type="edition" xml:space="preserve" xml:lang="la">
                <ab>
                    <lb n="1"/><supplied reason="lost">Res</supplied>titutori liber
                    <lb n="2" break="no"/>tatis <supplied reason="lost">et</supplied> <unclear>fun</unclear>datori
                    <lb n="3"/>publi<supplied reason="lost">cae</supplied> <supplied reason="lost">se</supplied><unclear>cu</unclear>ritat<supplied reason="lost">is</supplied>
                    <lb n="4"/><expan><abbr>d</abbr><ex>omino</ex></expan> <expan><abbr>n</abbr><ex>ostro</ex></expan> L<supplied reason="lost">ici</supplied><unclear>ni</unclear>ano <g type="interpunct">·</g> Licin<supplied reason="lost">io</supplied> 
                    <lb n="5"/>Pio <g type="interpunct">·</g> <unclear>Felici</unclear> <g type="interpunct">·</g> invicto <g type="interpunct">·</g> <expan><abbr>Au<supplied reason="lost">g</supplied></abbr><supplied reason="lost"><ex>usto</ex></supplied></expan>
                    <lb n="6"/>Do<supplied reason="lost">mitius</supplied> Latronianus <supplied reason="lost"><expan><abbr>v</abbr><ex>ir</ex></expan></supplied> <supplied reason="lost"><expan><abbr>c</abbr><ex>larissimus</ex></expan></supplied>
                    <lb n="7"/><expan><abbr><unclear>corr</unclear></abbr><ex>ector</ex></expan> <supplied reason="lost"><expan><abbr>p</abbr><ex>rovinciae</ex></expan></supplied> <supplied reason="lost"><expan><abbr>S</abbr><ex>iciliae</ex></expan></supplied> <supplied reason="lost">d</supplied><unclear>evo</unclear>tus <expan><abbr>n</abbr><ex>umini</ex></expan> <expan><abbr>m</abbr><ex>aiestati</ex><abbr>qu<supplied reason="lost">e</supplied></abbr></expan>
                    <lb n="8"/><supplied reason="lost">ei</supplied>us
                </ab>
            </div>
            <div type="apparatus">
                <listApp>
                    <app><note>Text of <hi rend="italic">IMusPalermo</hi></note></app>
                </listApp>
            </div>
            <div type="translation">
                <p><!--translation(s) - add @xml:lang for 'en' or 'it' to div--></p>
            </div>
            <div type="commentary">
                <p><!--commented out pending revision-->
                    <!--cf. AE 1966.0166 = Barbieri, Kokalos 9 (1963), 225-232 for a dedication to Constantine by the same man, also IG 14.296. Note also Chastagnol, Historia 12 (1963) for list of governors of this period, with sources, incl. this one. Governor is Domitius Latronianus. For the initial formula, cf. CIL 10.7231. CIL additamenta adds that Kaibel thinks that CIG no.5551= IG 14.296 = IGLPa 149  refers to the same magistrate.--></p>
            </div>
            <div type="bibliography">
                <listBibl type="edition">
                    <bibl type="corpus" n="CIL">
                        <citedRange>
                            <ref target="http://arachne.uni-koeln.de/item/buchseite/650790">10.7284</ref>
                        </citedRange>
                        <ptr target="https://www.zotero.org/groups/382445/items/GQN8UZSI"/>
                    </bibl>
                    <bibl type="corpus" n="ILMusPalermo">
                        <citedRange>26</citedRange>
                        <ptr target="https://www.zotero.org/groups/382445/items/FZWWPUD6"/>
                    </bibl>
                    <bibl type="corpus" n="ILS">
                        <citedRange>677</citedRange>
                        <ptr target="https://www.zotero.org/groups/382445/items/XHMS9K6S"/>
                    </bibl>
                    <bibl>
                        <author>Mommsen</author>
                        <date>1883</date>
                        <citedRange>993</citedRange>
                        <ptr target="https://www.zotero.org/groups/382445/items/GQN8UZSI"/>
                    </bibl>
                </listBibl>
	   <listBibl type="discussion"><bibl/></listBibl>
            </div>
        </body>
    </text>
</TEI>