<?xml version="1.0" encoding="UTF-8"?>
<?xml-model href="http://www.stoa.org/epidoc/schema/latest/tei-epidoc.rng" type="application/xml" schematypens="http://relaxng.org/ns/structure/1.0"?>
<?xml-model href="../schematron/ircyr-checking.sch" schematypens="http://purl.oclc.org/dsdl/schematron"?>                                                
<TEI xmlns="http://www.tei-c.org/ns/1.0" xml:lang="en">
    <teiHeader>
        <fileDesc>
            <titleStmt>
                <title>Construction of fortification works under Sextus Pompeius by L. Plinius Rufus</title>
                <editor ref="#JP">Jonathan Prag</editor>
                <principal ref="#JP">Jonathan Prag</principal>
                <funder>John Fell OUP Research Fund</funder>
	   <funder><ref target="https://cordis.europa.eu/project/id/885040">ERC Advanced Grant no.885040</ref></funder>
                <respStmt>
                    <name xml:id="JP" ref="http://orcid.org/0000-0003-3819-8537">Jonathan Prag</name>
                    <resp>original data collection and editing</resp>
                </respStmt>
                <respStmt>
                    <name xml:id="JCu" ref="http://orcid.org/0000-0002-6686-3728">James Cummings</name>
                    <resp>conversion to EpiDoc</resp>
                </respStmt>
                <respStmt>
                    <name xml:id="JCh" ref="http://orcid.org/0000-0001-6823-0265">James Chartrand</name>
                    <resp>site construction and encoding</resp>
                </respStmt>
                <respStmt>
                    <name xml:id="VV" ref="http://orcid.org/0000-0002-9695-0240">Valeria Vitale</name>
                    <resp>editing of geo data</resp>
                </respStmt>
                <respStmt>
                    <name xml:id="MM">Michael Metcalfe</name>
                    <resp>museum data collection</resp>
                </respStmt>
	    <respStmt>
     	       <name xml:id="SS" ref="https://orcid.org/0000-0003-3914-9569">Simona Stoyanova</name>
     	       <resp>standardisation of template and tidying up encoding</resp>
 	   </respStmt>
	    <respStmt>
                    <name xml:id="system">system</name>
                    <resp>automated or batch processes</resp>
                </respStmt>
            </titleStmt>
            <publicationStmt>
                <authority>I.Sicily</authority>
                <idno type="filename">ISic0007</idno>
                <idno type="TM">175824</idno>
                <idno type="EDR">071633</idno>
                <idno type="EDH"/>
                <idno type="EDCS">14700098</idno>
                <idno type="PHI"/>
                <idno type="URI">http://sicily.classics.ox.ac.uk/inscription/ISic0007</idno>
                <idno type="DOI" when="2020-12-17">10.5281/zenodo.4333745</idno>
                <availability>
                    <licence target="http://creativecommons.org/licenses/by/4.0/">Licensed under a Creative
                        Commons-Attribution 4.0 licence.
                    </licence>
                </availability>
            </publicationStmt>
            <sourceDesc>
                <msDesc>
                    <msIdentifier>
                        <country>Italy</country>
                        <region>Sicily</region>
                        <settlement>Marsala</settlement>
                        <repository role="museum" ref="http://sicily.classics.ox.ac.uk/museum/108">Museo archeologico
                            regionale Lilibeo Marsala - Baglio Anselmi
                        </repository>
                        <!--No inventory number found-->
                        <altIdentifier>
                            <settlement/>
                            <repository/>
                            <idno type="old"/>
                        </altIdentifier>
                    </msIdentifier>
                    <msContents>
                        <textLang mainLang="la">Latin</textLang>
                    </msContents>
                    <physDesc>
                        <objectDesc>
                            <supportDesc>
                                <support>
                                    <material key="limestone" ref="http://www.eagle-network.eu/voc/material/lod/66.html">
                                        limestone (perhaps local)
                                    </material>
                                    <objectType key="slab" ref="TOADD">slab</objectType>
                                    <dimensions>
                                        <height unit="cm">42</height>
                                        <width unit="cm">134</width>
                                        <depth unit="cm">15</depth>
                                    </dimensions>
                                </support>
                                <condition/>
		    </supportDesc>
                            <layoutDesc>
                                <layout>
                                    <rs type="execution" ref="http://www.eagle-network.eu/voc/writing/lod/1">Engraved
                                    </rs>
                                </layout>
                            </layoutDesc>
                        </objectDesc>
                        <handDesc>
                            <handNote><!--Default value and requires editing-->
                                <locus from="line1" to="line1">Line 1</locus>
                                <dimensions type="letterHeight">
                                    <height unit="mm"/>
                                </dimensions>
                                <locus from="line1" to="line2">Interlineation line 1 to 2</locus>
                                <dimensions type="interlinear">
                                    <height unit="mm"/>
                                </dimensions>
                            </handNote>
                        </handDesc>
                    </physDesc>
                    <history>
                        <origin>
                            <origPlace>
                                <placeName type="ancient" ref="http://pleiades.stoa.org/places/462281">Lilybaeum</placeName>		
                                <placeName type="modern" ref="http://sws.geonames.org/6542148">Marsala</placeName>
                            	<geo>37.80355, 12.4379</geo>
		</origPlace>
                            <origDate datingMethod="#julian" notBefore-custom="-0039" notAfter-custom="-0036">39 - 36 BC</origDate>
                        </origin>
                        <provenance type="found">Found during construction work for the Baglio Anselmi</provenance>
                        <provenance type="observed" subtype="autopsied" resp="#MM">2015-11-12</provenance>
                        <acquisition>Marsala, Museo archeologico regionale Lilibeo Marsala - Baglio Anselmi
                        </acquisition>
                    </history>
                    <additional>
                        <adminInfo>
                            <note type="location">Display; formerly Museo Archeologico Regionale Antonino Salinas
                                no.3507
                            </note>
                        </adminInfo>
                    </additional>
                </msDesc>
            </sourceDesc>
        </fileDesc>
        <profileDesc>
            <calendarDesc>
                <calendar xml:id="julian">
                    <p>Julian Calendar</p>
                </calendar>
            </calendarDesc>
            <langUsage>
                <language ident="en">English</language>
                <language ident="it">Italian</language>
                <language ident="grc">Ancient Greek</language>
                <language ident="la">Latin</language>
                <language ident="he">Hebrew</language>
                <language ident="phn">Phoenician</language>
                <language ident="xpu">Punic</language>
                <language ident="osc">Oscan</language>
                <language ident="xly">Elymian</language>
                <language ident="scx">Sikel</language>
                <language ident="sxc">Sikan</language>
            </langUsage>
            <textClass>
                <keywords scheme="http://www.eagle-network.eu/voc/typeins.html">
                    <term key="building" ref="http://www.eagle-network.eu/voc/typeins/lod/86.html">building</term>
                </keywords>
            </textClass>
        </profileDesc>
        <revisionDesc status="draft">
            <listChange>
                <change when="2016-12-03" who="#JCu">James Cummings autogenerated EpiDoc output from database</change>
                <change when="2017-07-31" who="#JP">Jonathan Prag revised the EpiDoc</change>
            	   <change when="2020-10-05" who="#SS">Simona Stoyanova normalised Unicode</change>
            	   <change when="2020-10-08" who="#SS">Simona Stoyanova updated list of languages</change>
            	<change when="2020-11-20" who="#SS">Simona Stoyanova added EDCS numbers</change>
		<change when="2020-11-26" who="#SS">Simona Stoyanova restructured bibliography</change>
	    <change when="2020-12-17" who="#system">Updated Zenodo DOI</change>
            </listChange>
        </revisionDesc>
    </teiHeader>
    <facsimile>
        <surface type="front">
            <graphic n="screen" url="ISic0007_tiled.tif" height="2034px" width="4608px">
                <desc>Photo by Metcalfe</desc>
            </graphic>
            <graphic n="print" url="ISic0007.jpg" height="2034px" width="4608px">
                <desc>Photo by Metcalfe</desc>
            </graphic>
        </surface>
    </facsimile>
    <text>
        <body>
            <div type="edition" xml:space="preserve" xml:lang="la">
                <ab>
                    <lb n="1"/>
                    <persName>
                        <name>
                            <expan>
                                <abbr><hi rend="ligature">Ma</hi>g
                                </abbr>
                                <ex>no</ex>
                            </expan>
                        </name>
                        <name>Pompeio</name>
                        <name>
                            <expan>
                                <abbr><hi rend="ligature">Ma</hi>g
                                </abbr>
                                <ex>ni</ex>
                            </expan>
                        </name>
                        <expan>
                            <abbr>f</abbr>
                            <ex>ilio</ex>
                        </expan>
                        <g type="interpunct">·</g>
                        <name>Pio</name>
                    </persName>
                    <expan>
                        <abbr>imp</abbr>
                        <ex>eratore</ex>
                    </expan>
                    augu
                    <hi rend="ligature">re</hi>
                    <lb n="2"/>
                    <expan>
                        <abbr>co</abbr>
                        <ex>n</ex>
                        <abbr>s</abbr>
                        <ex>ule</ex>
                    </expan>
                    <g type="interpunct">·</g>
                    <expan>
                        <abbr>desig</abbr>
                        <ex>nato</ex>
                    </expan>
                    port<unclear>a</unclear>m et turres
                    <lb n="3"/>
                    <persName>
                        <name>
                            <expan>
                                <abbr>L</abbr>
                                <ex>ucius</ex>
                            </expan>
                        </name>
                        <g type="interpunct">·</g>
                        <name>Plinius</name>
                        <g type="interpunct">·</g>
                        <name>
                            <expan>
                                <abbr>L</abbr>
                                <ex>uci</ex>
                            </expan>
                        </name>
                        <g type="interpunct">·</g>
                        <expan>
                            <abbr>f</abbr>
                            <ex>ilius</ex>
                        </expan>
                        <name>Rufus</name>
                    </persName>
                    <g type="interpunct">·</g>
                    <expan>
                        <abbr>leg</abbr>
                        <ex>atus</ex>
                    </expan>
                    <g type="interpunct">·</g>
                    pro
                    <g type="interpunct">·</g>
                    <expan>
                        <abbr>pr</abbr>
                        <ex>aetore</ex>
                    </expan>
                    <g type="interpunct">·</g>
                    <expan>
                        <abbr>pr</abbr>
                        <ex>aetor</ex>
                    </expan>
                    <g type="interpunct">·</g>
                    <expan>
                        <abbr>des</abbr>
                        <ex>ignatus</ex>
                    </expan>
                    <g type="interpunct">·</g>
                    <expan>
                        <abbr>f</abbr>
                        <ex>aciendum</ex>
                    </expan>
                    <g type="interpunct">·</g>
                    <expan>
                        <abbr>c</abbr>
                        <ex>uravit</ex>
                    </expan>
                    <g type="interpunct">·</g>
                </ab>
            </div>
            <div type="apparatus">
                <p><!--external apparatus criticus (if applicable)--></p>
            </div>
            <div type="translation" xml:lang="en" resp="#JP">
                <p>When Magnus Pompeius, son of Magnus, Pius Imperator, was Augur and Consul designate, Lucius Plinius
                    Rufus, son of Lucius, Legatus Propraetore and Praetor designate saw to the construction of the Gate
                    and Towers
                </p>
            </div>
            <div type="commentary">
                <p>Cf. Appian, BC 5.98. L. Plinius Rufus subsequently defected to Octavian and seized Messana. The
                    inscription provides important evidence for Sextus Pompeius' nomenclature and offices after 39 BC.
                </p>
            </div>
            <div type="bibliography">
                <listBibl type="edition">
                    <bibl type="bulletin" n="AE">
                        <citedRange>1895.0023</citedRange>
                        <ptr target="http://zotero.org/groups/382445/items/R46KDTZX"/>
                    </bibl>
                    <bibl type="corpus" n="ILMusPalermo">
                        <citedRange>7</citedRange>
                        <ptr target="https://www.zotero.org/groups/382445/items/FZWWPUD6"/>
                    </bibl>
                    <bibl type="corpus" n="ILLRP">
                        <citedRange>426</citedRange>
                        <ptr target="https://www.zotero.org/groups/382445/items/88TW7IMC"/>
                    </bibl>
                    <bibl type="bulletin" n="NSA">
                        <author>Salinas</author>
                        <title>NSA</title>
                        <date>1894</date>
                        <citedRange>388-391 ph</citedRange>
                        <ptr target="http://zotero.org/groups/382445/items/4MCP2PVV"/>
                    </bibl>
                    <bibl type="corpus" n="ILS">
                        <citedRange>8891</citedRange>
                        <ptr target="https://www.zotero.org/groups/382445/items/XHMS9K6S"/>
                    </bibl>
                    <bibl>
                        <author>Mommsen</author>
                        <date>1895</date>
                        <citedRange>460-462</citedRange>
                        <ptr target="https://www.zotero.org/groups/382445/items/9HZ9JK3H"/>
                    </bibl>
                    <bibl>
                        <author>Diehl</author>
                        <date>1909</date>
                        <citedRange>no.373</citedRange>
                    </bibl>
                    <bibl>
                        <author>Degrassi</author>
                        <date>1965</date>
                        <citedRange>no.178</citedRange>
                        <ptr target="https://www.zotero.org/groups/382445/items/88TW7IMC"/>
                    </bibl>
                    <bibl>
                        <author>Di Stefano</author>
                        <date>1984</date>
                        <citedRange>35</citedRange>
                        <ptr target="https://www.zotero.org/groups/382445/items/Q5PB252W"/>
                    </bibl>
                </listBibl>
	   <listBibl type="discussion"><bibl/></listBibl>
            </div>
        </body>
    </text>
</TEI>