<?xml version="1.0" encoding="UTF-8"?>
<?xml-model href="http://www.stoa.org/epidoc/schema/latest/tei-epidoc.rng" type="application/xml" schematypens="http://relaxng.org/ns/structure/1.0"?>
<?xml-model href="../schematron/ircyr-checking.sch" schematypens="http://purl.oclc.org/dsdl/schematron"?>                                                
<TEI xmlns="http://www.tei-c.org/ns/1.0" xml:lang="en">
    <teiHeader>
        <fileDesc>
            <titleStmt>
                <title>I.Sicily inscription 0097</title>
                <editor ref="#JP">Jonathan Prag</editor>
                <principal ref="#JP">Jonathan Prag</principal>
                <funder>John Fell OUP Research Fund</funder>
	   <funder><ref target="https://cordis.europa.eu/project/id/885040">ERC Advanced Grant no.885040</ref></funder>
                <respStmt>
                    <name xml:id="JP" ref="http://orcid.org/0000-0003-3819-8537">Jonathan Prag</name>
                    <resp>original data collection and editing</resp>
                </respStmt>
                <respStmt>
                    <name xml:id="JCu" ref="http://orcid.org/0000-0002-6686-3728">James Cummings</name>
                    <resp>conversion to EpiDoc</resp>
                </respStmt>
                <respStmt>
                    <name xml:id="JCh" ref="http://orcid.org/0000-0001-6823-0265">James Chartrand</name>
                    <resp>site construction and encoding</resp>
                </respStmt>
                <respStmt>
                    <name xml:id="VV" ref="http://orcid.org/0000-0002-9695-0240">Valeria Vitale</name>
                    <resp>editing of geo data</resp>
                </respStmt>
                <respStmt>
                    <name xml:id="MM">Michael Metcalfe</name>
                    <resp>museum data collection</resp>
                </respStmt>
                <respStmt>
                    <name xml:id="TA" ref="https://orcid.org/0000-0001-8417-7089">Tuuli Ahlholm</name>
                    <resp>EpiDoc editing</resp>
                </respStmt>
	    <respStmt>
     	       <name xml:id="SS" ref="https://orcid.org/0000-0003-3914-9569">Simona Stoyanova</name>
     	       <resp>standardisation of template and tidying up encoding</resp>
 	   </respStmt>
	    <respStmt>
                    <name xml:id="system">system</name>
                    <resp>automated or batch processes</resp>
                </respStmt>
            </titleStmt>
            <publicationStmt>
                <authority>I.Sicily</authority>
                <idno type="filename">ISic0097</idno>
                <idno type="TM">175712</idno>
                <idno type="EDR">076568</idno>
                <idno type="EDH"/>
                <idno type="EDCS">9300257</idno>
                <idno type="PHI"/>
                <idno type="URI">http://sicily.classics.ox.ac.uk/inscription/ISic0097</idno>
                <idno type="DOI" when="2020-12-17">10.5281/zenodo.4334121</idno>
                <availability>
                    <licence target="http://creativecommons.org/licenses/by/4.0/">Licensed under a Creative
                        Commons-Attribution 4.0 licence.
                    </licence>
                </availability>
            </publicationStmt>
            <sourceDesc>
                <msDesc>
                    <msIdentifier>
                        <country>Italy</country>
                        <region>Sicily</region>
                        <settlement>Termini Imerese</settlement>
                        <repository role="museum" ref="http://sicily.classics.ox.ac.uk/museum/066">Museo Civico Baldassare Romano
                        </repository>
                        <idno type="inventory">34</idno>
                        <!--Adding location for old id numbers if available-->
                        <altIdentifier>
                            <settlement/>
                            <repository/>
                            <idno type="old"/>
                        </altIdentifier>
                    </msIdentifier>
                    <msContents>
                        <textLang mainLang="la">Latin</textLang>
                    </msContents>
                    <physDesc>
                        <objectDesc>
                            <supportDesc>
                                <support>
                                    <material key="limestone" ref="http://www.eagle-network.eu/voc/material/lod/66.html">limestone
                                    </material>
                                    <objectType key="tabula" ref="http://www.eagle-network.eu/voc/objtyp/lod/257">tabula</objectType>
                                    <dimensions>
                                        <!--not yet included-->
                                        <height unit="cm"/>
                                        <width unit="cm"/>
                                        <depth unit="cm"/>
                                    </dimensions>
                                </support>
                                <condition/>
		    </supportDesc>
                            <layoutDesc>
                                <layout><!--Default value and requires checking-->
                                    <rs type="execution" ref="http://www.eagle-network.eu/voc/writing/lod/1">Engraved
                                    </rs>
                                </layout>
                            </layoutDesc>
                        </objectDesc>
                        <handDesc>
                            <handNote><!--Default value and requires editing-->
                                <locus from="line1" to="line1">Line 1
                                </locus>
                                <dimensions type="letterHeight">
                                    <height unit="mm"/>
                                </dimensions>
                                <locus from="line1" to="line2">Interlineation line 1 to 2
                                </locus>
                                <dimensions type="interlinear">
                                    <height unit="mm"/>
                                </dimensions>
                            </handNote>
                        </handDesc>
                    </physDesc>
                    <history>
                        <origin>
                            <origPlace>
                                <placeName type="ancient" ref="http://pleiades.stoa.org/places/462513" cert="low">Thermae Himeraeae</placeName>		
                                <placeName type="modern" ref="http://sws.geonames.org/6539140">Termini Imerese</placeName>
                            	<geo>37.98365, 13.69555</geo>
		</origPlace>
                            <origDate datingMethod="#julian" notBefore-custom="0050" notAfter-custom="0150" evidence="lettering">"Un periodo oscillante tra la seconda meta del I sec d.C. ed il II d.C" by letter forms)
                            </origDate>
                        </origin>
                        <provenance type="found"/>
                        <provenance type="observed" subtype="autopsied">seen by Prag to photograph but not study 2018.07.10</provenance>
                        <acquisition>Termini Imerese, Museo Civico Baldassare Romano no. 34</acquisition>
                    </history>
                </msDesc>
            </sourceDesc>
        </fileDesc>
        <profileDesc>
            <calendarDesc>
                <calendar xml:id="julian">
                    <p>Julian Calendar</p>
                </calendar>
            </calendarDesc>
            <langUsage>
                <language ident="en">English</language>
                <language ident="it">Italian</language>
                <language ident="grc">Ancient Greek</language>
                <language ident="la">Latin</language>
                <language ident="he">Hebrew</language>
                <language ident="phn">Phoenician</language>
                <language ident="xpu">Punic</language>
                <language ident="osc">Oscan</language>
                <language ident="xly">Elymian</language>
                <language ident="scx">Sikel</language>
                <language ident="sxc">Sikan</language>
            </langUsage>
            <textClass>
                <keywords scheme="http://www.eagle-network.eu/voc/typeins.html">
                    <term key="dedication" ref="http://www.eagle-network.eu/voc/typeins/lod/88.html">dedication</term>
                </keywords>
            </textClass>
        </profileDesc>
        <revisionDesc status="draft">
            <listChange>
                <change when="2016-12-03" who="#JCu">James Cummings autogenerated EpiDoc output from database</change>
                <change when="2017-11-16" who="#JP">Jonathan Prag added a bibl element</change>
                <change when="2018-05-18" who="#TA">Tuuli Ahlholm cleaned up the autogenerated text and added an apparatus</change>
                <change when="2020-05-08" who="#JP">Jonathan Prag added images and bibliography</change>
            	   <change when="2020-10-05" who="#SS">Simona Stoyanova normalised Unicode</change>
            	   <change when="2020-10-08" who="#SS">Simona Stoyanova updated list of languages</change>
            	<change when="2020-11-20" who="#SS">Simona Stoyanova added EDCS numbers</change>
		<change when="2020-11-26" who="#SS">Simona Stoyanova restructured bibliography</change>
	    <change when="2020-12-17" who="#system">Updated Zenodo DOI</change>
            </listChange>
        </revisionDesc>
    </teiHeader>
    <facsimile>
           <surface type="front">
                <graphic n="screen" url="ISic0097_tiled.tif" height="3394px" width="3435px">
                    <desc>Photo J.Prag courtesy Museo Civico di Termini Imerese</desc>
                </graphic>
                <graphic n="print" url="ISic0097.jpg" height="3394px" width="3435px">
                    <desc>Photo J.Prag courtesy Museo Civico di Termini Imerese</desc>
                </graphic>
               <graphic n="screen" url="ISic0097_leftthreequarter_tiled.tif" height="4803px" width="3070px">
                   <desc>Photo J.Prag courtesy Museo Civico di Termini Imerese</desc>
               </graphic>
               <graphic n="print" url="ISic0097_leftthreequarter.jpg" height="4803px" width="3070px">
                   <desc>Photo J.Prag courtesy Museo Civico di Termini Imerese</desc>
               </graphic>
    </surface>
    </facsimile>
    <text>
        <body>
            <div type="edition" xml:space="preserve" xml:lang="la">
                <ab>
                    <lb n="1"/><gap reason="lost" extent="unknown" unit="character"/><unclear>a</unclear>e <g type="interpunct">·</g> <expan><abbr>L</abbr><ex>uci</ex></expan> <g type="interpunct">·</g> <expan><abbr>f</abbr><ex>iliae</ex></expan> <g type="interpunct">·</g> Proculae
                    <lb n="2"/><gap reason="lost" extent="unknown" unit="character"/><expan><abbr>Sp</abbr><ex>uri</ex></expan> <g type="interpunct">·</g> <expan><abbr>f</abbr><ex>ilio</ex></expan> <g type="interpunct">·</g> <expan><abbr>Cl</abbr><ex>audia</ex></expan> <g type="interpunct">·</g> Plaetorio <g type="interpunct">·</g> <expan><abbr>q</abbr><ex>uaestori</ex></expan> <g type="interpunct">·</g> <expan><abbr>aed</abbr><ex>ili</ex></expan> <g type="interpunct">·</g> <expan><abbr><num value="2"><hi rend="supraline">II</hi></num>v</abbr><ex>iro</ex></expan>
                    <lb n="3"/><gap reason="lost" extent="unknown" unit="character"/>io <g type="interpunct">·</g> <expan><abbr>Q</abbr><ex>uinti</ex></expan> <g type="interpunct">·</g> <expan><abbr>f</abbr><ex>ilio</ex></expan> <g type="interpunct">·</g> <expan><abbr>Qui</abbr><ex>rina</ex></expan> <g type="interpunct">·</g> Galeoni
                    <lb n="4"/><supplied reason="lost">cui</supplied> ordo <g type="interpunct">·</g> <expan><abbr>dec</abbr><ex>urionum</ex></expan> <g type="interpunct">·</g> <expan><abbr>orn</abbr><ex>amenta</ex></expan> <g type="interpunct">·</g> <expan><abbr>aed</abbr><ex>ilicia</ex></expan> <g type="interpunct">·</g> <expan><abbr>d</abbr><ex>ecrevit</ex></expan>
                    <lb n="5"/><gap reason="lost" extent="unknown" unit="character"/>ae <g type="interpunct">·</g> <expan><abbr>L</abbr><ex>uci</ex></expan> <g type="interpunct">·</g> <expan><abbr>f</abbr><ex>iliae</ex></expan> <g type="interpunct">·</g> Longinae
                    <lb n="6"/><gap reason="lost" extent="unknown" unit="character"/><supplied reason="lost"><expan><abbr>f</abbr><ex>ilius</ex></expan></supplied> <expan><abbr>Cl</abbr><ex>audia</ex></expan> <g type="interpunct">·</g> Proculus <g type="interpunct">·</g> <expan><abbr><hi rend="supraline">q</hi></abbr><ex>uaestor</ex></expan> <g type="interpunct">·</g> <num value="4">IV</num> <g type="interpunct">·</g> <expan><abbr>praef</abbr><ex>ectus</ex></expan>
                    <lb n="7"/><supplied reason="lost">pro</supplied> <expan><abbr><num value="2"><supplied reason="lost">I</supplied><unclear>I</unclear></num>vir</abbr><ex>o</ex></expan> <g type="interpunct">·</g> <num value="2"><hi rend="supraline">II</hi></num>vir <g type="interpunct">·</g> <expan><abbr>q</abbr><ex>uin</ex><abbr>q</abbr><ex>uennalis</ex></expan> <g type="interpunct">·</g> <expan><abbr>trib</abbr><ex>unus</ex></expan> <g type="interpunct">·</g> <expan><abbr>mil</abbr><ex>itum</ex></expan>
                    <lb n="8"/><expan><abbr>leg</abbr><ex>ionis</ex></expan> <g type="interpunct">·</g> <num value="6">VI</num> <g type="interpunct">·</g> <expan><abbr>Fer</abbr><ex>ratae</ex></expan>
                </ab>
            </div>
            <div type="apparatus">
                <listApp>
                    <app><note>Text of ILTermini</note></app>
                </listApp>
            </div>
            <div type="translation">
                <p><!--translation(s) - add @xml:lang for 'en' or 'it' to div--></p>
            </div>
            <div type="commentary">
                <p><!--commented out pending revision-->
                    <!--Must be before 194 AD, b/c the Lev.VI Ferrata acquires titles fidelis constans after this date. Includes Plaetorius, quaestor, aedile and dummvir; Galeo, honorary aedile; Proculus, quaestor (four times), deputy duumvir, duumvir quinquennalis, tr.mil. in Leg.VI Ferrata (prior to eq. career?). ae Luci filiae Proculae | - - -Spurii filio Claudia tribu Plaetorio, quaestori, aedili, IIviro, - - -Quinti filio Quirina tribu Galeoni cui ordo decurionum ornamenta aedilicia decrevit - - -ae Luci filiae Longinae - - -filius Claudia tribu Proculus, quaestor IV, praefectus pro IIviro, IIvir quinquennalis, tribunus militum legionis VI Ferratae. cf. Wilson (1988b: 151 with n.207).--></p>
            </div>
            <div type="bibliography">
                <listBibl type="edition">
                    <bibl type="bulletin" n="AE">
                        <citedRange>1976.0265</citedRange>
                        <ptr target="http://zotero.org/groups/382445/items/R46KDTZX"/>
                    </bibl>
                    <bibl type="corpus" n="ILMusTermini">
                        <citedRange>15</citedRange>
                        <ptr target="https://www.zotero.org/groups/382445/items/JCV85C79"/>
                    </bibl>
                    <bibl>
                        <author>Bivona</author>
                        <date>1976</date>
                        <ptr target="https://www.zotero.org/groups/382445/items/B6JNZGGB"/>
                    </bibl>
                    <bibl>
                        <author>Manganaro</author>
                        <date>1988</date>
                        <citedRange>42 n.209, 43, 45</citedRange>
                        <ptr target="http://zotero.org/groups/382445/items/RZSFKACR"/>
                    </bibl>
                    <bibl>
                        <author>Gregori</author>
                        <date>2012</date>
                        <citedRange>315-318</citedRange>
                        <ptr target="http://zotero.org/groups/382445/items/BKMXJF4I"/>
                    </bibl>
                </listBibl>
	   <listBibl type="discussion"><bibl/></listBibl>
            </div>
        </body>
    </text>
</TEI>