<?xml version="1.0" encoding="UTF-8"?>
<?xml-model href="http://www.stoa.org/epidoc/schema/latest/tei-epidoc.rng" type="application/xml" schematypens="http://relaxng.org/ns/structure/1.0"?>
<?xml-model href="../schematron/ircyr-checking.sch" schematypens="http://purl.oclc.org/dsdl/schematron"?>                                                
<TEI xmlns="http://www.tei-c.org/ns/1.0" xml:lang="en">
    <teiHeader>
        <fileDesc>
            <titleStmt>
                <title>Epitaph of Crispia Salvia</title>
                <editor ref="#JP">Jonathan Prag</editor>
                <principal ref="#JP">Jonathan Prag</principal>
                <funder>John Fell OUP Research Fund</funder>
	   <funder><ref target="https://cordis.europa.eu/project/id/885040">ERC Advanced Grant no.885040</ref></funder>
                <respStmt>
                    <name xml:id="JP" ref="http://orcid.org/0000-0003-3819-8537">Jonathan Prag</name>
                    <resp>original data collection and editing</resp>
                </respStmt>
                <respStmt>
                    <name xml:id="JCu" ref="http://orcid.org/0000-0002-6686-3728">James Cummings</name>
                    <resp>conversion to EpiDoc</resp>
                </respStmt>
                <respStmt>
                    <name xml:id="JCh" ref="http://orcid.org/0000-0001-6823-0265">James Chartrand</name>
                    <resp>site construction and encoding</resp>
                </respStmt>
                <respStmt>
                    <name xml:id="VV" ref="http://orcid.org/0000-0002-9695-0240">Valeria Vitale</name>
                    <resp>editing of geo data</resp>
                </respStmt>
                <respStmt>
                    <name xml:id="MM">Michael Metcalfe</name>
                    <resp>museum data collection</resp>
                </respStmt>
	    <respStmt>
     	       <name xml:id="SS" ref="https://orcid.org/0000-0003-3914-9569">Simona Stoyanova</name>
     	       <resp>standardisation of template and tidying up encoding</resp>
 	   </respStmt>
	    <respStmt>
                    <name xml:id="system">system</name>
                    <resp>automated or batch processes</resp>
                </respStmt>
            </titleStmt>
            <publicationStmt>
                <authority>I.Sicily</authority>
                <idno type="filename">ISic0079</idno>
                <idno type="TM">491382</idno>
                <idno type="EDR"/>
                <idno type="EDH"/>
                <idno type="EDCS">3000420</idno>
                <idno type="PHI"/>
                <idno type="URI">http://sicily.classics.ox.ac.uk/inscription/ISic0079</idno>
                <idno type="DOI" when="2020-12-17">10.5281/zenodo.4334051</idno>
                <availability>
                    <licence target="http://creativecommons.org/licenses/by/4.0/">Licensed under a Creative
                        Commons-Attribution 4.0 licence.
                    </licence>
                </availability>
            </publicationStmt>
            <sourceDesc>
                <msDesc>
                    <msIdentifier>
                        <country>Italy</country>
                        <region>Sicily</region>
                        <settlement>Marsala</settlement>
                        <repository role="museum" ref="http://sicily.classics.ox.ac.uk/museum/108">Museo archeologico
                            regionale Lilibeo Marsala - Baglio Anselmi
                        </repository>
                        <idno type="inventory">3701</idno>
                        <!--Adding location for old id numbers if available-->
                        <altIdentifier>
                            <settlement/>
                            <repository/>
                            <idno type="old"/>
                        </altIdentifier>
                    </msIdentifier>
                    <msContents>
                        <textLang mainLang="la">Latin</textLang>
                    </msContents>
                    <physDesc>
                        <objectDesc>
                            <supportDesc>
                                <support>
                                    <material key="stone" ref="http://www.eagle-network.eu/voc/material/lod/2.html">stone
                                    </material>
                                    <objectType key="tabula" ref="http://www.eagle-network.eu/voc/objtyp/lod/257">tabula
                                    </objectType>
                                    <dimensions><!--Default values and requires editing-->
                                        <height unit="cm"/>
                                        <width unit="cm"/>
                                        <depth unit="cm"/>
                                    </dimensions>
                                </support>
                                <condition/>
		    </supportDesc>
                            <layoutDesc>
                                <layout><!--Default value and requires checking-->
                                    <rs type="execution" ref="http://www.eagle-network.eu/voc/writing/lod/1">Engraved
                                    </rs>
                                </layout>
                            </layoutDesc>
                        </objectDesc>
                        <handDesc>
                            <handNote><!--Default value and requires editing-->
                                <locus from="line1" to="line1">Line 1</locus>
                                <dimensions type="letterHeight">
                                    <height unit="mm"/>
                                </dimensions>
                                <locus from="line1" to="line2">Interlineation line 1 to 2</locus>
                                <dimensions type="interlinear">
                                    <height unit="mm"/>
                                </dimensions>
                            </handNote>
                        </handDesc>
                    </physDesc>
                    <history>
                        <origin>
                            <origPlace>
                                <placeName type="ancient" ref="http://pleiades.stoa.org/places/462281">Lilybaeum</placeName>		
                                <placeName type="modern" ref="http://sws.geonames.org/6542148">Marsala</placeName>
                            	<geo>37.80355, 12.4379</geo>
		</origPlace>
                            <origDate datingMethod="#julian" notBefore-custom="0100" notAfter-custom="0200" evidence="archaeological-context">C2 AD</origDate>
                        </origin>
                        <provenance type="found">From the hypogeum of Crispia Salvia, on via Massimo D'Azeglio, Marsala <geo>37.8044224,12.4372473</geo>; three fragments remain in situ, the fourth now in the Baglio Anselmi museum. The hypogeum was excavated in 1996.</provenance>
                        <provenance type="observed" subtype="autopsied" resp="#MM">Metcalfe 2015.04.18</provenance>
                        <acquisition>Marsala, Museo archeologico regionale Lilibeo Marsala - Baglio Anselmi
                        </acquisition>
                    </history>
                    <additional>
                        <adminInfo>
                            <note type="location">Display</note>
                        </adminInfo>
                    </additional>
                </msDesc>
            </sourceDesc>
        </fileDesc>
        <profileDesc>
            <calendarDesc>
                <calendar xml:id="julian">
                    <p>Julian Calendar</p>
                </calendar>
            </calendarDesc>
            <langUsage>
                <language ident="en">English</language>
                <language ident="it">Italian</language>
                <language ident="grc">Ancient Greek</language>
                <language ident="la">Latin</language>
                <language ident="he">Hebrew</language>
                <language ident="phn">Phoenician</language>
                <language ident="xpu">Punic</language>
                <language ident="osc">Oscan</language>
                <language ident="xly">Elymian</language>
                <language ident="scx">Sikel</language>
                <language ident="sxc">Sikan</language>
            </langUsage>
            <textClass>
                <keywords scheme="http://www.eagle-network.eu/voc/typeins.html">
                    <term key="funerary" ref="http://www.eagle-network.eu/voc/typeins/lod/92.html">funerary</term>
                </keywords>
            </textClass>
        </profileDesc>
        <revisionDesc status="draft">
            <listChange>
                <change when="2016-12-03" who="#JCu">James Cummings autogenerated EpiDoc output from database</change>
                <change when="2020-02-05" who="#JP">Jonathan Prag edited the file and added images</change>
            	   <change when="2020-10-05" who="#SS">Simona Stoyanova normalised Unicode</change>
            	   <change when="2020-10-08" who="#SS">Simona Stoyanova updated list of languages</change>
            	<change when="2020-11-20" who="#SS">Simona Stoyanova added EDCS numbers</change>
		<change when="2020-11-26" who="#SS">Simona Stoyanova restructured bibliography</change>
	    <change when="2020-12-17" who="#system">Updated Zenodo DOI</change>
            </listChange>
        </revisionDesc>
    </teiHeader>
    <facsimile>
        <surface type="front">
            <graphic n="screen" url="ISic0079_a_tiled.tif" height="3711px" width="3989px">
                <desc>Photo R.J.A. Wilson</desc>
            </graphic>
            <graphic n="print" url="ISic0079_a.jpg" height="3711px" width="3989px">
                <desc>Photo R.J.A. Wilson</desc>
            </graphic>
            <graphic n="screen" url="ISic0079_b_tiled.tif" height="6000px" width="4000px">
                <desc>Photo R.J.A. Wilson</desc>
            </graphic>
            <graphic n="print" url="ISic0079_b.jpg" height="6000px" width="4000px">
                <desc>Photo R.J.A. Wilson</desc>
            </graphic>
        </surface>
    </facsimile>
    <text>
        <body>
            <div type="edition" xml:space="preserve" xml:lang="la" resp="#JP">
                <ab>
                    <lb n="1"/><g ref="http://sicily.classics.ox.ac.uk/alists/listglyph.xml#palmbranch"/>Crispia <g ref="http://sicily.classics.ox.ac.uk/alists/listglyph.xml#leaf">❦</g> Salvia
                    <lb n="2"/>vixit a<unclear>n</unclear>nos
                    <lb n="3"/>plus mi<unclear>nu</unclear>s <num value="45"><hi rend="supraline">XL<hi rend="small">V</hi></hi></num>
                    <lb n="4"/>uxori dulcissi<hi rend="ligature">mae</hi>
                    <lb n="5"/>Iulius Demetri
                    <lb n="6" break="no"/>us maritus q<hi rend="ligature">ua</hi><hi rend="small">e</hi>
                    <lb n="7"/>vixit cum suo
                    <lb n="8"/>marito <expan><abbr>ann</abbr><ex>os</ex></expan> <num value="15"><hi rend="supraline">X<hi rend="small">V</hi></hi></num>
                    <lb n="9"/>libenti animo
                </ab>
            </div>
            <div type="apparatus">
                <listApp><app><note>text after Bivona corrected against photographs</note></app></listApp>
            </div>
            <div type="translation" xml:lang="en" resp="#JP">
                <p>Crispia Salvia lived for more or less 45 years. Iulius Demetrius her husband (set this up) for his most beloved wife, who lived with her husband for 15 years with a cheerful spirit.</p>
            </div>
            <div type="commentary">
                <p><!--commented out pending revision-->
                    <!--In a unique tomb, of 6 burials, hypogeum type, walls painted. In memory of Crispia Salvia. Now seen on display in Baglio Anselmi, where the right side appears to be missing--></p>
            </div>
            <div type="bibliography">
                <listBibl type="edition">
                    <bibl type="bulletin" n="AE">
                        <citedRange>2000.0641</citedRange>
                        <ptr target="http://zotero.org/groups/382445/items/R46KDTZX"/>
                    </bibl>
                    <bibl type="bulletin" n="AE">
                        <citedRange>1996.0810</citedRange>
                        <ptr target="http://zotero.org/groups/382445/items/R46KDTZX"/>
                    </bibl>
                    <bibl>
                        <author>Bivona</author>
                        <date>1997-1998</date>
                        <citedRange>613</citedRange>
                        <ptr target="https://www.zotero.org/groups/382445/items/CK5K5DDG"/>
                    </bibl>
                    <bibl>
                        <author>Giglio</author>
                        <date>1996</date>
                        <citedRange>14 fig.20-21</citedRange>
                        <ptr target="https://www.zotero.org/groups/382445/items/WRKB2WT6"/>
                    </bibl>
                </listBibl>
	   <listBibl type="discussion"><bibl/></listBibl>
            </div>
        </body>
    </text>
</TEI>