<?xml version="1.0" encoding="UTF-8"?>
<?xml-model href="http://www.stoa.org/epidoc/schema/latest/tei-epidoc.rng" type="application/xml" schematypens="http://relaxng.org/ns/structure/1.0"?>
<?xml-model href="../schematron/ircyr-checking.sch" schematypens="http://purl.oclc.org/dsdl/schematron"?>                                                
<TEI xmlns="http://www.tei-c.org/ns/1.0" xml:lang="en">
    <teiHeader>
        <fileDesc>
            <titleStmt>
                <title>I.Sicily inscription 0094</title>
                <editor ref="#JP">Jonathan Prag</editor>
                <principal ref="#JP">Jonathan Prag</principal>
                <funder>John Fell OUP Research Fund</funder>
	   <funder><ref target="https://cordis.europa.eu/project/id/885040">ERC Advanced Grant no.885040</ref></funder>
                <respStmt>
                    <name xml:id="JP" ref="http://orcid.org/0000-0003-3819-8537">Jonathan Prag</name>
                    <resp>original data collection and editing</resp>
                </respStmt>
                <respStmt>
                    <name xml:id="JCu" ref="http://orcid.org/0000-0002-6686-3728">James Cummings</name>
                    <resp>conversion to EpiDoc</resp>
                </respStmt>
                <respStmt>
                    <name xml:id="JCh" ref="http://orcid.org/0000-0001-6823-0265">James Chartrand</name>
                    <resp>site construction and encoding</resp>
                </respStmt>
                <respStmt>
                    <name xml:id="VV" ref="http://orcid.org/0000-0002-9695-0240">Valeria Vitale</name>
                    <resp>editing of geo data</resp>
                </respStmt>
                <respStmt>
                    <name xml:id="MM">Michael Metcalfe</name>
                    <resp>museum data collection</resp>
                </respStmt>
                <respStmt>
                    <name xml:id="TA" ref="https://orcid.org/0000-0001-8417-7089">Tuuli Ahlholm</name>
                    <resp>EpiDoc editing</resp>
                </respStmt>
	    <respStmt>
     	       <name xml:id="SS" ref="https://orcid.org/0000-0003-3914-9569">Simona Stoyanova</name>
     	       <resp>standardisation of template and tidying up encoding</resp>
 	   </respStmt>
	    <respStmt>
                    <name xml:id="system">system</name>
                    <resp>automated or batch processes</resp>
                </respStmt>
            </titleStmt>
            <publicationStmt>
                <authority>I.Sicily</authority>
                <idno type="filename">ISic0094</idno>
                <idno type="TM">285286</idno>
                <idno type="EDR">127507</idno>
                <idno type="EDH"/>
                <idno type="EDCS">22100049</idno>
                <idno type="PHI"/>
                <idno type="URI">http://sicily.classics.ox.ac.uk/inscription/ISic0094</idno>
                <idno type="DOI" when="2020-12-17">10.5281/zenodo.4334107</idno>
                <availability>
                    <licence target="http://creativecommons.org/licenses/by/4.0/">Licensed under a Creative
                        Commons-Attribution 4.0 licence.
                    </licence>
                </availability>
            </publicationStmt>
            <sourceDesc>
                <msDesc>
                    <msIdentifier>
                        <country>Italy</country>
                        <region>Sicily</region>
                        <settlement>Lost</settlement>
                        <repository><!--Add Repository Here--></repository>
                        <!--No inventory number found-->
                        <!--Adding location for old id numbers if available-->
                        <altIdentifier>
                            <settlement/>
                            <repository/>
                            <idno type="old"/>
                        </altIdentifier>
                    </msIdentifier>
                    <msContents>
                        <textLang mainLang="la">Latin</textLang>
                    </msContents>
                    <physDesc>
                        <objectDesc>
                            <supportDesc>
                                <support>
                                    <material key="stone" ref="http://www.eagle-network.eu/voc/material/lod/2.html">stone
                                    </material>
                                    <dimensions>
                                        <!--Default values and requires editing-->
                                        <height unit="cm"/>
                                        <width unit="cm"/>
                                        <depth unit="cm"/>
                                    </dimensions>
                                </support>
                                <condition/>
		    </supportDesc>
                            <layoutDesc>
                                <layout>
                                    <rs type="execution" ref="http://www.eagle-network.eu/voc/writing/lod/1">Engraved
                                    </rs>
                                </layout>
                            </layoutDesc>
                        </objectDesc>
                        <handDesc>
                            <handNote><!--Default value and requires editing-->
                                <locus from="line1" to="line1">Line
                                    1
                                </locus>
                                <dimensions type="letterHeight">
                                    <height unit="mm"/>
                                </dimensions>
                                <locus from="line1" to="line2">Interlineation line 1 to
                                    2
                                </locus>
                                <dimensions type="interlinear">
                                    <height unit="mm"/>
                                </dimensions>
                            </handNote>
                        </handDesc>
                    </physDesc>
                    <history>
                        <origin>
                            <origPlace>
                                <placeName type="ancient" ref="http://pleiades.stoa.org/places/462513" cert="low">Thermae Himeraeae</placeName>		
                                <placeName type="modern" ref="http://sws.geonames.org/6539140">Termini Imerese</placeName>
                            	<geo>37.98365, 13.69555</geo>
		</origPlace>
                            <origDate datingMethod="#julian" notBefore-custom="0001" notAfter-custom="0050">Probably C1 AD, connected with colony's estab.; Wilson would make it pre-Claudius probably (1990, n.58 (p.359)
                            </origDate>
                        </origin>
                        <provenance type="found"/>
                        <provenance type="observed" subtype="autopsied">No Autopsy</provenance>
                        <acquisition>Lost</acquisition>
                    </history>
                </msDesc>
            </sourceDesc>
        </fileDesc>
        <profileDesc>
            <calendarDesc>
                <calendar xml:id="julian">
                    <p>Julian Calendar</p>
                </calendar>
            </calendarDesc>
            <langUsage>
                <language ident="en">English</language> 
                <language ident="it">Italian</language> 
                <language ident="grc">Ancient Greek</language> 
                <language ident="la">Latin</language> 
                <language ident="he">Hebrew</language> 
                <language ident="phn">Phoenician</language>
                <language ident="xpu">Punic</language>
                <language ident="osc">Oscan</language> 
                <language ident="xly">Elymian</language> 
                <language ident="scx">Sikel</language>  
                <language ident="sxc">Sikan</language>  
            </langUsage>
            <textClass>
                <keywords scheme="http://www.eagle-network.eu/voc/typeins.html">
                    <term key="honorific" ref="http://www.eagle-network.eu/voc/typeins/lod/69.html">honorific
                    </term>
                </keywords>
            </textClass>
        </profileDesc>
        <revisionDesc status="draft">
            <listChange>
                <change when="2016-12-03" who="#JCu">James Cummings autogenerated EpiDoc output from database</change>
                <change when="2017-11-16" who="#JP">Jonathan Prag added a bibl element</change>
                <change when="2018-05-18" who="#TA">Tuuli Ahlholm cleaned up the autogenerated text and added an apparatus</change>
            	   <change when="2020-10-05" who="#SS">Simona Stoyanova normalised Unicode</change>
            	   <change when="2020-10-08" who="#SS">Simona Stoyanova updated list of languages</change>
            	<change when="2020-11-20" who="#SS">Simona Stoyanova added EDCS numbers</change>
		<change when="2020-11-26" who="#SS">Simona Stoyanova restructured bibliography</change>
	    <change when="2020-12-17" who="#system">Updated Zenodo DOI</change>
            </listChange>
        </revisionDesc>
    </teiHeader>
    <facsimile>
        <surface/>
        <!--delete empty surface above and uncomment template below if needed-->
        <!--
    <surface type="front">
      <graphic n="screen" url="{concat('ISic', $num, '_tiled.tif')}"
        height="4912px" width="7360px">
        <desc>Add Description Here</desc>
      </graphic>
      <graphic n="print" url="{concat('ISic', $num, '.jpg')}" height="3680px" width="5520px">
        <desc>Add Description Here</desc>
      </graphic>
    </surface>

      -->
    </facsimile>
    <text>
        <body>
            <div type="edition" xml:space="preserve" xml:lang="la">
                <ab>
                    <lb n="1"/><expan><abbr>M</abbr><ex>arco</ex></expan> <g type="interpunct">·</g> Cestio <g type="interpunct">·</g> <expan><abbr>P</abbr><ex>ubli</ex></expan> <g type="interpunct">·</g> <expan><abbr>f</abbr><ex>ilio</ex></expan> <g type="interpunct">·</g> <expan><abbr>Cla</abbr><ex>udia</ex></expan>
                    <lb n="2"/>primo <g type="interpunct">·</g> pilo <g type="interpunct">·</g> <expan><abbr>praef</abbr><ex>ecto</ex></expan>
                    <lb n="3"/>fabrum <g type="interpunct">·</g> <expan><abbr>trib</abbr><ex>uno</ex></expan> <g type="interpunct">·</g> <expan><abbr>mil</abbr><ex>itum</ex></expan>
                    <lb n="4"/><expan><abbr><num value="2"><hi rend="supraline">II</hi></num>vir</abbr><ex>o</ex></expan> <g type="interpunct">·</g> ex <g type="interpunct">·</g> <expan><abbr>d</abbr><ex>ecreto</ex></expan> <g type="interpunct">·</g> <expan><abbr>d</abbr><ex>ecurionum</ex></expan>
                </ab>
            </div>
                <div type="apparatus">
                    <listApp>
                        <app><note>Text of ILTermini</note></app>
                    </listApp>
                </div>
            <div type="translation">
                <p><!--translation(s) - add @xml:lang for 'en' or 'it' to div--></p>
            </div>
            <div type="commentary">
                <p><!--commented out pending revision-->
                    <!--Marco Cestio Publi filio Claudia tribu primo pilo praefecto fabrum tribuno militum IIviro ex decreto decurionum. Probably as one of the first magistrates of the colony, in the establishment of which he may well have played a direct role. A M. Cestius appears also on coinage of Henna as IIvir. Cf. CIL 10.7439 for honorifc to another Tr.Mil. (Cn. Pollienus) but without indications of public honorifc.--></p>
            </div>
            <div type="bibliography">
                <listBibl type="edition">
                    <bibl type="corpus" n="CIL">
                        <citedRange>
                            <ref target="http://arachne.uni-koeln.de/item/buchseite/650796">10.7348
                            </ref>
                        </citedRange>
                        <ptr target="https://www.zotero.org/groups/382445/items/GQN8UZSI"/>
                    </bibl>
                    <bibl type="corpus" n="ILMusTermini">
                        <citedRange>12</citedRange>
                        <ptr target="https://www.zotero.org/groups/382445/items/JCV85C79"/>
                    </bibl>
                    <bibl>
                        <author>Manganaro</author>
                        <date>1988</date>
                        <citedRange>42</citedRange>
                        <ptr target="https://www.zotero.org/groups/382445/items/RZSFKACR"/>
                    </bibl>
                    <bibl>
                        <author>Wilson</author>
                        <date>1990</date>
                        <citedRange>38-39 n.58</citedRange>
                        <ptr target="https://www.zotero.org/groups/382445/items/VF9MMBI9"/>
                    </bibl>
                </listBibl>
	   <listBibl type="discussion"><bibl/></listBibl>
            </div>
        </body>
    </text>
</TEI>