<?xml version="1.0" encoding="UTF-8"?>
<?xml-model href="http://www.stoa.org/epidoc/schema/latest/tei-epidoc.rng" type="application/xml" schematypens="http://relaxng.org/ns/structure/1.0"?>
<?xml-model href="../schematron/ircyr-checking.sch" schematypens="http://purl.oclc.org/dsdl/schematron"?>                                                
<TEI xmlns="http://www.tei-c.org/ns/1.0" xml:lang="en">
    <teiHeader>
        <fileDesc>
            <titleStmt>
                <title>
                    <seg xml:lang="en">Inscribed base of a dedication to Venus Victrix</seg>
                </title>
                <editor ref="#JP">Jonathan Prag</editor>
                <principal ref="#JP">Jonathan Prag</principal>
                <funder>John Fell OUP Research Fund</funder>
	   <funder><ref target="https://cordis.europa.eu/project/id/885040">ERC Advanced Grant no.885040</ref></funder>
                <respStmt>
                    <name xml:id="JP" ref="http://orcid.org/0000-0003-3819-8537">Jonathan
                        Prag
                    </name>
                    <resp>original data collection and editing</resp>
                </respStmt>
                <respStmt>
                    <name xml:id="JCu" ref="http://orcid.org/0000-0002-6686-3728">James
                        Cummings
                    </name>
                    <resp>conversion to EpiDoc</resp>
                </respStmt>
                <respStmt>
                    <name xml:id="JCh" ref="http://orcid.org/0000-0001-6823-0265">James
                        Chartrand
                    </name>
                    <resp>site construction and encoding</resp>
                </respStmt>
                <respStmt>
                    <name xml:id="VV" ref="http://orcid.org/0000-0002-9695-0240">Valeria
                        Vitale
                    </name>
                    <resp>editing of geo data</resp>
                </respStmt>
                <respStmt>
                    <name xml:id="MM">Michael Metcalfe</name>
                    <resp>museum data collection</resp>
                </respStmt>
                <respStmt>
                    <name xml:id="SA">Serena Agodi</name>
                    <resp>Italian translation</resp>
                </respStmt>
                <respStmt>
                    <name xml:id="system">system</name>
                    <resp>automated or batch processes</resp>
                </respStmt>
	    <respStmt>
     	       <name xml:id="SS" ref="https://orcid.org/0000-0003-3914-9569">Simona Stoyanova</name>
     	       <resp>standardisation of template and tidying up encoding</resp>
 	   </respStmt>
	</titleStmt>
            <publicationStmt>
                <authority>I.Sicily</authority>
                <idno type="filename">ISic0297</idno>
                <idno type="TM">491509</idno>
                <idno type="EDR"/>
                <idno type="EDH"/>
                <idno type="EDCS">21900332</idno>
                <idno type="PHI"/>
                <idno type="URI">http://sicily.classics.ox.ac.uk/inscription/ISic0297</idno>
                <idno type="DOI" when="2020-09-10">10.5281/zenodo.4022604</idno>
                <idno type="URI">http://sicily.classics.ox.ac.uk/inscription/ISic0297</idno>
                <idno type="DOI" when="2020-12-17">10.5281/zenodo.4334865</idno>
                <availability>
                    <licence target="http://creativecommons.org/licenses/by/4.0/">Licensed under a
                        Creative Commons-Attribution 4.0 licence.
                    </licence>
                </availability>
            </publicationStmt>
            <sourceDesc>
                <msDesc>
                    <msIdentifier>
                        <country>Italy</country>
                        <region>Sicily</region>
                        <settlement>Catania</settlement>
                        <repository role="museum" ref="http://sicily.classics.ox.ac.uk/museum/018">Museo Civico di
                            Catania
                        </repository>
                        <idno type="inventory">354</idno>
                        <altIdentifier>
                            <settlement/>
                            <repository/>
                            <idno type="old"/>
                        </altIdentifier>
                    </msIdentifier>
                    <msContents>
                        <textLang mainLang="la">
                            <seg xml:lang="en">Latin</seg>
                        </textLang>
                    </msContents>
                    <physDesc>
                        <objectDesc>
                            <supportDesc>
                                <support>
                                    <material key="marble" ref="http://www.eagle-network.eu/voc/material/lod/48.html">
                                        <seg xml:lang="en">marble</seg>
                                    </material>
                                    <objectType ref="http://www.eagle-network.eu/voc/objtyp/lod/57.html">
                                        <seg xml:lang="en">statue base</seg>
                                    </objectType>
                                    <p>
                                        <seg xml:lang="en">A small
                                            hexagonal base, with moulding at top and bottom. An oval
                                            cavity is visible in the top surface into which the
                                            original votive statue will have been
                                            inserted.
                                        </seg>
                                    </p>
                                    <dimensions>
                                        <height unit="cm">37.4</height>
                                        <width unit="cm">17.3</width>
                                        <depth unit="cm">23</depth>
                                    </dimensions>
                                </support>
                                <condition/>
		    </supportDesc>
                            <layoutDesc>
                                <layout>
                                    <rs type="execution" ref="http://www.eagle-network.eu/voc/writing/lod/1">
                                        <seg xml:lang="en">Engraved</seg>
                                    </rs>
                                    <seg xml:lang="en">A Latin text over 10 lines, engraved on the narrow front face
                                        of the base. The engraved face is 8 cm wide by 27.7 cm high.
                                        The majority of the words are run over onto the following
                                        line, with the final letters centred, suggesting that the
                                        visual effect was prioritised over the sense of the words.
                                        The text is large and well spaced in the upper part,
                                        becoming compressed towards the end, with the final lines
                                        overlapping.
                                    </seg>
                                </layout>
                            </layoutDesc>
                        </objectDesc>
                        <handDesc>
                            <handNote>
                                <seg xml:lang="en">Deeply, but rather irregularly cut letters.
                                    Y and T are tall, as is I in line 4; R is closed. Interpuncts in
                                    the form of a comma.
                                </seg>
                                <locus from="line1" to="line10">Line 1-10</locus>
                                <dimensions type="letterHeight">
                                    <height unit="mm">12-29</height>
                                </dimensions>
                                <locus from="line1" to="line2"/>
                                <dimensions type="interlinear">
                                    <height unit="mm"/>
                                </dimensions>
                            </handNote>
                        </handDesc>
                    </physDesc>
                    <history>
                        <origin>
                            <origPlace>
                                <placeName type="ancient" ref="http://pleiades.stoa.org/places/462251">Hybla Gereatis</placeName>		
                                <placeName type="modern" ref="http://sws.geonames.org/2523866">Paternò</placeName>
                            	<geo>37.56675, 14.90254</geo>
		</origPlace>
                            <origDate datingMethod="#julian" notBefore-custom="0050" notAfter-custom="0200">
                                <seg xml:lang="en">Korhonen suggests a date between the second half of the first
                                    and the end of the second century AD
                                </seg>
                            </origDate>
                        </origin>
                        <provenance type="found">
                            <seg xml:lang="en">Dug up in 1759 in the territory
                                of Paternò (according to Torremuzza)
                            </seg>
                        </provenance>
                        <provenance type="observed" subtype="autopsied" resp="#JP">2017.03.20</provenance>
                        <acquisition>Catania, Museo Civico di Catania no. 354</acquisition>
                    </history>
                    <additional>
                        <adminInfo>
                            <note type="location">Display, Voci di pietra no.16</note>
                        </adminInfo>
                    </additional>
                </msDesc>
            </sourceDesc>
        </fileDesc>
        <profileDesc>
            <calendarDesc>
                <calendar xml:id="julian">
                    <p>Julian Calendar</p>
                </calendar>
            </calendarDesc>
            <langUsage>
                <language ident="en">English</language>
                <language ident="it">Italian</language>
                <language ident="grc">Ancient Greek</language>
                <language ident="la">Latin</language>
                <language ident="he">Hebrew</language>
                <language ident="phn">Phoenician</language>
                <language ident="xpu">Punic</language>
                <language ident="osc">Oscan</language>
                <language ident="xly">Elymian</language>
                <language ident="scx">Sikel</language>
                <language ident="sxc">Sikan</language>
            </langUsage>
            <textClass>
                <keywords scheme="http://www.eagle-network.eu/voc/typeins.html">
                    <term key="dedication" ref="http://www.eagle-network.eu/voc/typeins/lod/88.html">
                        <seg xml:lang="en">dedication</seg>
                    </term>
                </keywords>
            </textClass>
        </profileDesc>
        <revisionDesc status="edited">
            <listChange>
                <change when="2016-12-03" who="#JCu">James Cummings autogenerated EpiDoc output from
                    database
                </change>
                <change when="2016-12-23" who="#JP">Jonathan Prag checked and made initial revisions
                    to EpiDoc
                </change>
                <change when="2017-06-29" who="#JP">Jonathan Prag made further revisions to the
                    file
                </change>
                <change when="2017-07-06" who="#JP">Jonathan Prag added elements for parallel
                    Italian
                </change>
                <change when="2017-12-03" who="#JP">Jonathan Prag cleaned epidoc</change>
                <change when="2020-09-10" who="#system">Updated Zenodo DOI</change>
            	   <change when="2020-10-05" who="#SS">Simona Stoyanova normalised Unicode</change>
            	   <change when="2020-10-08" who="#SS">Simona Stoyanova updated list of languages</change>
            	<change when="2020-11-20" who="#SS">Simona Stoyanova added EDCS numbers</change>
		<change when="2020-11-26" who="#SS">Simona Stoyanova restructured bibliography</change>
	    <change when="2020-12-17" who="#system">Updated Zenodo DOI</change>
            </listChange>
        </revisionDesc>
    </teiHeader>
    <facsimile>
        <surface type="front">
            <graphic n="screen" url="ISic0297_tiled.tif" height="3744px" width="5616px">
                <desc>Photograph of front face by Liceo M.M. Lazzaro</desc>
            </graphic>
            <graphic n="screen" url="ISic0297.jpg" height="3744px" width="5616px">
                <desc>Photograph of front face by Liceo M.M. Lazzaro</desc>
            </graphic>
        </surface>
        <!--<surface type="top">
            <graphic n="screen" url="ISic0297_top.jpg" >
                <desc>Photograph of front face by Liceo M.M. Lazzaro</desc>
            </graphic>
        </surface>
        <surface type="threequarter">
            <graphic n="screen" url="ISic0297_3q.jpg" >
                <desc>Photograph of front face by Liceo M.M. Lazzaro</desc>
            </graphic>
        </surface>
        <surface type="scale">
            <graphic n="screen" url="ISic0297_scale.jpg" >
                 <desc>Photograph of front face by Liceo M.M. Lazzaro</desc>
            </graphic>
         </surface>
         <surface type="bottom">
            <graphic n="screen" url="ISic0297_bottom.jpg" >
                <desc>Photograph of front face by Liceo M.M. Lazzaro</desc>
              </graphic>
          </surface>
           <surface type="left">
                <graphic n="screen" url="ISic0297_left.jpg" >
                       <desc>Photograph of front face by Liceo M.M. Lazzaro</desc>
                </graphic>
           </surface>
            <surface type="right">
                <graphic n="screen" url="ISic0297_right.jpg" >
                    <desc>Photograph of front face by Liceo M.M. Lazzaro</desc>
                </graphic>
            </surface>-->
    </facsimile>
    <text>
        <body>
            <div type="edition" xml:space="preserve" xml:lang="la" resp="#JP">
                <ab>
                    <lb n="1"/>Vener
                    <lb n="2" break="no"/>ri
                    <lb n="3"/>Victri
                    <lb n="4" break="no"/>ci ·
                    <lb n="5"/>Hyblen
                    <lb n="6" break="no"/>si ·
                    <lb n="7"/>
                    <persName>
                        <name>
                            <expan>
                                <abbr>C</abbr>
                                <ex>aius</ex>
                            </expan>
                        </name>
                        <name>
                            <expan>
                                <abbr>
                                    Public
                                </abbr>
                                <ex>ius</ex>
                            </expan>
                        </name>
                        <lb n="8"/>
                        <name>Dona
                            <lb n="9" break="no"/>tus
                        </name>
                    </persName>
                    <lb n="10"/>
                    <expan>
                        <abbr>d</abbr>
                        <ex>ono</ex>
                    </expan>
                    ·
                    <expan>
                        <abbr>d</abbr>
                        <ex>edit</ex>
                    </expan>
                </ab>
            </div>
            <div type="apparatus">
                <listApp>
                    <app>
                        <note>Text of Prag based on autopsy</note>
                    </app>
                </listApp>
            </div>
            <div type="translation" xml:lang="en" resp="#JP">
                <p>(Dedicated to) Venus Victrix Hyblensis. Caius Publicius Donatus gave this as a
                    gift.
                </p>
            </div>
            <div type="translation" xml:lang="it" resp="#SA">
                <p>Alla Venere Vincitrice ibleense Caio Publicio Donato offrì in dono.</p>
            </div>
            <div type="commentary" xml:lang="en" resp="#JP">
                <p>This statue base is the only Latin inscription from Paternò, and is important
                    both for its dedication to Venus Victrix (Venus Victorious) and for the
                    reference to Hybla. This is the only dedication to Venus Victrix from Sicily,
                    although dedications are found across the Roman Empire, especially in the
                    northern and western provinces. The epithet ‘Hyblensis’, ‘of Hybla’ provides
                    important evidence (but not proof) for the identification of Paternò with
                    ancient Hybla Gereatis, although at least two cities in ancient Sicily were
                    called Hybla. The statue was already missing when the base was found, but there
                    is good evidence for the Venus Victrix type, principally from Roman coins from
                    the time of Julius Caesar onwards.
                </p>
            </div>
            <div type="bibliography">
                <listBibl type="edition">
                    <bibl type="corpus" n="CIL">
                        <citedRange>
                            <ref target="http://arachne.uni-koeln.de/books/CILv10pII1883">10.7013
                            </ref>
                        </citedRange>
                        <ptr target="https://www.zotero.org/groups/382445/items/GQN8UZSI"/>
                    </bibl>
                    <bibl type="corpus" n="IMusCatania">
                        <citedRange>237</citedRange>
                        <ptr target="https://www.zotero.org/groups/382445/items/2EUC82DH"/>
                    </bibl>
                    <bibl>
                        <author>Pace</author>
                        <date>1945</date>
                        <citedRange>508
                            fig.137
                        </citedRange>
                        <ptr target="https://www.zotero.org/groups/382445/items/PDHB9BT9"/>
                    </bibl>
                    <bibl>
                        <author>Manganaro</author>
                        <date>1964</date>
                        <citedRange>433</citedRange>
                        <ptr target="https://www.zotero.org/groups/382445/items/TXU8J3WF"/>
                    </bibl>
                    <bibl>
                        <author>Manganaro</author>
                        <date>1977</date>
                        <citedRange>153</citedRange>
                        <ptr target="http://zotero.org/groups/382445/items/JQHZXXJN"/>
                    </bibl>
                    <bibl>
                        <author>Manganaro</author>
                        <date>1988</date>
                        <citedRange>67</citedRange>
                        <ptr target="https://www.zotero.org/groups/382445/items/RZSFKACR"/>
                    </bibl>
                    <bibl>
                        <author>Wilson</author>
                        <date>1990</date>
                        <citedRange>292</citedRange>
                        <ptr target="https://www.zotero.org/groups/382445/items/VF9MMBI9"/>
                    </bibl>
                    <bibl>
                        <author>Manganaro</author>
                        <date>1996</date>
                        <citedRange>54</citedRange>
                        <ptr target="https://www.zotero.org/groups/382445/items/CVSZ3FGM"/>
                    </bibl>
                    <bibl>
                        <author>Manganaro</author>
                        <date>2000</date>
                        <citedRange>151
                            ph
                        </citedRange>
                        <ptr target="https://www.zotero.org/groups/382445/items/HU84ARFA"/>
                    </bibl>
                    <bibl>
                        <author>Trotta</author>
                        <date>2000</date>
                        <citedRange>158</citedRange>
                        <ptr target="https://www.zotero.org/groups/382445/items/VQA5A9CU"/>
                    </bibl>
                </listBibl>
	   <listBibl type="discussion"><bibl/></listBibl>
            </div>
        </body>
    </text>
</TEI>