<?xml version="1.0" encoding="UTF-8"?>
<?xml-model href="http://www.stoa.org/epidoc/schema/latest/tei-epidoc.rng" type="application/xml" schematypens="http://relaxng.org/ns/structure/1.0"?>
<?xml-model href="../schematron/ircyr-checking.sch" schematypens="http://purl.oclc.org/dsdl/schematron"?>                                                
<TEI xmlns="http://www.tei-c.org/ns/1.0" xml:lang="en">
    <teiHeader>
        <fileDesc>
            <titleStmt>
                <title>Bilingual funerary inscription for Quintus Domitius</title>
                <editor ref="#JP">Jonathan Prag</editor>
                <principal ref="#JP">Jonathan Prag</principal>
                <funder>John Fell OUP Research Fund</funder>
	   <funder><ref target="https://cordis.europa.eu/project/id/885040">ERC Advanced Grant no.885040</ref></funder>
                <respStmt>
                    <name xml:id="JP" ref="http://orcid.org/0000-0003-3819-8537">Jonathan Prag</name>
                    <resp>original data collection and editing</resp>
                </respStmt>
                <respStmt>
                    <name xml:id="JCu" ref="http://orcid.org/0000-0002-6686-3728">James Cummings</name>
                    <resp>conversion to EpiDoc</resp>
                </respStmt>
                <respStmt>
                    <name xml:id="JCh" ref="http://orcid.org/0000-0001-6823-0265">James Chartrand</name>
                    <resp>site construction and encoding</resp>
                </respStmt>
                <respStmt>
                    <name xml:id="VV" ref="http://orcid.org/0000-0002-9695-0240">Valeria Vitale</name>
                    <resp>editing of geo data</resp>
                </respStmt>
                <respStmt>
                    <name xml:id="MM">Michael Metcalfe</name>
                    <resp>museum data collection</resp>
                </respStmt>
                <respStmt>
                    <name xml:id="SA">Serena Agodi</name>
                    <resp>Italian translation</resp>
                </respStmt>
	    <respStmt>
     	       <name xml:id="SS" ref="https://orcid.org/0000-0003-3914-9569">Simona Stoyanova</name>
     	       <resp>standardisation of template and tidying up encoding</resp>
 	   </respStmt>
	    <respStmt>
                    <name xml:id="system">system</name>
                    <resp>automated or batch processes</resp>
                </respStmt>
            </titleStmt>
            <publicationStmt>
                <authority>I.Sicily</authority>
                <idno type="filename">ISic0348</idno>
                <idno type="TM">491557</idno>
                <idno type="EDR"/>
                <idno type="EDH"/>
                <idno type="EDCS">21900386</idno>
                <idno type="PHI">140787</idno>
                <idno type="PHI">316214</idno>
                <idno type="URI">http://sicily.classics.ox.ac.uk/inscription/ISic0348</idno>
                <idno type="DOI" when="2020-12-17">10.5281/zenodo.4335155</idno>
                <availability>
                    <licence target="http://creativecommons.org/licenses/by/4.0/">Licensed under a Creative
                        Commons-Attribution 4.0 licence.
                    </licence>
                </availability>
            </publicationStmt>
            <sourceDesc>
                <msDesc>
                    <msIdentifier>
                        <country>Italy</country>
                        <region>Sicily</region>
                        <settlement>Catania</settlement>
                        <repository role="museum" ref="http://sicily.classics.ox.ac.uk/museum/018">Museo Civico di Catania</repository>
                        <idno type="inventory">939</idno>
                        <altIdentifier>
                            <settlement/>
                            <repository/>
                            <idno type="old"/>
                        </altIdentifier>
                    </msIdentifier>
                    <msContents>
                        <textLang mainLang="la" otherLangs="grc">Latin and Ancient Greek</textLang>
                    </msContents>
                    <physDesc>
                        <objectDesc>
                            <supportDesc>
                                <support>
                                    <material key="limestone" ref="http://www.eagle-network.eu/voc/material/lod/66.html">limestone</material>
                                    <objectType key="tabula" ref="http://www.eagle-network.eu/voc/objtyp/lod/257">tablet</objectType>
                         <dimensions>
                                        <height unit="cm">32</height>
                                        <width unit="cm">69</width>
                                        <depth unit="cm">5.5-7</depth>
                                    </dimensions>
                                </support>
                                <condition/>
		    </supportDesc>
                            <layoutDesc>
                                <layout>
                                    <rs type="execution" ref="http://www.eagle-network.eu/voc/writing/lod/1">Engraved</rs>
                                </layout>
                            </layoutDesc>
                        </objectDesc>
                        <handDesc>
                            <handNote>
                                <locus from="line1" to="line1">Line 1</locus>
                                <dimensions type="letterHeight">
                                    <height unit="mm">27-30</height>
                                </dimensions>
                                <locus from="line1" to="line2">Interlineation line 1 to 2</locus>
                                <dimensions type="interlinear">
                                    <height unit="mm"/>
                                </dimensions>
                            </handNote>
                        </handDesc>
                    </physDesc>
                    <history>
                        <origin>
                            <origPlace>
                                <placeName type="ancient" ref="http://pleiades.stoa.org/places/462270">Catina</placeName>		
                                <placeName type="modern" ref="http://sws.geonames.org/2525068">Catania</placeName>
                            	<geo>37.49223, 15.07041</geo>
		</origPlace>
                            <origDate datingMethod="#julian" notBefore-custom="-0050" notAfter-custom="-0050">Probably first century BC, or early first century AD</origDate>
                        </origin>
                        <provenance type="found">uncertain, but first recorded in the Museo Biscari between 1769 and 1784 - this fact, the form and content of the text make a Sicilian, and most probably Catania origin likely</provenance>
                        <provenance type="observed" subtype="autopsied">No Autopsy</provenance>
                        <acquisition>Catania, Museo Civico di Catania no. 939</acquisition>
                    </history>
                    <additional>
                        <adminInfo>
                            <note type="location">Display, Voci di pietra no.22</note>
                        </adminInfo>
                    </additional>
                </msDesc>
            </sourceDesc>
        </fileDesc>
        <profileDesc>
            <calendarDesc>
                <calendar xml:id="julian">
                    <p>Julian Calendar</p>
                </calendar>
            </calendarDesc>
            <langUsage>
                <language ident="en">English</language> 
                <language ident="it">Italian</language> 
                <language ident="grc">Ancient Greek</language> 
                <language ident="la">Latin</language> 
                <language ident="he">Hebrew</language> 
                <language ident="phn">Phoenician</language>
                <language ident="xpu">Punic</language>
                <language ident="osc">Oscan</language> 
                <language ident="xly">Elymian</language> 
                <language ident="scx">Sikel</language>  
                <language ident="sxc">Sikan</language>  
            </langUsage>
            <textClass>
                <keywords scheme="http://www.eagle-network.eu/voc/typeins.html">
                    <term key="funerary" ref="http://www.eagle-network.eu/voc/typeins/lod/92.html">funerary</term>
                </keywords>
            </textClass>
        </profileDesc>
        <revisionDesc status="draft">
            <listChange>
                <change when="2016-12-03" who="#JCu">James Cummings autogenerated EpiDoc output from database</change>
                <change when="2017-06-11" who="#JP">Jonathan Prag made initial revision of EpiDoc, edited text, added translation</change>
                <change when="2017-07-06" who="#JP">Jonathan Prag added elements for parallel Italian</change>
                <change when="2020-09-10" who="#JP">Jonathan Prag added bibl ref and tidied epidoc</change>
            	   <change when="2020-10-05" who="#SS">Simona Stoyanova normalised Unicode</change>
            	   <change when="2020-10-08" who="#SS">Simona Stoyanova updated list of languages</change>
            	<change when="2020-11-20" who="#SS">Simona Stoyanova added EDCS numbers</change>
		<change when="2020-11-26" who="#SS">Simona Stoyanova restructured bibliography</change>
	    <change when="2020-12-17" who="#system">Updated Zenodo DOI</change>
            </listChange>
        </revisionDesc>
    </teiHeader>
    <facsimile>
        <surface/>
        <!--delete empty surface above and uncomment template below if needed
  <surface type="front">
    <graphic n="screen" url="ISic0348" >
      <desc>Photograph of front face by Liceo M.M. Lazzaro</desc>
    </graphic>
    <graphic n="print" url="{concat('ISic', $num, '.jpg')}" height="3680px" width="5520px">
      <desc>Add Description Here</desc>
    </graphic>
    </surface>
    -->
    </facsimile>
    <text>
        <body>
            <div type="edition" xml:space="preserve" resp="#JP">
                <ab xml:lang="la">
                    <lb n="1"/><expan><abbr>Q</abbr><ex>uinte</ex></expan> Domitei <g type="interpunct">·</g> pei<unclear>e</unclear>
                    <lb n="2"/>salve
                </ab>
                <ab xml:lang="grc">
                    <lb n="3"/>Κόϊντε <g type="interpunct">·</g> Δομίτιε
                    <lb n="4"/>εὐσεβῆ <g type="interpunct">·</g> χαῖ<space quantity="1" unit="character"/>ρε
                </ab>
            </div>
            <div type="apparatus">
                <p><!--external apparatus criticus (if applicable)--></p>
            </div>
            <div type="translation" xml:lang="en" resp="#JP">
                <p>Quintus Domitius, pious, farewell!
                    Quintus Domitius, pious, farewell!
                </p>
            </div>
            <div type="translation" xml:lang="it" resp="#SA">
                <p>Quinto Domizio, pio, addio!
                    Quinto Domizio, pio, addio!
                </p>
            </div>
            <div type="commentary" xml:lang="en">
                <p><!--commented out pending revision-->
                    <!--Q.Domitei peie | Salve; repeated in Greek: Kointe Domitie | eusebe chaire - but note that a) Q. in Latin is written out in full in the Greek; b) the vocative forms of Domitius are diff; Lat: Domitei; Gr: Domitie; Pius in Latin (written Peie) is tranlsated into Eusebe in Greek (Mommsen thought it a name, but Korhonen thinks epithet). Salve becomes Chaire. Korhonen notes also the absence therefore of cognomen, and so this should be a freeborn individual; furthermore the palaeography suggests to K that the cutter was inexperienced with Latin letters, and k notes the omission of filiation. The slab was the tympanon of a tomb (IMusCat 2 reused in a similar tomb).-->
                    The text shows one of the typical differences between Greek and Latin practice: the name Quintus is
                    abbreviated in the Latin version, but written in full in Greek. pius / eusebes could be a third name
                    (cognomen) or just an epithet: the fact that it is translated rather than transliterated, and the
                    fact that pie salve / eusebe chaire is an attested formula in funerary inscriptions (in Latin,
                    specifically in eastern Sicily) suggests it is an epithet. The forms Domitei and peie (for Domiti
                    and pie) suggest the text was written by someone who was primarily a Greek speaker, since it is a
                    Greek tendency to render long Latin i with ei.
                </p>
            </div>
            <div type="bibliography">
                <listBibl type="edition">
                    <bibl type="corpus" n="CIG">
                        <citedRange>3.5705</citedRange>
                        <ptr target="https://www.zotero.org/groups/382445/items/HTUDQBXS"/>
                    </bibl>
                    <bibl type="corpus" n="IG">
                        <citedRange>
                            <ref target="https://clio.columbia.edu/catalog/6873760">14.0472</ref>
                        </citedRange>
                        <ptr target="https://www.zotero.org/groups/382445/items/Q2SBPG9F"/>
                    </bibl>
                    <bibl type="corpus" n="CIL">
                        <citedRange>
                            <ref target="http://arachne.uni-koeln.de/books/CILv10pII1883">10.7064</ref>
                        </citedRange>
                        <ptr target="https://www.zotero.org/groups/382445/items/GQN8UZSI"/>
                    </bibl>
                    <bibl>
                        <author>Manganaro</author>
                        <date>1988</date>
                        <citedRange>49 n.243</citedRange>
                        <ptr target="https://www.zotero.org/groups/382445/items/RZSFKACR"/>
                    </bibl>
                    <bibl type="corpus" n="IMusCatania">
                        <citedRange>74</citedRange>
                        <ptr target="https://www.zotero.org/groups/382445/items/2EUC82DH"/>
                    </bibl>
                </listBibl>
	   <listBibl type="discussion"><bibl/></listBibl>
            </div>
        </body>
    </text>
</TEI>