<?xml version="1.0" encoding="UTF-8"?>
<?xml-model href="http://www.stoa.org/epidoc/schema/latest/tei-epidoc.rng" type="application/xml" schematypens="http://relaxng.org/ns/structure/1.0"?>
<?xml-model href="../schematron/ircyr-checking.sch" schematypens="http://purl.oclc.org/dsdl/schematron"?>                                                
<TEI xmlns="http://www.tei-c.org/ns/1.0" xml:lang="en">
    <teiHeader>
        <fileDesc>
            <titleStmt>
                <title>I.Sicily inscription 0285</title>
                <editor ref="#JP">Jonathan Prag</editor>
                <principal ref="#JP">Jonathan Prag</principal>
                <funder>John Fell OUP Research Fund</funder>
	   <funder><ref target="https://cordis.europa.eu/project/id/885040">ERC Advanced Grant no.885040</ref></funder>
                <respStmt>
                    <name xml:id="JP" ref="http://orcid.org/0000-0003-3819-8537">Jonathan Prag</name>
                    <resp>original data collection and editing</resp>
                </respStmt>
                <respStmt>
                    <name xml:id="JCu" ref="http://orcid.org/0000-0002-6686-3728">James Cummings</name>
                    <resp>conversion to EpiDoc</resp>
                </respStmt>
                <respStmt>
                    <name xml:id="JCh" ref="http://orcid.org/0000-0001-6823-0265">James Chartrand</name>
                    <resp>site construction and encoding</resp>
                </respStmt>
                <respStmt>
                    <name xml:id="VV" ref="http://orcid.org/0000-0002-9695-0240">Valeria Vitale</name>
                    <resp>editing of geo data</resp>
                </respStmt>
                <respStmt>
                    <name xml:id="MM">Michael Metcalfe</name>
                    <resp>museum data collection</resp>
                </respStmt>
                <respStmt>
                    <name xml:id="AA" ref="http://orcid.org/0000-0001-7077-0703">Alex Antoniou</name>
                    <resp>EpiDoc editing and English translation</resp>
                </respStmt>
	    <respStmt>
     	       <name xml:id="SS" ref="https://orcid.org/0000-0003-3914-9569">Simona Stoyanova</name>
     	       <resp>standardisation of template and tidying up encoding</resp>
 	   </respStmt>
	    <respStmt>
                    <name xml:id="system">system</name>
                    <resp>automated or batch processes</resp>
                </respStmt>
            </titleStmt>
            <publicationStmt>
                <authority>I.Sicily</authority>
                <idno type="filename">ISic0285</idno>
                <idno type="TM">491495</idno>
                <idno type="EDR">139643</idno>
                <idno type="EDH"/>
                <idno type="EDCS">22200385</idno>
                <idno type="PHI"/>
                <idno type="URI">http://sicily.classics.ox.ac.uk/inscription/ISic0285</idno>
                <idno type="DOI" when="2020-12-17">10.5281/zenodo.4334863</idno>
                <availability>
                    <licence target="http://creativecommons.org/licenses/by/4.0/">Licensed under a Creative
                        Commons-Attribution 4.0 licence.
                    </licence>
                </availability>
            </publicationStmt>
            <sourceDesc>
                <msDesc>
                    <msIdentifier><!--Default country and region-->
                        <country>Italy</country>
                        <region>Sicily</region>
                        <settlement>Catania</settlement>
                        <repository role="museum" ref="http://sicily.classics.ox.ac.uk/museum/018">Museo Civico di
                            Catania
                        </repository>
                        <idno type="inventory">345</idno>
                        <!--Adding location for old id numbers if available-->
                        <altIdentifier>
                            <settlement/>
                            <repository/>
                            <idno type="old"/>
                        </altIdentifier>
                    </msIdentifier>
                    <msContents>
                        <textLang mainLang="la">Latin</textLang>
                    </msContents>
                    <physDesc>
                        <objectDesc>
                            <supportDesc>
                                <support>
                                    <material key="volcanic" ref="http://www.eagle-network.eu/voc/material/lod/28.html">
                                        volcanic
                                    </material>
                                    <dimensions><!--Default values and requires editing-->
                                        <height unit="cm"/>
                                        <width unit="cm"/>
                                        <depth unit="cm"/>
                                    </dimensions>
                                </support>
                                <condition/>
		    </supportDesc>
                            <layoutDesc>
                                <layout><!--Default value and requires checking-->
                                    <rs type="execution" ref="http://www.eagle-network.eu/voc/writing/lod/1">Engraved
                                    </rs>
                                </layout>
                            </layoutDesc>
                        </objectDesc>
                        <handDesc>
                            <handNote><!--Default value and requires editing-->
                                <locus from="line1" to="line1">Line 1</locus>
                                <dimensions type="letterHeight">
                                    <height unit="mm"/>
                                </dimensions>
                                <locus from="line1" to="line2">Interlineation line 1 to 2</locus>
                                <dimensions type="interlinear">
                                    <height unit="mm"/>
                                </dimensions>
                            </handNote>
                        </handDesc>
                    </physDesc>
                    <history>
                        <origin>
                            <origPlace>
                                <placeName type="ancient" ref="http://pleiades.stoa.org/places/462251" cert="low">Aetna</placeName>		
                                <placeName type="modern" ref="http://sws.geonames.org/2523320">Santa Maria di Licodia</placeName>
                            	<geo>37.56675, 14.90254</geo>
		</origPlace>
                            <origDate datingMethod="#julian" notBefore-custom="0001" notAfter-custom="0050">Probably Augustan, early C1
                                (Korhonen)
                            </origDate>
                        </origin>
                        <provenance type="found"/>
                        <provenance type="observed" subtype="autopsied">No Autopsy</provenance>
                        <acquisition>Catania, Museo Civico di Catania no. 345</acquisition>
                    </history>
                    <additional>
                        <adminInfo>
                            <note type="location">sala VI.153</note>
                        </adminInfo>
                    </additional>
                </msDesc>
            </sourceDesc>
        </fileDesc>
        <profileDesc>
            <calendarDesc>
                <calendar xml:id="julian">
                    <p>Julian Calendar</p>
                </calendar>
            </calendarDesc>
            <langUsage>
                <language ident="en">English</language>
                <language ident="it">Italian</language>
                <language ident="grc">Ancient Greek</language>
                <language ident="la">Latin</language>
                <language ident="he">Hebrew</language>
                <language ident="phn">Phoenician</language>
                <language ident="xpu">Punic</language>
                <language ident="osc">Oscan</language>
                <language ident="xly">Elymian</language>
                <language ident="scx">Sikel</language>
                <language ident="sxc">Sikan</language>
            </langUsage>
            <textClass>
                <keywords scheme="http://www.eagle-network.eu/voc/typeins.html">
                    <term key="building" ref="http://www.eagle-network.eu/voc/typeins/lod/86.html">building</term>
                </keywords>
            </textClass>
        </profileDesc>
        <revisionDesc status="draft">
            <listChange>
                <change when="2016-12-03" who="#JCu">James Cummings autogenerated EpiDoc output from database</change>
                <change when="2019-07-02" who="#AA">Alex Antoniou Epidoc editing and English translation</change>
            	   <change when="2020-10-05" who="#SS">Simona Stoyanova normalised Unicode</change>
            	   <change when="2020-10-08" who="#SS">Simona Stoyanova updated list of languages</change>
            	<change when="2020-11-20" who="#SS">Simona Stoyanova added EDCS numbers</change>
		<change when="2020-11-26" who="#SS">Simona Stoyanova restructured bibliography</change>
	    <change when="2020-12-17" who="#system">Updated Zenodo DOI</change>
            </listChange>
        </revisionDesc>
    </teiHeader>
    <facsimile>
        <surface/>
        <!--delete empty surface above and uncomment template below if needed-->
        <!--
  <surface type="front">
    <graphic n="screen" url="{concat('ISic', $num, '_tiled.tif')}"
      height="4912px" width="7360px">
      <desc>Add Description Here</desc>
    </graphic>
    <graphic n="print" url="{concat('ISic', $num, '.jpg')}" height="3680px" width="5520px">
      <desc>Add Description Here</desc>
    </graphic>
  </surface>

    -->
    </facsimile>
    <text>
        <body>
            <div type="edition" xml:space="preserve" xml:lang="la" resp="#AA">
                <ab>
                    <lb n="1"/> Cura<supplied reason="undefined" evidence="previouseditor">tores</supplied> <gap reason="lost" extent="unknown" unit="character"/>
                    <lb n="2"/><expan><abbr>Q</abbr><ex>uintus</ex></expan> Mac <supplied reason="undefined" evidence="previouseditor">ulnius</supplied> <gap reason="lost" extent="unknown" unit="character"/>
                    <lb n="3"/><expan><abbr><unclear>T</unclear></abbr><ex>itus</ex></expan> Tr<unclear>u</unclear>t <supplied reason="undefined" evidence="previouseditor">tedi</supplied> <supplied reason="lost">us</supplied> <gap reason="lost" extent="unknown" unit="character"/>
                    <lb n="4"/><expan><abbr>A</abbr><ex>ulus</ex></expan> Turiu<supplied reason="undefined" evidence="previouseditor">s</supplied> <expan><abbr><supplied reason="undefined" evidence="previouseditor">A</supplied></abbr><ex>uli</ex></expan> <supplied reason="undefined" evidence="previouseditor" cert="low">OCHAC</supplied> <gap reason="lost" extent="unknown" unit="character"/>
                </ab>
            </div>
            <div type="apparatus">
                <listApp><app><note>Korhonen 2004</note></app></listApp>
            </div>
            <div type="translation" xml:lang="en" resp="#AA">
                <p>Curators Quintus Maculnius, Titus Truttedius, Aulus Turius, son of Aulus</p>
            </div>
            <div type="commentary">
                <p><!--commented out pending revision-->
                    <!--diff. to read and several variant texts given by M: cuat / Q.Mac...; Lagona opts for 'curatores' in line 1 and 'Q. Maculnius' in line two (both restorations - four letters only in each line). Korhonen gives Curatores | Quintus Maculnius | Titus Truttedius | Aulus Turius Auli OCHAC- - - (all sigla removed). S. maria di Licodia is 28 km from Catania; the inscr. prob. refers to original construction, which K happy to accept goes with beginnings of the colonia; cf. IG 14.453 = CIL 10.7017 for late antique reconstr. of the acqueduct.--></p>
            </div>
            <div type="bibliography">
                <listBibl type="edition">
                    <bibl type="corpus" n="CIL">
                        <citedRange>
                            <ref target="http://arachne.uni-koeln.de/books/CILv10pII1883">10.6999</ref>
                        </citedRange>
                        <ptr target="https://www.zotero.org/groups/382445/items/GQN8UZSI"/>
                    </bibl>
                    <bibl type="corpus" n="IMusCatania">
                        <citedRange>25</citedRange>
                        <ptr target="https://www.zotero.org/groups/382445/items/2EUC82DH"/>
                    </bibl>
                    <bibl>
                        <author>Lagona</author>
                        <date>1964</date>
                        <citedRange>84-85 tav.25.3</citedRange>
                        <ptr target="https://www.zotero.org/groups/382445/items/W2SKMZD3"/>
                    </bibl>
                    <bibl>
                        <author>Manganaro</author>
                        <date>1988</date>
                        <citedRange>44 n.216 tav.14</citedRange>
                        <ptr target="https://www.zotero.org/groups/382445/items/RZSFKACR"/>
                    </bibl>
                    <bibl>
                        <author>Belvedere</author>
                        <date>1988</date>
                        <citedRange>378</citedRange>
                        <ptr target="https://www.zotero.org/groups/382445/items/8QJAZISW"/>
                    </bibl>
                    <bibl>
                        <author>Wilson</author>
                        <date>1988</date>
                        <citedRange>125</citedRange>
                        <ptr target="https://www.zotero.org/groups/382445/items/CR529RQD"/>
                    </bibl>
                    <bibl>
                        <author>Wilson</author>
                        <date>1990</date>
                        <citedRange>98, 370 n.256</citedRange>
                        <ptr target="https://www.zotero.org/groups/382445/items/VF9MMBI9"/>
                    </bibl>
                    <bibl>
                        <author>Coarelli and Torelli</author>
                        <date>1984</date>
                        <citedRange>334</citedRange>
                        <ptr target="https://www.zotero.org/groups/382445/items/N93VVSEU"/>
                    </bibl>
                </listBibl>
	   <listBibl type="discussion"><bibl/></listBibl>
            </div>
        </body>
    </text>
</TEI>