<?xml version="1.0" encoding="UTF-8"?>
<?xml-model href="http://www.stoa.org/epidoc/schema/latest/tei-epidoc.rng" type="application/xml" schematypens="http://relaxng.org/ns/structure/1.0"?>
<?xml-model href="../schematron/ircyr-checking.sch" schematypens="http://purl.oclc.org/dsdl/schematron"?>                                                
<TEI xmlns="http://www.tei-c.org/ns/1.0" xml:lang="en">
    <teiHeader>
        <fileDesc>
            <titleStmt>
                <title>Honours for Rubellinus</title>
                <editor ref="#JP">Jonathan Prag</editor>
                <principal ref="#JP">Jonathan Prag</principal>
                <funder>John Fell OUP Research Fund</funder>
	   <funder><ref target="https://cordis.europa.eu/project/id/885040">ERC Advanced Grant no.885040</ref></funder>
                <respStmt>
                    <name xml:id="JP" ref="http://orcid.org/0000-0003-3819-8537">Jonathan Prag</name>
                    <resp>original data collection and editing</resp>
                </respStmt>
                <respStmt>
                    <name xml:id="JCu" ref="http://orcid.org/0000-0002-6686-3728">James Cummings</name>
                    <resp>conversion to EpiDoc</resp>
                </respStmt>
                <respStmt>
                    <name xml:id="JCh" ref="http://orcid.org/0000-0001-6823-0265">James Chartrand</name>
                    <resp>site construction and encoding</resp>
                </respStmt>
                <respStmt>
                    <name xml:id="VV" ref="http://orcid.org/0000-0002-9695-0240">Valeria Vitale</name>
                    <resp>editing of geo data</resp>
                </respStmt>
                <respStmt>
                    <name xml:id="MM">Michael Metcalfe</name>
                    <resp>museum data collection</resp>
                </respStmt>
	    <respStmt>
     	       <name xml:id="SS" ref="https://orcid.org/0000-0003-3914-9569">Simona Stoyanova</name>
     	       <resp>standardisation of template and tidying up encoding</resp>
 	   </respStmt>
	    <respStmt>
                    <name xml:id="system">system</name>
                    <resp>automated or batch processes</resp>
                </respStmt>
            </titleStmt>
            <publicationStmt>
                <authority>I.Sicily</authority>
                <idno type="filename">ISic0492</idno>
                <idno type="TM">491718</idno>
                <idno type="EDR"/>
                <idno type="EDH"/>
                <idno type="EDCS">22000798</idno>
                <idno type="PHI"/>
                <idno type="URI">http://sicily.classics.ox.ac.uk/inscription/ISic0492</idno>
                <idno type="DOI" when="2020-12-17">10.5281/zenodo.4337575</idno>
                <availability>
                    <licence target="http://creativecommons.org/licenses/by/4.0/">Licensed under a Creative
                        Commons-Attribution 4.0 licence.
                    </licence>
                </availability>
            </publicationStmt>
            <sourceDesc>
                <msDesc>
                    <msIdentifier>
                        <country>Italy</country>
                        <region>Sicily</region>
                        <settlement>Mazara del Vallo</settlement>
                        <repository>Palazzo Vescovile (courtyard)</repository>
                        <!--No inventory number found-->
                        <!--Adding location for old id numbers if available-->
                        <altIdentifier>
                            <settlement/>
                            <repository/>
                            <idno type="old"/>
                        </altIdentifier>
                    </msIdentifier>
                    <msContents>
                        <textLang mainLang="la">Latin</textLang>
                    </msContents>
                    <physDesc>
                        <objectDesc>
                            <supportDesc>
                                <support>
                                    <material key="limestone" ref="http://www.eagle-network.eu/voc/material/lod/66.html">limestone
                                    </material>
                                    <objectType key="statue_base" ref="http://www.eagle-network.eu/voc/objtyp/lod/57.html">statue base
                                    </objectType>
                                    <dimensions><!--Default values and requires editing-->
                                        <height unit="cm"/>
                                        <width unit="cm"/>
                                        <depth unit="cm"/>
                                    </dimensions>
                                </support>
                                <condition/>
		    </supportDesc>
                            <layoutDesc>
                                <layout>
                                    <rs type="execution" ref="http://www.eagle-network.eu/voc/writing/lod/1">Engraved
                                    </rs>
                                </layout>
                            </layoutDesc>
                        </objectDesc>
                        <handDesc>
                            <handNote><!--Default value and requires editing-->
                                <locus from="line1" to="line1">Line 1</locus>
                                <dimensions type="letterHeight">
                                    <height unit="mm"/>
                                </dimensions>
                                <locus from="line1" to="line2">Interlineation line 1 to 2</locus>
                                <dimensions type="interlinear">
                                    <height unit="mm"/>
                                </dimensions>
                            </handNote>
                        </handDesc>
                    </physDesc>
                    <history>
                        <origin>
                            <origPlace>
                                <placeName type="ancient" ref="http://pleiades.stoa.org/places/462305">Mazara</placeName>		
                                <placeName type="modern" ref="http://sws.geonames.org/2524205">Mazara del Vallo</placeName>
                            	<geo>37.65418, 12.59304</geo>
		</origPlace>
                            <origDate datingMethod="#julian" notBefore-custom="0175" notAfter-custom="0225" evidence="lettering textual-context">Severan in date</origDate>
                        </origin>
                        <provenance type="found">First recorded in the area of the Palazzo Vescovile, in the courtyard of which it is currently located<geo>37.651862, 12.590205</geo></provenance>
                        <provenance type="observed" subtype="autopsied">Seen by Metcalfe in 2018</provenance>
                        <acquisition/>
                    </history>
                </msDesc>
            </sourceDesc>
        </fileDesc>
        <profileDesc>
            <calendarDesc>
                <calendar xml:id="julian">
                    <p>Julian Calendar</p>
                </calendar>
            </calendarDesc>
            <langUsage>
                <language ident="en">English</language>
                <language ident="it">Italian</language>
                <language ident="grc">Ancient Greek</language>
                <language ident="la">Latin</language>
                <language ident="he">Hebrew</language>
                <language ident="phn">Phoenician</language>
                <language ident="xpu">Punic</language>
                <language ident="osc">Oscan</language>
                <language ident="xly">Elymian</language>
                <language ident="scx">Sikel</language>
                <language ident="sxc">Sikan</language>
            </langUsage>
            <textClass>
                <keywords scheme="http://www.eagle-network.eu/voc/typeins.html">
                    <term key="honorific" ref="http://www.eagle-network.eu/voc/typeins/lod/69.html">honorific</term>
                </keywords>
            </textClass>
        </profileDesc>
        <revisionDesc status="draft">
            <listChange>
                <change when="2016-12-03" who="#JCu">James Cummings autogenerated EpiDoc output from database</change>
                <change when="2018-04-07" who="'JP">Jonathan Prag added location information, text and image</change>
                <change when="2020-01-30" who="#JP">Jonathan Prag updated from new bibliography</change>
            	   <change when="2020-10-05" who="#SS">Simona Stoyanova normalised Unicode</change>
            	   <change when="2020-10-08" who="#SS">Simona Stoyanova updated list of languages</change>
            	<change when="2020-11-20" who="#SS">Simona Stoyanova added EDCS numbers</change>
		<change when="2020-11-26" who="#SS">Simona Stoyanova restructured bibliography</change>
	    <change when="2020-12-17" who="#system">Updated Zenodo DOI</change>
            </listChange>
        </revisionDesc>
    </teiHeader>
    <facsimile>
         <surface type="front">
                <graphic n="screen" url="ISic0492_tiled.tif" height="1125px" width="1500px">
                    <desc>Photo courtesy of M. Silvestrini</desc>
                </graphic>
                <graphic n="print" url="ISic0492.jpg" height="1125px" width="1500px">
                <desc>Photo courtesy of M. Silvestrini</desc>
                </graphic>
        </surface>
    </facsimile>
    <text>
        <body>
            <div type="edition" xml:space="preserve" xml:lang="la" resp="#JP">
                <ab>
                    <lb n="1"/><expan><abbr>M</abbr><ex>arco</ex></expan> Rubellino
                    <lb n="2"/><expan><abbr>P</abbr><ex>ubli</ex></expan> <expan><abbr>f</abbr><ex>ilio</ex></expan> <expan><abbr>Publ</abbr><ex>io</ex></expan> Cestiano Cras
                    <lb n="3" break="no"/>siciano <expan><abbr>flam</abbr><ex>ini</ex></expan> <expan><abbr>divor</abbr><ex>um</ex></expan> <expan><abbr>Aug<am>g</am></abbr><ex>ustorum</ex></expan>
                    <lb n="4"/><expan><abbr>perp</abbr><ex>etuo</ex></expan> <expan><abbr>trib</abbr><ex>uno</ex></expan> <gap reason="lost" unit="character" quantity="12" precision="medium"/>
                    <supplied reason="undefined" evidence="previouseditor">
                    <lb n="5"/>x<gap reason="lost" extent="unknown" unit="character"/>
                    <lb n="6"/>ap<gap reason="lost" extent="unknown" unit="character"/>
                    <lb n="7"/><gap reason="lost" extent="unknown" unit="character"/>
                    <lb n="8"/><gap reason="lost" extent="unknown" unit="character"/>
                    <lb n="9"/><gap reason="lost" extent="unknown" unit="character"/>
                    <lb n="10"/><gap reason="lost" extent="unknown" unit="character"/>
                    <lb n="11"/><gap reason="lost" extent="unknown" unit="character"/>
                    <lb n="12"/>qv<gap reason="lost" extent="unknown" unit="character"/>
                    </supplied>
                </ab>
            </div>
            <div type="apparatus">
                <listApp><app><note>Text of CIL, compared against photograph</note></app></listApp>
            </div>
            <div type="translation">
                <p><!--translation(s) - add @xml:lang for 'en' or 'it' to div--></p>
            </div>
            <div type="commentary">
                <p>The upper part of the stone is currently located in the courtyard of the Palazzo Vescovile in Mazara del Vallo; there is no trace of the lower part of the stone, previously recorded in CIL and by earlier authors. The text almost certainly honours the same individual as <ref target="http://sicily.classics.ox.ac.uk/inscription/ISic3460">ISic3460</ref>, found in Marsala in 2010. Whether the stone was transferred after antiquity from Marsala, as has often been suggested, or whether Mazara was a subordinate community of Lilybaeum in the Roman period, remains uncertain.</p>
            </div>
            <div type="bibliography">
                <listBibl type="edition">
                    <bibl type="corpus" n="CIL">
                        <citedRange>
                            <ref target="http://arachne.uni-koeln.de/books/CILv10pII1883">10.7212</ref>
                        </citedRange>
                        <ptr target="https://www.zotero.org/groups/382445/items/GQN8UZSI"/>
                    </bibl>
                    <bibl>
                        <author>Silvestrini</author>
                        <date>2020</date>
                        <citedRange>294, 296-298 with figs. 4-5</citedRange>
                        <ptr target="http://zotero.org/groups/382445/items/JU3LWCJM"/>
                    </bibl>
                </listBibl>
	   <listBibl type="discussion"><bibl/></listBibl>
            </div>
        </body>
    </text>
</TEI>