<?xml version="1.0" encoding="UTF-8"?>
<?xml-model href="http://www.stoa.org/epidoc/schema/latest/tei-epidoc.rng" type="application/xml" schematypens="http://relaxng.org/ns/structure/1.0"?>
<?xml-model href="../schematron/ircyr-checking.sch" schematypens="http://purl.oclc.org/dsdl/schematron"?>                                                
<TEI xmlns="http://www.tei-c.org/ns/1.0" xml:lang="en">
    <teiHeader>
        <fileDesc>
            <titleStmt>
                <title>I.Sicily inscription 0021</title>
                <editor ref="#JP">Jonathan Prag</editor>
                <principal ref="#JP">Jonathan Prag</principal>
                <funder>John Fell OUP Research Fund</funder>
	   <funder><ref target="https://cordis.europa.eu/project/id/885040">ERC Advanced Grant no.885040</ref></funder>
                <respStmt>
                    <name xml:id="JP" ref="http://orcid.org/0000-0003-3819-8537">Jonathan Prag</name>
                    <resp>original data collection and editing</resp>
                </respStmt>
                <respStmt>
                    <name xml:id="JCu" ref="http://orcid.org/0000-0002-6686-3728">James Cummings</name>
                    <resp>conversion to EpiDoc</resp>
                </respStmt>
                <respStmt>
                    <name xml:id="JCh" ref="http://orcid.org/0000-0001-6823-0265">James Chartrand</name>
                    <resp>site construction and encoding</resp>
                </respStmt>
                <respStmt>
                    <name xml:id="VV" ref="http://orcid.org/0000-0002-9695-0240">Valeria Vitale</name>
                    <resp>editing of geo data</resp>
                </respStmt>
                <respStmt>
                    <name xml:id="MM">Michael Metcalfe</name>
                    <resp>museum data collection</resp>
                </respStmt>
                <respStmt>
                    <name xml:id="TA" ref="https://orcid.org/0000-0001-8417-7089">Tuuli Ahlholm</name>
                    <resp>EpiDoc editing</resp>
                </respStmt>
	    <respStmt>
     	       <name xml:id="SS" ref="https://orcid.org/0000-0003-3914-9569">Simona Stoyanova</name>
     	       <resp>standardisation of template and tidying up encoding</resp>
 	   </respStmt>
	    <respStmt>
                    <name xml:id="system">system</name>
                    <resp>automated or batch processes</resp>
                </respStmt>
            </titleStmt>
            <publicationStmt>
                <authority>I.Sicily</authority>
                <idno type="filename">ISic0021</idno>
                <idno type="TM">491781</idno>
                <idno type="EDR">137778</idno>
                <idno type="EDH"/>
                <idno type="EDCS">22000865</idno>
                <idno type="PHI"/>
                <idno type="URI">http://sicily.classics.ox.ac.uk/inscription/ISic0021</idno>
                <idno type="DOI" when="2020-12-17">10.5281/zenodo.4333800</idno>
                <availability>
                    <licence target="http://creativecommons.org/licenses/by/4.0/">Licensed under a Creative
                        Commons-Attribution 4.0 licence.
                    </licence>
                </availability>
            </publicationStmt>
            <sourceDesc>
                <msDesc>
                    <msIdentifier>
                        <country>Italy</country>
                        <region>Sicily</region>
                        <settlement>Palermo</settlement>
                        <repository role="museum" ref="http://sicily.classics.ox.ac.uk/museum/064">Museo Archeologico
                            Regionale Antonino Salinas
                        </repository>
                        <idno type="inventory">3521</idno>
                        <!--Adding location for old id numbers if available-->
                        <altIdentifier>
                            <settlement/>
                            <repository/>
                            <idno type="old"/>
                        </altIdentifier>
                    </msIdentifier>
                    <msContents>
                        <textLang mainLang="la">Latin</textLang>
                    </msContents>
                    <physDesc>
                        <objectDesc>
                            <supportDesc>
                                <support>
                                    <material key="limestone" ref="http://www.eagle-network.eu/voc/material/lod/66.html">limestone
                                    </material>
                                    <objectType/>
                                    <dimensions><!--Default values and requires editing-->
                                        <height unit="cm"/>
                                        <width unit="cm"/>
                                        <depth unit="cm"/>
                                    </dimensions>
                                </support>
                                <condition/>
		    </supportDesc>
                            <layoutDesc>
                                <layout>
                                    <rs type="execution" ref="http://www.eagle-network.eu/voc/writing/lod/1">Engraved
                                    </rs>
                                </layout>
                            </layoutDesc>
                        </objectDesc>
                        <handDesc>
                            <handNote><!--Default value and requires editing-->
                                <locus from="line1" to="line1">Line 1</locus>
                                <dimensions type="letterHeight">
                                    <height unit="mm"/>
                                </dimensions>
                                <locus from="line1" to="line2">Interlineation line 1 to 2</locus>
                                <dimensions type="interlinear">
                                    <height unit="mm"/>
                                </dimensions>
                            </handNote>
                        </handDesc>
                    </physDesc>
                    <history>
                        <origin>
                            <origPlace>
                                <placeName type="ancient" ref="http://pleiades.stoa.org/places/462410">Panhormus</placeName>		
                                <placeName type="modern" ref="http://sws.geonames.org/2523920">Palermo</placeName>
                            	<geo>38.13205, 13.33561</geo>
		</origPlace>
                            <origDate datingMethod="#julian" notBefore-custom="0200" notAfter-custom="0250">Severus Alexander, prob. AD 10.12. 222 - 9.12. 223</origDate>
                        </origin>
                        <provenance type="found"/>
                        <provenance type="observed" subtype="autopsied">No Autopsy</provenance>
                        <acquisition>Palermo, Museo Archeologico Regionale Antonino Salinas no. 3521</acquisition>
                    </history>
                </msDesc>
            </sourceDesc>
        </fileDesc>
        <profileDesc>
            <calendarDesc>
                <calendar xml:id="julian">
                    <p>Julian Calendar</p>
                </calendar>
            </calendarDesc>
            <langUsage>
                <language ident="en">English</language>
                <language ident="it">Italian</language>
                <language ident="grc">Ancient Greek</language>
                <language ident="la">Latin</language>
                <language ident="he">Hebrew</language>
                <language ident="phn">Phoenician</language>
                <language ident="xpu">Punic</language>
                <language ident="osc">Oscan</language>
                <language ident="xly">Elymian</language>
                <language ident="scx">Sikel</language>
                <language ident="sxc">Sikan</language>
            </langUsage>
            <textClass>
                <keywords scheme="http://www.eagle-network.eu/voc/typeins.html">
                    <term key="honorific" ref="http://www.eagle-network.eu/voc/typeins/lod/69.html">honorific</term>
                </keywords>
            </textClass>
        </profileDesc>
        <revisionDesc status="draft">
            <listChange>
                <change when="2016-12-03" who="#JCu">James Cummings autogenerated EpiDoc output from database</change>
                <change when="2018-03-06" who="#TA">Tuuli Ahlholm cleaned up the autogenerated EpiDoc and added an apparatus</change>
            	   <change when="2020-10-05" who="#SS">Simona Stoyanova normalised Unicode</change>
            	   <change when="2020-10-08" who="#SS">Simona Stoyanova updated list of languages</change>
            	<change when="2020-11-20" who="#SS">Simona Stoyanova added EDCS numbers</change>
		<change when="2020-11-26" who="#SS">Simona Stoyanova restructured bibliography</change>
	    <change when="2020-12-17" who="#system">Updated Zenodo DOI</change>
            </listChange>
        </revisionDesc>
    </teiHeader>
    <facsimile>
        <surface/>
        <!--delete empty surface above and uncomment template below if needed-->
        <!--
  <surface type="front">
    <graphic n="screen" url="{concat('ISic', $num, '_tiled.tif')}"
      height="4912px" width="7360px">
      <desc>Add Description Here</desc>
    </graphic>
    <graphic n="print" url="{concat('ISic', $num, '.jpg')}" height="3680px" width="5520px">
      <desc>Add Description Here</desc>
    </graphic>
  </surface>

    -->
    </facsimile>
    <text>
        <body>
            <div type="edition" xml:space="preserve" xml:lang="la">
                <ab>
                    <lb n="1"/><expan><abbr>Imp</abbr><ex>eratori</ex></expan> <g type="interpunct">·</g> <expan><abbr>Caes</abbr><ex>ari</ex></expan> <g type="interpunct">·</g> divi
                    <lb n="2"/>Magni <g type="interpunct">·</g> Antoni
                    <lb n="3" break="no"/>ni <del rend="erasure"><expan><abbr>f</abbr><ex>ilio</ex></expan></del> divi <g type="interpunct">·</g> Septimi
                   <lb n="4"/>Severi <del rend="erasure"><expan><abbr>n</abbr><ex>epoti</ex></expan> <expan><abbr>M</abbr><ex>arco</ex></expan> Aure</del>
                   <lb n="5" break="no"/><del rend="erasure">lio</del> Severo <del rend="erasure">A</del>
                    <lb n="6" break="no"/><del rend="erasure">lexandro</del> Pio <expan><abbr>Fel</abbr><ex>ici</ex></expan>
                    <lb n="7"/><expan><abbr>Aug</abbr><ex>usto</ex></expan> <g type="interpunct">·</g> <expan><abbr>pont</abbr><ex>ifici</ex></expan> <g type="interpunct">·</g> <expan><abbr><unclear>m</unclear>ax</abbr><ex>imo</ex></expan> <g type="interpunct">·</g> <expan><abbr>tri</abbr><ex>bunicia</ex></expan>
                    <lb n="8"/><expan><abbr>po<unclear>t</unclear></abbr><ex>estate</ex></expan> <del rend="erasure"><gap reason="lost" quantity="2" unit="character"/></del> <expan><abbr>co</abbr><ex>n</ex><abbr>s</abbr><ex>uli</ex></expan> <expan><abbr>p</abbr><ex>atri</ex></expan> <expan><abbr>p</abbr><ex>atriae</ex></expan> <expan><abbr><unclear>c</unclear>o<supplied reason="lost">l</supplied></abbr><ex>onia</ex></expan> 
                    <lb n="9"/><expan><abbr>Aug</abbr><ex>usta</ex></expan> <g type="interpunct">·</g> <expan><abbr><unclear>P</unclear>an<unclear>h</unclear><supplied reason="lost">or</supplied><unclear>m</unclear></abbr><ex>itanorum</ex></expan>
                    <lb n="10"/><expan><abbr>d</abbr><ex>ecurionum</ex></expan> <expan><abbr>d</abbr><ex>ecreto</ex></expan> 
                </ab>
            </div>
            <div type="apparatus">
                <listApp>
                    <app><note>Text of <hi rend="italic">IMusPalermo</hi></note></app>
                </listApp>
            </div>
            <div type="translation">
                <p><!--translation(s) - add @xml:lang for 'en' or 'it' to div--></p>
            </div>
            <div type="commentary">
                <p><!--commented out pending revision-->
                    <!--signif. for mention of colonia augusta Panhormitanorum, cf. Str. 6.2.5. An imperial dedication: imp. caes. divi Magni Antonini f. divi Septimi Severi n. M. Aurelio Severo Alexandro pio fel. Aug. pont. max. tri. pot. II (?), cos pp.iol (?pp.col?), aug. panhorm. d.d. [M's comment is that p.p.col. doesn't seem to be on the stone, but it's what's required].--></p>
            </div>
            <div type="bibliography">
                <listBibl type="edition">
                    <bibl type="corpus" n="CIL">
                        <citedRange>
                            <ref target="http://arachne.uni-koeln.de/item/buchseite/650789">10.7279</ref>
                        </citedRange>
                        <ptr target="https://www.zotero.org/groups/382445/items/GQN8UZSI"/>
                    </bibl>
                    <bibl type="corpus" n="ILMusPalermo">
                        <citedRange>21</citedRange>
                        <ptr target="https://www.zotero.org/groups/382445/items/FZWWPUD6"/>
                    </bibl>
                    <bibl>
                        <author>Wilson</author>
                        <date>1990</date>
                        <citedRange>358 n.40</citedRange>
                        <ptr target="https://www.zotero.org/groups/382445/items/VF9MMBI9"/>
                    </bibl>
                </listBibl>
	   <listBibl type="discussion"><bibl/></listBibl>
            </div>
        </body>
    </text>
</TEI>