<?xml version="1.0" encoding="UTF-8"?>
<?xml-model href="http://www.stoa.org/epidoc/schema/latest/tei-epidoc.rng" type="application/xml" schematypens="http://relaxng.org/ns/structure/1.0"?>
<?xml-model href="../schematron/ircyr-checking.sch" schematypens="http://purl.oclc.org/dsdl/schematron"?>                                                
<TEI xmlns="http://www.tei-c.org/ns/1.0" xml:lang="en">
    <teiHeader>
        <fileDesc>
            <titleStmt>
                <title>I.Sicily inscription 0053</title>
                <editor ref="#JP">Jonathan Prag</editor>
                <principal ref="#JP">Jonathan Prag</principal>
                <funder>John Fell OUP Research Fund</funder>
	   <funder><ref target="https://cordis.europa.eu/project/id/885040">ERC Advanced Grant no.885040</ref></funder>
                <respStmt>
                    <name xml:id="JP" ref="http://orcid.org/0000-0003-3819-8537">Jonathan Prag</name>
                    <resp>original data collection and editing</resp>
                </respStmt>
                <respStmt>
                    <name xml:id="JCu" ref="http://orcid.org/0000-0002-6686-3728">James Cummings</name>
                    <resp>conversion to EpiDoc</resp>
                </respStmt>
                <respStmt>
                    <name xml:id="JCh" ref="http://orcid.org/0000-0001-6823-0265">James Chartrand</name>
                    <resp>site construction and encoding</resp>
                </respStmt>
                <respStmt>
                    <name xml:id="VV" ref="http://orcid.org/0000-0002-9695-0240">Valeria Vitale</name>
                    <resp>editing of geo data</resp>
                </respStmt>
                <respStmt>
                    <name xml:id="MM">Michael Metcalfe</name>
                    <resp>museum data collection</resp>
                </respStmt>
                <respStmt>
                    <name xml:id="TA" ref="https://orcid.org/0000-0001-8417-7089">Tuuli Ahlholm</name>
                    <resp>EpiDoc editing</resp>
                </respStmt>
	    <respStmt>
     	       <name xml:id="SS" ref="https://orcid.org/0000-0003-3914-9569">Simona Stoyanova</name>
     	       <resp>standardisation of template and tidying up encoding</resp>
 	   </respStmt>
                <respStmt>
                    <name xml:id="VM" ref="https://orcid.org/0000-0002-7122-2511">Valentina Mignosa</name>
                    <resp>encoding text division</resp>
                </respStmt>
	    <respStmt>
                    <name xml:id="system">system</name>
                    <resp>automated or batch processes</resp>
                </respStmt>
            </titleStmt>
            <publicationStmt>
                <authority>I.Sicily</authority>
                <idno type="filename">ISic0053</idno>
                <idno type="TM">285285</idno>
                <idno type="EDR">127506</idno>
                <idno type="EDH"/>
                <idno type="EDCS">22100048</idno>
                <idno type="PHI"/>
                <idno type="URI">http://sicily.classics.ox.ac.uk/inscription/ISic0053</idno>
                <idno type="DOI" when="2020-12-17">10.5281/zenodo.4333912</idno>
                <availability>
                    <licence target="http://creativecommons.org/licenses/by/4.0/">Licensed under a Creative
                        Commons-Attribution 4.0 licence.
                    </licence>
                </availability>
            </publicationStmt>
            <sourceDesc>
                <msDesc>
                    <msIdentifier>
                        <country>Italy</country>
                        <region>Sicily</region>
                        <settlement>Palermo</settlement>
                        <repository role="museum" ref="http://sicily.classics.ox.ac.uk/museum/064">Museo
                            Archeologico Regionale Antonino Salinas
                        </repository>
                        <idno type="inventory">3556</idno>
                        <!--Adding location for old id numbers if available-->
                        <altIdentifier>
                            <settlement/>
                            <repository/>
                            <idno type="old"/>
                        </altIdentifier>
                    </msIdentifier>
                    <msContents>
                        <textLang mainLang="la">Latin</textLang>
                    </msContents>
                    <physDesc>
                        <objectDesc>
                            <supportDesc>
                                <support>
                                    <material key="marble" ref="http://www.eagle-network.eu/voc/material/lod/48.html">marble
                                    </material>
                                    <objectType key="tabula" ref="http://www.eagle-network.eu/voc/objtyp/lod/257">tabula
                                    </objectType>
                                    <dimensions>
                                        <!--Default values and requires editing-->
                                        <height unit="cm"/>
                                        <width unit="cm"/>
                                        <depth unit="cm"/>
                                    </dimensions>
                                </support>
                                <condition/>
		    </supportDesc>
                            <layoutDesc>
                                <layout>
                                    <rs type="execution" ref="http://www.eagle-network.eu/voc/writing/lod/1">Engraved
                                    </rs>
                                </layout>
                            </layoutDesc>
                        </objectDesc>
                        <handDesc>
                            <handNote><!--Default value and requires editing-->
                                <locus from="line1" to="line1">Line 1
                                </locus>
                                <dimensions type="letterHeight">
                                    <height unit="mm"/>
                                </dimensions>
                                <locus from="line1" to="line2">Interlineation line 1 to 2
                                </locus>
                                <dimensions type="interlinear">
                                    <height unit="mm"/>
                                </dimensions>
                            </handNote>
                        </handDesc>
                    </physDesc>
                    <history>
                        <origin>
                            <origPlace>
                                <placeName type="ancient" ref="http://pleiades.stoa.org/places/462513">Thermae Himeraeae</placeName>		
                                <placeName type="modern" ref="http://sws.geonames.org/6539140">Termini Imerese</placeName>
                            	<geo>37.98365, 13.69555</geo>
		</origPlace>
                            <origDate datingMethod="#julian" notBefore-custom="0001" notAfter-custom="0300" cert="low">Imperial (?); villicus XX hered. is late C1-C3 in its attestations)
                            </origDate>
                        </origin>
                        <provenance type="found"/>
                        <provenance type="observed" subtype="autopsied">No Autopsy</provenance>
                        <acquisition>Palermo, Museo Archeologico Regionale Antonino Salinas no.3556
                        </acquisition>
                    </history>
                </msDesc>
            </sourceDesc>
        </fileDesc>
        <profileDesc>
            <calendarDesc>
                <calendar xml:id="julian">
                    <p>Julian Calendar</p>
                </calendar>
            </calendarDesc>
            <langUsage>
                <language ident="en">English</language>
                <language ident="it">Italian</language>
                <language ident="grc">Ancient Greek</language>
                <language ident="la">Latin</language>
                <language ident="he">Hebrew</language>
                <language ident="phn">Phoenician</language>
                <language ident="xpu">Punic</language>
                <language ident="osc">Oscan</language>
                <language ident="xly">Elymian</language>
                <language ident="scx">Sikel</language>
                <language ident="sxc">Sikan</language>
            </langUsage>
            <textClass>
                <keywords scheme="http://www.eagle-network.eu/voc/typeins.html">
                    <term key="funerary" ref="http://www.eagle-network.eu/voc/typeins/lod/92.html">funerary
                    </term>
                </keywords>
            </textClass>
        </profileDesc>
        <revisionDesc status="draft">
            <listChange>
                <change when="2016-12-03" who="#JCu">James Cummings autogenerated EpiDoc output from database</change>
                <change when="2017-11-10" who="#JP">Jonathan Prag corrected bibl</change>
                <change when="2018-05-10" who="#TA">Tuuli Ahlholm cleaned up the autogenerated text and added an apparatus</change>
                <change when="2020-10-05" who="#SS">Simona Stoyanova normalised Unicode</change>
                <change when="2020-10-06" who="#VM">Valentina Mignosa encoded text division</change>
            	   <change when="2020-10-08" who="#SS">Simona Stoyanova updated list of languages</change>
            	<change when="2020-11-20" who="#SS">Simona Stoyanova added EDCS numbers</change>
		<change when="2020-11-26" who="#SS">Simona Stoyanova restructured bibliography</change>
	    <change when="2020-12-17" who="#system">Updated Zenodo DOI</change>
            </listChange>
        </revisionDesc>
    </teiHeader>
    <facsimile>
        <surface/>
        <!--delete empty surface above and uncomment template below if needed-->
        <!--
    <surface type="front">
      <graphic n="screen" url="{concat('ISic', $num, '_tiled.tif')}"
        height="4912px" width="7360px">
        <desc>Add Description Here</desc>
      </graphic>
      <graphic n="print" url="{concat('ISic', $num, '.jpg')}" height="3680px" width="5520px">
        <desc>Add Description Here</desc>
      </graphic>
    </surface>

      -->
    </facsimile>
    <text>
        <body>
            <div type="edition" xml:space="preserve" xml:lang="la">
                <ab>
                    <lb n="1"/>Secundo <g type="interpunct">·</g> <num value="20"><hi rend="supraline">XX</hi></num> <g type="interpunct">·</g> <expan><abbr>her</abbr><ex>editatium</ex></expan> <g type="interpunct">·</g>
                    <lb n="2"/><expan><abbr>vil</abbr><ex>ico</ex></expan> <g type="interpunct">·</g> <expan><abbr>summar</abbr><ex>um</ex></expan> <g type="interpunct">·</g> Ur <g type="interpunct">·</g>
                    <lb n="3" break="no"/>banae <g type="interpunct">·</g> matri <g type="interpunct">·</g>
                    <lb n="4"/>Clymene <g type="interpunct">·</g> <expan><abbr>cog</abbr><ex>natae</ex></expan> <g type="interpunct">·</g>
                    <lb n="5"/>Primigenius <g type="interpunct">·</g> <num value="20"><hi rend="supraline">XX</hi></num> <g type="interpunct">·</g> <expan><abbr>her</abbr><ex>editatium</ex></expan> <g type="interpunct">·</g>
                    <lb n="6"/>se<supplied reason="lost">rvus</supplied> <gap reason="lost" extent="unknown" unit="character"/>
                </ab>
            </div>
            <div type="apparatus">
                <listApp>
                    <app><note>Text of <hi rend="italic">IMusPalermo</hi></note></app>
                </listApp>
            </div>
            <div type="translation">
                <p><!--translation(s) - add @xml:lang for 'en' or 'it' to div--></p>
            </div>
            <div type="commentary">
                <p><!--commented out pending revision-->
                    <!--the precise relations between the people named unclear; the deceased is Secundus and his mother, Urbana, prob. being honoured by the son/brother, Primgenius. Both Secundus and Primigenius worked in office in charge fo he administartion of the 1/20 tax on wills.--></p>
            </div>
            <div type="bibliography">
                <listBibl type="edition">
                    <bibl type="corpus" n="CIL">
                        <citedRange>
                            <ref target="http://arachne.uni-koeln.de/item/buchseite/650796">10.7347</ref>
                        </citedRange>
                        <ptr target="https://www.zotero.org/groups/382445/items/GQN8UZSI"/>
                    </bibl>
                    <bibl type="corpus" n="ILMusPalermo">
                        <citedRange>54</citedRange>
                        <ptr target="https://www.zotero.org/groups/382445/items/FZWWPUD6"/>
                    </bibl>
                    <bibl type="corpus" n="ILMusTermini">
                        <citedRange>11</citedRange>
                        <ptr target="https://www.zotero.org/groups/382445/items/JCV85C79"/>
                    </bibl>
                    <bibl type="corpus" n="ILS">
                        <citedRange>1559</citedRange>
                        <ptr target="https://www.zotero.org/groups/382445/items/XHMS9K6S"/>
                    </bibl>
                    <bibl>
                        <author>Manganaro</author>
                        <date>1988</date>
                        <citedRange>38 tav.X.16</citedRange>
                        <ptr target="https://www.zotero.org/groups/382445/items/RZSFKACR"/>
                    </bibl>
                </listBibl>
	   <listBibl type="discussion"><bibl/></listBibl>
            </div>
        </body>
    </text>
</TEI>