<?xml version="1.0" encoding="UTF-8"?>
<?xml-model href="http://www.stoa.org/epidoc/schema/latest/tei-epidoc.rng" type="application/xml" schematypens="http://relaxng.org/ns/structure/1.0"?>
<?xml-model href="../schematron/ircyr-checking.sch" schematypens="http://purl.oclc.org/dsdl/schematron"?>                                                
<TEI xmlns="http://www.tei-c.org/ns/1.0" xml:lang="en">
    <teiHeader>
        <fileDesc>
            <titleStmt>
                <title>I.Sicily inscription 0279</title>
                <editor ref="#JP">Jonathan Prag</editor>
                <principal ref="#JP">Jonathan Prag</principal>
                <funder>John Fell OUP Research Fund</funder>
	   <funder><ref target="https://cordis.europa.eu/project/id/885040">ERC Advanced Grant no.885040</ref></funder>
                <respStmt>
                    <name xml:id="JP" ref="http://orcid.org/0000-0003-3819-8537">Jonathan Prag</name>
                    <resp>original data collection and editing</resp>
                </respStmt>
                <respStmt>
                    <name xml:id="JCu" ref="http://orcid.org/0000-0002-6686-3728">James Cummings</name>
                    <resp>conversion to EpiDoc</resp>
                </respStmt>
                <respStmt>
                    <name xml:id="JCh" ref="http://orcid.org/0000-0001-6823-0265">James Chartrand</name>
                    <resp>site construction and encoding</resp>
                </respStmt>
                <respStmt>
                    <name xml:id="VV" ref="http://orcid.org/0000-0002-9695-0240">Valeria Vitale</name>
                    <resp>editing of geo data</resp>
                </respStmt>
                <respStmt>
                    <name xml:id="MM">Michael Metcalfe</name>
                    <resp>museum data collection</resp>
                </respStmt>
                <respStmt>
                    <name xml:id="TA" ref="https://orcid.org/0000-0001-8417-7089">Tuuli Ahlholm</name>
                    <resp>EpiDoc editing</resp>
                </respStmt>
	    <respStmt>
     	       <name xml:id="SS" ref="https://orcid.org/0000-0003-3914-9569">Simona Stoyanova</name>
     	       <resp>standardisation of template and tidying up encoding</resp>
 	   </respStmt>
	    <respStmt>
                    <name xml:id="system">system</name>
                    <resp>automated or batch processes</resp>
                </respStmt>
            </titleStmt>
            <publicationStmt>
                <authority>I.Sicily</authority>
                <idno type="filename">ISic0279</idno>
                <idno type="TM">491489</idno>
                <idno type="EDR"/>
                <idno type="EDH"/>
                <idno type="EDCS">21900310</idno>
                <idno type="PHI"/>
                <idno type="URI">http://sicily.classics.ox.ac.uk/inscription/ISic0279</idno>
                <idno type="DOI" when="2020-12-17">10.5281/zenodo.4334845</idno>
                <availability>
                    <licence target="http://creativecommons.org/licenses/by/4.0/">Licensed under a Creative
                        Commons-Attribution 4.0 licence.
                    </licence>
                </availability>
            </publicationStmt>
            <sourceDesc>
                <msDesc>
                    <msIdentifier>
                        <country>Italy</country>
                        <region>Sicily</region>
                        <settlement>Taormina</settlement>
                        <repository role="museum" ref="http://sicily.classics.ox.ac.uk/museum/062">Antiquarium del
                            Teatro Antico
                        </repository>
                        <!--No inventory number found-->
                        <!--Adding location for old id numbers if available-->
                        <altIdentifier>
                            <settlement/>
                            <repository/>
                            <idno type="old"/>
                        </altIdentifier>
                    </msIdentifier>
                    <msContents>
                        <textLang mainLang="la">Latin</textLang>
                    </msContents>
                    <physDesc>
                        <objectDesc>
                            <supportDesc>
                                <support>
                                    <material key="marble" ref="http://www.eagle-network.eu/voc/material/lod/48.html">
                                        marble
                                    </material>
                                    <dimensions><!--Default values and requires editing-->
                                        <height unit="cm"/>
                                        <width unit="cm"/>
                                        <depth unit="cm"/>
                                    </dimensions>
                                </support>
                                <condition/>
		    </supportDesc>
                            <layoutDesc>
                                <layout>
                                    <rs type="execution" ref="http://www.eagle-network.eu/voc/writing/lod/1">Engraved
                                    </rs>
                                </layout>
                            </layoutDesc>
                        </objectDesc>
                        <handDesc>
                            <handNote><!--Default value and requires editing-->
                                <locus from="line1" to="line1">Line 1</locus>
                                <dimensions type="letterHeight">
                                    <height unit="mm"/>
                                </dimensions>
                                <locus from="line1" to="line2">Interlineation line 1 to 2</locus>
                                <dimensions type="interlinear">
                                    <height unit="mm"/>
                                </dimensions>
                            </handNote>
                        </handDesc>
                    </physDesc>
                    <history>
                        <origin>
                            <origPlace>
                                <placeName type="ancient" ref="http://pleiades.stoa.org/places/462506">Tauromenium</placeName>		
                                <placeName type="modern" ref="http://sws.geonames.org/2522975">Taormina</placeName>
                            	<geo>37.85358, 15.28851</geo>
		</origPlace>
                            <origDate datingMethod="#julian" notBefore-custom="0200" notAfter-custom="0250">if dedication to Caracalla, titles belong to the years
                                210-217?
                            </origDate>
                        </origin>
                        <provenance type="found"/>
                        <provenance type="observed" subtype="autopsied">No Autopsy</provenance>
                        <acquisition>Taormina, Antiquarium del Teatro Antico</acquisition>
                    </history>
                </msDesc>
            </sourceDesc>
        </fileDesc>
        <profileDesc>
            <calendarDesc>
                <calendar xml:id="julian">
                    <p>Julian Calendar</p>
                </calendar>
            </calendarDesc>
            <langUsage>
                <language ident="en">English</language>
                <language ident="it">Italian</language>
                <language ident="grc">Ancient Greek</language>
                <language ident="la">Latin</language>
                <language ident="he">Hebrew</language>
                <language ident="phn">Phoenician</language>
                <language ident="xpu">Punic</language>
                <language ident="osc">Oscan</language>
                <language ident="xly">Elymian</language>
                <language ident="scx">Sikel</language>
                <language ident="sxc">Sikan</language>
            </langUsage>
            <textClass>
                <keywords scheme="http://www.eagle-network.eu/voc/typeins.html">
                    <term key="honorific" ref="http://www.eagle-network.eu/voc/typeins/lod/69.html">honorific</term>
                </keywords>
            </textClass>
        </profileDesc>
        <revisionDesc status="draft">
            <listChange>
                <change when="2016-12-03" who="#JCu">James Cummings autogenerated EpiDoc output from database</change>
                <change when="2018-03-23" who="#TA">Tuuli Ahlholm revised the Epidoc, encoded the text and added an apparatus.</change>
            	   <change when="2020-10-05" who="#SS">Simona Stoyanova normalised Unicode</change>
            	   <change when="2020-10-08" who="#SS">Simona Stoyanova updated list of languages</change>
            	<change when="2020-11-20" who="#SS">Simona Stoyanova added EDCS numbers</change>
		<change when="2020-11-26" who="#SS">Simona Stoyanova restructured bibliography</change>
	    <change when="2020-12-17" who="#system">Updated Zenodo DOI</change>
            </listChange>
        </revisionDesc>
    </teiHeader>
    <facsimile>
        <surface/>
        <!--delete empty surface above and uncomment template below if needed-->
        <!--
  <surface type="front">
    <graphic n="screen" url="{concat('ISic', $num, '_tiled.tif')}"
      height="4912px" width="7360px">
      <desc>Add Description Here</desc>
    </graphic>
    <graphic n="print" url="{concat('ISic', $num, '.jpg')}" height="3680px" width="5520px">
      <desc>Add Description Here</desc>
    </graphic>
  </surface>

    -->
    </facsimile>
    <text>
        <body>
            <div type="edition" xml:space="preserve" xml:lang="la">
                <ab>
                    <lb n="1"/><expan><abbr>Imp</abbr><ex>eratori</ex></expan> <g type="interpunct">·</g> <expan><abbr>Caes</abbr><ex>ari</ex></expan> <g type="interpunct">·</g> div<supplied reason="lost">i</supplied> <supplied reason="lost">Septimi</supplied> <supplied reason="lost">Severi</supplied> <supplied reason="lost">Pii</supplied>
                    <lb n="2"/><expan><abbr>Arab</abbr><ex>ici</ex></expan> <g type="interpunct">·</g> Adia<supplied reason="lost">benici</supplied> <supplied reason="lost">Parthici</supplied> <supplied reason="lost"><expan><abbr>max</abbr><ex>imi</ex></expan></supplied>
                    <lb n="3"/><choice><orig>Br<supplied reason="lost">i</supplied>ttanici</orig><reg>Britannici</reg></choice> <g type="interpunct">·</g> <supplied reason="lost">maximi</supplied> <supplied reason="lost"><expan><abbr>f</abbr><ex>ilio</ex></expan></supplied> <supplied reason="lost">divi</supplied> <supplied reason="lost"><expan><abbr>M</abbr><ex>arci</ex></expan></supplied>
                    <lb n="4"/>Antonini <unclear>G</unclear><supplied reason="lost"><expan><abbr>erman</abbr><ex>ici</ex></expan></supplied> <supplied reason="lost"><expan><abbr>Sarm</abbr><ex>atici</ex></expan></supplied> <supplied reason="lost"><expan><abbr>nep</abbr><ex>oti</ex></expan></supplied> 
                    <lb n="5"/>divi <g type="interpunct">·</g> Anto<unclear>n</unclear><supplied reason="lost">ini</supplied> <supplied reason="lost">Pii</supplied> <supplied reason="lost">pronepoti</supplied> 
                    <lb n="6"/>divi <unclear>H</unclear><supplied reason="lost">adriani</supplied> <supplied reason="lost">abnepoti</supplied> <supplied reason="lost">divi</supplied> <supplied reason="lost">Traiani</supplied>
                    <lb n="7"/><supplied reason="lost">et</supplied> <supplied reason="lost">divi</supplied> <supplied reason="lost">Nervae</supplied> <supplied reason="lost">adnepoti</supplied>
                    <lb n="8"/><supplied reason="lost"><expan><abbr>M</abbr><ex>arco</ex></expan></supplied> <supplied reason="lost">Aurelio</supplied> <supplied reason="lost">Antonino</supplied> <supplied reason="lost">Pio</supplied> <supplied reason="lost"><expan><abbr>Fel</abbr><ex>ici</ex></expan></supplied> <supplied reason="lost"><expan><abbr>Aug</abbr><ex>usto</ex></expan></supplied>
                </ab>
            </div>
            <div type="apparatus">
                <listApp>
                    <app><note>Text of CIL</note></app>
                </listApp>
            </div>
            <div type="translation">
                <p><!--translation(s) - add @xml:lang for 'en' or 'it' to div--></p>
            </div>
            <div type="commentary">
                <p><!--commented out pending revision-->
                   </p>
            </div>
            <div type="bibliography">
                <listBibl type="edition">
                    <bibl type="corpus" n="CIL">
                        <citedRange>
                            <ref target="http://arachne.uni-koeln.de/item/buchseite/650752">10.6991</ref>
                        </citedRange>
                        <ptr target="https://www.zotero.org/groups/382445/items/GQN8UZSI"/>
                    </bibl>
                    <bibl/>
                </listBibl>
	   <listBibl type="discussion"><bibl/></listBibl>
            </div>
        </body>
    </text>
</TEI>