<?xml version="1.0" encoding="UTF-8"?>
<?xml-model href="http://www.stoa.org/epidoc/schema/latest/tei-epidoc.rng" type="application/xml" schematypens="http://relaxng.org/ns/structure/1.0"?>
<?xml-model href="../schematron/ircyr-checking.sch" schematypens="http://purl.oclc.org/dsdl/schematron"?>                                                
<TEI xmlns="http://www.tei-c.org/ns/1.0" xml:lang="en">
    <teiHeader>
        <fileDesc>
            <titleStmt>
                <title>I.Sicily inscription 0449</title>
                <editor ref="#JP">Jonathan Prag</editor>
                <principal ref="#JP">Jonathan Prag</principal>
                <funder>John Fell OUP Research Fund</funder>
	   <funder><ref target="https://cordis.europa.eu/project/id/885040">ERC Advanced Grant no.885040</ref></funder>
                <respStmt>
                    <name xml:id="JP" ref="http://orcid.org/0000-0003-3819-8537">Jonathan Prag</name>
                    <resp>original data collection and editing</resp>
                </respStmt>
                <respStmt>
                    <name xml:id="JCu" ref="http://orcid.org/0000-0002-6686-3728">James Cummings</name>
                    <resp>conversion to EpiDoc</resp>
                </respStmt>
                <respStmt>
                    <name xml:id="JCh" ref="http://orcid.org/0000-0001-6823-0265">James Chartrand</name>
                    <resp>site construction and encoding</resp>
                </respStmt>
                <respStmt>
                    <name xml:id="VV" ref="http://orcid.org/0000-0002-9695-0240">Valeria Vitale</name>
                    <resp>editing of geo data</resp>
                </respStmt>
                <respStmt>
                    <name xml:id="MM">Michael Metcalfe</name>
                    <resp>museum data collection</resp>
                </respStmt>
                <respStmt>
                    <name xml:id="TA" ref="https://orcid.org/0000-0001-8417-7089">Tuuli Ahlholm</name>
                    <resp>EpiDoc editing</resp>
                </respStmt>
                <respStmt>
                    <name xml:id="IG">Ilenia Gradante</name>
                    <resp>data collection</resp>
                </respStmt>
	    <respStmt>
     	       <name xml:id="SS" ref="https://orcid.org/0000-0003-3914-9569">Simona Stoyanova</name>
     	       <resp>standardisation of template and tidying up encoding</resp>
 	   </respStmt>
	    <respStmt>
                    <name xml:id="system">system</name>
                    <resp>automated or batch processes</resp>
                </respStmt>
            </titleStmt>
            <publicationStmt>
                <authority>I.Sicily</authority>
                <idno type="filename">ISic0449</idno>
                <idno type="TM">491677</idno>
                <idno type="EDR"/>
                <idno type="EDH"/>
                <idno type="EDCS">21900511</idno>
                <idno type="PHI"/>
                <idno type="URI">http://sicily.classics.ox.ac.uk/inscription/ISic0449</idno>
                <idno type="DOI" when="2020-12-17">10.5281/zenodo.4335714</idno>
                <availability>
                    <licence target="http://creativecommons.org/licenses/by/4.0/">Licensed under a Creative
                        Commons-Attribution 4.0 licence.
                    </licence>
                </availability>
            </publicationStmt>
            <sourceDesc>
                <msDesc>
                    <msIdentifier>
                        <country>Italy</country>
                        <region>Sicily</region>
                        <settlement>Siracusa</settlement>
                        <repository role="museum" ref="http://sicily.classics.ox.ac.uk/museum/097">Museo Archeologico
                            Regionale Paolo Orsi
                        </repository>
                        <idno type="inventory">263 + 13069</idno>
                         <altIdentifier>
                            <settlement/>
                            <repository/>
                            <idno type="old"/>
                        </altIdentifier>
                    </msIdentifier>
                    <msContents>
                        <textLang mainLang="la">Latin</textLang>
                    </msContents>
                    <physDesc>
                        <objectDesc>
                            <supportDesc>
                                <support>
                                    <material key="marble" ref="http://www.eagle-network.eu/voc/material/lod/48.html">
                                        marble
                                    </material>
                                    <objectType key="tabula" ref="http://www.eagle-network.eu/voc/objtyp/lod/257">tablet</objectType>
                                    <dimensions><!--measurement of Agnello-->
                                        <height unit="cm">25.5</height>
                                        <width unit="cm">15</width>
                                        <depth unit="cm"/>
                                    </dimensions>
                                </support>
                                <condition/>
		    </supportDesc>
                            <layoutDesc>
                                <layout>
                                    <rs type="execution" ref="http://www.eagle-network.eu/voc/writing/lod/1">Engraved
                                    </rs>
                                </layout>
                            </layoutDesc>
                        </objectDesc>
                        <handDesc>
                            <handNote><!--Default value and requires editing-->
                                <locus from="line1" to="line1">Line 1</locus>
                                <dimensions type="letterHeight">
                                    <height unit="mm"/>
                                </dimensions>
                                <locus from="line1" to="line2">Interlineation line 1 to 2</locus>
                                <dimensions type="interlinear">
                                    <height unit="mm"/>
                                </dimensions>
                            </handNote>
                        </handDesc>
                    </physDesc>
                    <history>
                        <origin>
                            <origPlace>
                                <placeName type="ancient" ref="http://pleiades.stoa.org/places/462503">Syracusae</placeName>		
                                <placeName type="modern" ref="http://sws.geonames.org/2523083">Siracusa</placeName>
                            	<geo>37.08415, 15.27628</geo>
		</origPlace>
                            <origDate datingMethod="#julian" notBefore-custom="0300" notAfter-custom="0500">later Roman</origDate>
                        </origin>
                        <provenance type="found"><placeName ref="https://pleiades.stoa.org/places/560149180">Catacomb of S.Giovanni</placeName><geo>37.0767995, 15.2848558</geo></provenance>
                        <provenance type="observed" subtype="autopsied">No Autopsy</provenance>
                        <acquisition>Siracusa, Museo Archeologico Regionale Paolo Orsi</acquisition>
                    </history>
                </msDesc>
            </sourceDesc>
        </fileDesc>
        <profileDesc>
            <calendarDesc>
                <calendar xml:id="julian">
                    <p>Julian Calendar</p>
                </calendar>
            </calendarDesc>
            <langUsage>
                <language ident="en">English</language>
                <language ident="it">Italian</language>
                <language ident="grc">Ancient Greek</language>
                <language ident="la">Latin</language>
                <language ident="he">Hebrew</language>
                <language ident="phn">Phoenician</language>
                <language ident="xpu">Punic</language>
                <language ident="osc">Oscan</language>
                <language ident="xly">Elymian</language>
                <language ident="scx">Sikel</language>
                <language ident="sxc">Sikan</language>
            </langUsage>
            <textClass>
                <keywords scheme="http://www.eagle-network.eu/voc/typeins.html">
                    <term key="funerary" ref="http://www.eagle-network.eu/voc/typeins/lod/92.html">funerary</term>
                </keywords>
            </textClass>
        </profileDesc>
        <revisionDesc status="draft">
            <listChange>
                <change when="2016-12-03" who="#JCu">James Cummings autogenerated EpiDoc output from database</change>
                <change when="2018-02-16" who="#TA"> Tuuli Ahlholm revised the Epidoc, encoded the text and added an apparatus.</change>
                <change when="2018-02-20" who="#JP">Jonathan Prag updated record (text and bibl) to include both fragments on basis of information from Ilenia Gradante</change>
            	   <change when="2020-10-05" who="#SS">Simona Stoyanova normalised Unicode</change>
            	   <change when="2020-10-08" who="#SS">Simona Stoyanova updated list of languages</change>
            	<change when="2020-11-20" who="#SS">Simona Stoyanova added EDCS numbers</change>
		<change when="2020-11-26" who="#SS">Simona Stoyanova restructured bibliography</change>
	    <change when="2020-12-17" who="#system">Updated Zenodo DOI</change>
            </listChange>
        </revisionDesc>
    </teiHeader>
    <facsimile>
        <surface/>
        <!--delete empty surface above and uncomment template below if needed-->
        <!--
  <surface type="front">
    <graphic n="screen" url="{concat('ISic', $num, '_tiled.tif')}"
      height="4912px" width="7360px">
      <desc>Add Description Here</desc>
    </graphic>
    <graphic n="print" url="{concat('ISic', $num, '.jpg')}" height="3680px" width="5520px">
      <desc>Add Description Here</desc>
    </graphic>
  </surface>

    -->
    </facsimile>
    <text>
        <body>
            <div type="edition" xml:space="preserve" xml:lang="la">
                <ab>
                    <lb n="1"/><supplied reason="lost">hic</supplied> <supplied reason="lost">pos</supplied>ita <g type="interpunct">·</g> Aurel<hi rend="subscript">i</hi><hi rend="supercript">a</hi>
                    <lb n="2"/><supplied reason="lost">quae</supplied> <supplied reason="lost">vix</supplied>it annos 
                    <lb n="3"/><gap reason="lost" extent="unknown" unit="character"/><num atLeast="3" atMost="99">III</num> <g type="interpunct">·</g> bene <g ref="http://sicily.classics.ox.ac.uk/alists/listglyph.xml#palmbranch"/>
                    <lb n="4"/><supplied reason="lost">requies</supplied>ce <g ref="http://sicily.classics.ox.ac.uk/alists/listglyph.xml#chi-rho"/>
                    <lb n="5"/><supplied reason="lost">in</supplied> <supplied reason="lost">pace</supplied> <supplied reason="lost">Se</supplied>rtoria
                </ab>
            </div>
            <div type="apparatus">
                <listApp>
                    <app><note>Text of Agnello with suggestions of Ferrua</note></app>
                    <app loc="Line 4"><note>[in pa]ce Cri(isti), Agnello</note></app>
                    <app loc="LIne 5"><note>(vacat) [Se]rtoria, Agnello; vel [in pace Ma]rtoria, Ferrua</note></app>
                </listApp>
            </div>
            <div type="translation">
                <p><!--translation(s) - add @xml:lang for 'en' or 'it' to div--></p>
            </div>
            <div type="commentary">
                <p>Lower fragment was published by Orsi in 1893; upper fragment by Carini in 1874; Mommsen only aware of upper fragment; Agnello united the fragments, and Ferrua amended the reading.</p>
            </div>
            <div type="bibliography">
                <listBibl type="edition">
                    <bibl>
                        <author>Carini</author>
                        <date>1874</date>
                        <citedRange>510 no.11</citedRange>
                        <ptr target="https://www.zotero.org/groups/382445/items/FSV2VG49"/>
                    </bibl>
                    <bibl type="corpus" n="CIL">
                        <citedRange>
                            <ref target="http://arachne.uni-koeln.de/item/buchseite/650769">10.7170</ref>
                        </citedRange>
                        <ptr target="https://www.zotero.org/groups/382445/items/GQN8UZSI"/>
                    </bibl>
                    <bibl type="bulletin" n="NSA">
                        <author>Orsi</author>
                        <date>1893</date>
                        <citedRange>292 no.59</citedRange>
                        <ptr target="https://www.zotero.org/groups/isicily/items/4MCP2PVV"/>
                    </bibl>
                    <bibl>
                        <author>Agnello</author>
                        <date>1956</date>
                        <citedRange>55 no.8 fig.1e</citedRange>
                        <ptr target="https://www.zotero.org/groups/382445/items/MDWJGRAV"/>
                    </bibl>
                    <bibl>
                        <author>Ferrua</author>
                        <date>1989</date>
                        <citedRange>33 no.100</citedRange>
                        <ptr target="https://www.zotero.org/groups/382445/items/759ZXHKQ"/>
                    </bibl>
                </listBibl>
	   <listBibl type="discussion"><bibl/></listBibl>
            </div>
        </body>
    </text>
</TEI>