<?xml version="1.0" encoding="UTF-8"?>
<?xml-model href="http://www.stoa.org/epidoc/schema/latest/tei-epidoc.rng" type="application/xml" schematypens="http://relaxng.org/ns/structure/1.0"?>
<?xml-model href="../schematron/ircyr-checking.sch" schematypens="http://purl.oclc.org/dsdl/schematron"?>                                                
<TEI xmlns="http://www.tei-c.org/ns/1.0" xml:lang="en">
    <teiHeader>
        <fileDesc>
            <titleStmt>
                <title>Sarcophagus of Adelphia</title>
                <editor ref="#JP">Jonathan Prag</editor>
                <principal ref="#JP">Jonathan Prag</principal>
                <funder>John Fell OUP Research Fund</funder>
	   <funder><ref target="https://cordis.europa.eu/project/id/885040">ERC Advanced Grant no.885040</ref></funder>
                <respStmt>
                    <name xml:id="JP" ref="http://orcid.org/0000-0003-3819-8537">Jonathan Prag</name>
                    <resp>original data collection and editing</resp>
                </respStmt>
                <respStmt>
                    <name xml:id="JCu" ref="http://orcid.org/0000-0002-6686-3728">James Cummings</name>
                    <resp>conversion to EpiDoc</resp>
                </respStmt>
                <respStmt>
                    <name xml:id="JCh" ref="http://orcid.org/0000-0001-6823-0265">James Chartrand</name>
                    <resp>site construction and encoding</resp>
                </respStmt>
                <respStmt>
                    <name xml:id="VV" ref="http://orcid.org/0000-0002-9695-0240">Valeria Vitale</name>
                    <resp>editing of geo data</resp>
                </respStmt>
                <respStmt>
                    <name xml:id="MM">Michael Metcalfe</name>
                    <resp>museum data collection</resp>
                </respStmt>
	    <respStmt>
     	       <name xml:id="SS" ref="https://orcid.org/0000-0003-3914-9569">Simona Stoyanova</name>
     	       <resp>standardisation of template and tidying up encoding</resp>
 	   </respStmt>
	    <respStmt>
                    <name xml:id="system">system</name>
                    <resp>automated or batch processes</resp>
                </respStmt>
            </titleStmt>
            <publicationStmt>
                <authority>I.Sicily</authority>
                <idno type="filename">ISic0404</idno>
                <idno type="TM">491615</idno>
                <idno type="EDR"/>
                <idno type="EDH"/>
                <idno type="EDCS">21900445</idno>
                <idno type="PHI"/>
                <idno type="URI">http://sicily.classics.ox.ac.uk/inscription/ISic0404</idno>
                <idno type="DOI" when="2020-12-17">10.5281/zenodo.4335552</idno>
                <availability>
                    <licence target="http://creativecommons.org/licenses/by/4.0/">Licensed under a Creative
                        Commons-Attribution 4.0 licence.
                    </licence>
                </availability>
            </publicationStmt>
            <sourceDesc>
                <msDesc>
                    <msIdentifier>
                        <country>Italy</country>
                        <region>Sicily</region>
                        <settlement>Siracusa</settlement>
                        <repository role="museum" ref="http://sicily.classics.ox.ac.uk/museum/097">Museo Archeologico
                            Regionale Paolo Orsi
                        </repository>
                        <idno type="inventory">864</idno>
                        <!--Adding location for old id numbers if available-->
                        <altIdentifier>
                            <settlement/>
                            <repository/>
                            <idno type="old"/>
                        </altIdentifier>
                    </msIdentifier>
                    <msContents>
                        <textLang mainLang="la">Latin</textLang>
                    </msContents>
                    <physDesc>
                        <objectDesc>
                            <supportDesc>
                                <support>
                                    <material key="marble" ref="http://www.eagle-network.eu/voc/material/lod/48.html">
                                        marble
                                    </material>
                                    <objectType key="sarcophagus" ref="http://www.eagle-network.eu/voc/objtyp/lod/214.html">sarcophagus</objectType>
                                    <dimensions>
                                        <height unit="cm"/>
                                        <width unit="cm"/>
                                        <depth unit="cm"/>
                                    </dimensions>
                                </support>
                                <condition/>
		    </supportDesc>
                            <layoutDesc>
                                <layout>
                                    <rs type="execution" ref="http://www.eagle-network.eu/voc/writing/lod/1">Engraved
                                    </rs>
                                </layout>
                            </layoutDesc>
                        </objectDesc>
                        <handDesc>
                            <handNote><!--Default value and requires editing-->
                                <locus from="line1" to="line1">Line 1</locus>
                                <dimensions type="letterHeight">
                                    <height unit="mm"/>
                                </dimensions>
                                <locus from="line1" to="line2">Interlineation line 1 to 2</locus>
                                <dimensions type="interlinear">
                                    <height unit="mm"/>
                                </dimensions>
                            </handNote>
                        </handDesc>
                    </physDesc>
                    <history>
                        <origin>
                            <origPlace>
                                <placeName type="ancient" ref="http://pleiades.stoa.org/places/462503">Syracusae</placeName>		
                                <placeName type="modern" ref="http://sws.geonames.org/2523083">Siracusa</placeName>
                            	<geo>37.08415, 15.27628</geo>
		</origPlace>
                            <origDate datingMethod="#julian" notBefore-custom="0325" notAfter-custom="0425">Sarcophagus is Constantinian, but the burial for Adelphia may be a re-use and so later.</origDate>
                        </origin>
                        <provenance type="found">Found 12 June 1872 in the <placeName ref="https://pleiades.stoa.org/places/560149180">Catacomb of San Giovanni</placeName> <geo>37.0767995, 15.2848558</geo></provenance>
                        <provenance type="observed" subtype="autopsied">2017</provenance>
                        <acquisition>Siracusa, Museo Archeologico Regionale Paolo Orsi no. 864</acquisition>
                    </history>
                    <additional>
                        <adminInfo>
                            <note type="location">Display sector F</note>
                        </adminInfo>
                    </additional>
                </msDesc>
            </sourceDesc>
        </fileDesc>
        <profileDesc>
            <calendarDesc>
                <calendar xml:id="julian">
                    <p>Julian Calendar</p>
                </calendar>
            </calendarDesc>
            <langUsage>
                <language ident="en">English</language>
                <language ident="it">Italian</language>
                <language ident="grc">Ancient Greek</language>
                <language ident="la">Latin</language>
                <language ident="he">Hebrew</language>
                <language ident="phn">Phoenician</language>
                <language ident="xpu">Punic</language>
                <language ident="osc">Oscan</language>
                <language ident="xly">Elymian</language>
                <language ident="scx">Sikel</language>
                <language ident="sxc">Sikan</language>
            </langUsage>
            <textClass>
                <keywords scheme="http://www.eagle-network.eu/voc/typeins.html">
                    <term key="funerary" ref="http://www.eagle-network.eu/voc/typeins/lod/92.html">funerary</term>
                </keywords>
            </textClass>
        </profileDesc>
        <revisionDesc status="draft">
            <listChange>
                <change when="2016-12-03" who="#JCu">James Cummings autogenerated EpiDoc output from database</change>
                <change when="2017-11-10" who="#JP">Jonathan Prag added a bibl element</change>
                <change when="2018-01-20" who="#JP">Jonathan Prag checked the file and encoded text division</change>
            	   <change when="2020-10-05" who="#SS">Simona Stoyanova normalised Unicode</change>
            	   <change when="2020-10-08" who="#SS">Simona Stoyanova updated list of languages</change>
            	<change when="2020-11-20" who="#SS">Simona Stoyanova added EDCS numbers</change>
		<change when="2020-11-26" who="#SS">Simona Stoyanova restructured bibliography</change>
	    <change when="2020-12-17" who="#system">Updated Zenodo DOI</change>
            </listChange>
        </revisionDesc>
    </teiHeader>
    <facsimile>
        <surface/>
        <!--delete empty surface above and uncomment template below if needed-->
        <!--
  <surface type="front">
    <graphic n="screen" url="{concat('ISic', $num, '_tiled.tif')}"
      height="4912px" width="7360px">
      <desc>Add Description Here</desc>
    </graphic>
    <graphic n="print" url="{concat('ISic', $num, '.jpg')}" height="3680px" width="5520px">
      <desc>Add Description Here</desc>
    </graphic>
  </surface>
Widimedia image files: https://commons.wikimedia.org/wiki/File%3ASarcofago_di_Adelfia_(dettaglio).JPG
    -->
    </facsimile>
    <text>
        <body>
            <div type="edition" xml:space="preserve" xml:lang="la">
                <ab>
                    <lb n="1"/><choice><orig/><reg>h</reg></choice>ic Adelfia <expan><abbr>c</abbr><ex>larissima</ex></expan> <expan><abbr>f</abbr><ex>emina</ex></expan>
                    <lb n="2"/>posita conpar
                    <lb n="3"/>Baleri comitis
                </ab>
            </div>
            <div type="apparatus">
                <listApp><app loc="Line 1"><note>IC with no space for initial H</note></app></listApp>
            </div>
            <div type="translation" xml:lang="en" resp="#JP">
                <p>Here is laid to rest Adelphia, lady of senatorial rank, wife of the Count Valerius</p>
            </div>
            <div type="translation" xml:lang="it" resp="#MS">
                <p>Qui è deposta Adelfia clarissima femina moglie del conte Valerio</p>
            </div>
            <div type="commentary">
                <p><!--commented out pending revision-->
                    <!--Christian sarcophagus with relief panels; Adelfia, clarissima femina, wife of comes Valerius, cos. prov. Sic. between 330- and 337. Or, by Mang's interpretation, an Adelfia, domna patricia, whose husband would merely  be a comes Syracusana civitatis, along the lines of that known for c.526/7 AD in other sources; note that the sarcophagus is Constantinian marble, re-used.--></p>
            </div>
            <div type="bibliography">
                <listBibl type="edition">
                    <bibl type="corpus" n="CIL">
                        <citedRange>
                            <ref target="http://arachne.uni-koeln.de/books/CILv10pII1883">10.7123</ref>
                        </citedRange>
                        <ptr target="https://www.zotero.org/groups/382445/items/GQN8UZSI"/>
                    </bibl>
                    <bibl type="bulletin" n="AE">
                        <citedRange>2004.0656</citedRange>
                        <ptr target="http://zotero.org/groups/382445/items/R46KDTZX"/>
                    </bibl>
                    <bibl>
                        <author>Agnello</author>
                        <date>1953</date>
                        <citedRange>no.71</citedRange>
                        <ptr target="https://www.zotero.org/groups/382445/items/D9BZFDDR"/>
                    </bibl>
                    <bibl>
                        <author>Manganaro</author>
                        <date>1988</date>
                        <citedRange>25 n.98</citedRange>
                        <ptr target="https://www.zotero.org/groups/382445/items/RZSFKACR"/>
                    </bibl>
                    <bibl>
                        <author>Wilson</author>
                        <date>1990</date>
                        <citedRange>182-183 pl.XI, fig.265</citedRange>
                        <ptr target="https://www.zotero.org/groups/382445/items/VF9MMBI9"/>
                    </bibl>
                    <bibl>
                        <author>Manganaro</author>
                        <date>1993</date>
                        <citedRange>586-587 n.126-127</citedRange>
                        <ptr target="https://www.zotero.org/groups/382445/items/JBI7CI5R"/>
                    </bibl>
                    <bibl>
                        <author>Tusa</author>
                        <date>1995</date>
                        <citedRange>no.83</citedRange>
                        <ptr target="https://www.zotero.org/groups/382445/items/MKRMHRK2"/>
                    </bibl>
                    <bibl>
                        <author>Carini</author>
                        <date>1875</date>
                        <ptr target="https://www.zotero.org/groups/382445/items/H7KWCRG9"/>
                    </bibl>
                    <bibl>
                        <author>Lamagna and Amato</author>
                        <date>2014</date>
                        <citedRange>4, 15-19</citedRange>
                        <ptr target="https://www.zotero.org/groups/382445/items/BRWNQRHF"/>
                    </bibl>
                </listBibl>
	   <listBibl type="discussion"><bibl/></listBibl>
            </div>
        </body>
    </text>
</TEI>