<?xml version="1.0" encoding="UTF-8"?>
<?xml-model href="http://www.stoa.org/epidoc/schema/latest/tei-epidoc.rng" type="application/xml" schematypens="http://relaxng.org/ns/structure/1.0"?>
<?xml-model href="../schematron/ircyr-checking.sch" schematypens="http://purl.oclc.org/dsdl/schematron"?>                                                
<TEI xmlns="http://www.tei-c.org/ns/1.0" xml:lang="en">
    <teiHeader>
        <fileDesc>
            <titleStmt>
                <title>I.Sicily inscription 0081</title>
                <editor ref="#JP">Jonathan Prag</editor>
                <principal ref="#JP">Jonathan Prag</principal>
                <funder>John Fell OUP Research Fund</funder>
	   <funder><ref target="https://cordis.europa.eu/project/id/885040">ERC Advanced Grant no.885040</ref></funder>
                <respStmt>
                    <name xml:id="JP" ref="http://orcid.org/0000-0003-3819-8537">Jonathan Prag</name>
                    <resp>original data collection and editing</resp>
                </respStmt>
                <respStmt>
                    <name xml:id="JCu" ref="http://orcid.org/0000-0002-6686-3728">James Cummings</name>
                    <resp>conversion to EpiDoc</resp>
                </respStmt>
                <respStmt>
                    <name xml:id="JCh" ref="http://orcid.org/0000-0001-6823-0265">James Chartrand</name>
                    <resp>site construction and encoding</resp>
                </respStmt>
                <respStmt>
                    <name xml:id="VV" ref="http://orcid.org/0000-0002-9695-0240">Valeria Vitale</name>
                    <resp>editing of geo data</resp>
                </respStmt>
                <respStmt>
                    <name xml:id="MM">Michael Metcalfe</name>
                    <resp>museum data collection</resp>
                </respStmt>
	    <respStmt>
     	       <name xml:id="SS" ref="https://orcid.org/0000-0003-3914-9569">Simona Stoyanova</name>
     	       <resp>standardisation of template and tidying up encoding</resp>
 	   </respStmt>
	    <respStmt>
                    <name xml:id="system">system</name>
                    <resp>automated or batch processes</resp>
                </respStmt>
            </titleStmt>
            <publicationStmt>
                <authority>I.Sicily</authority>
                <idno type="filename">ISic0081</idno>
                <idno type="TM">644814</idno>
                <idno type="EDR"/>
                <idno type="EDH"/>
                <idno type="EDCS"/>
                <idno type="PHI"/>
                <idno type="URI">http://sicily.classics.ox.ac.uk/inscription/ISic0081</idno>
                <idno type="DOI" when="2020-12-17">10.5281/zenodo.4334057</idno>
                <availability>
                    <licence target="http://creativecommons.org/licenses/by/4.0/">Licensed under a Creative
                        Commons-Attribution 4.0 licence.
                    </licence>
                </availability>
            </publicationStmt>
            <sourceDesc>
                <msDesc>
                    <msIdentifier><!--Default country and region-->
                        <country>Italy</country>
                        <region>Sicily</region>
                        <settlement>Cefalù</settlement>
                        <repository><!--Add Repository Here--></repository>
                        <!--No inventory number found-->
                        <!--Adding location for old id numbers if available-->
                        <altIdentifier>
                            <settlement/>
                            <repository/>
                            <idno type="old"/>
                        </altIdentifier>
                    </msIdentifier>
                    <msContents>
                        <textLang mainLang="la">Latin</textLang>
                    </msContents>
                    <physDesc>
                        <objectDesc>
                            <supportDesc>
                                <support><p>Fragment of a marble plaque, broken to left and below</p>
                                    <material key="marble" ref="http://www.eagle-network.eu/voc/material/lod/48.html">marble</material>
                                    <objectType key="plaque" ref="http://www.eagle-network.eu/voc/objtyp/lod/259.html">plaque</objectType>
                                    <dimensions><!--Default values and requires editing-->
                                        <height unit="cm">25</height>
                                        <width unit="cm">18.7</width>
                                        <depth unit="cm">5</depth>
                                    </dimensions>
                                </support>
                                <condition/>
		    </supportDesc>
                            <layoutDesc>
                                <layout><p>Remains of five lines of Latin letters, decreasing in size, with uneven right margin.</p>
                                    <rs type="execution" ref="http://www.eagle-network.eu/voc/writing/lod/1">Engraved</rs>
                                </layout>
                            </layoutDesc>
                        </objectDesc>
                        <handDesc>
                            <handNote>
                                <locus from="line1" to="line1">Line 1</locus>
                                <dimensions type="letterHeight">
                                    <height unit="mm"/>
                                </dimensions>
                                <locus from="line1" to="line2">Interlineation line 1 to 2</locus>
                                <dimensions type="interlinear">
                                    <height unit="mm"/>
                                </dimensions>
                            </handNote>
                        </handDesc>
                    </physDesc>
                    <history>
                        <origin>
                            <origPlace>
                                <placeName type="ancient" ref="http://pleiades.stoa.org/places/462154">Cephaloedium</placeName>		
                                <placeName type="modern" ref="http://sws.geonames.org/2525041">Cefalù</placeName>
                            	<geo>38.03856, 14.02285</geo>
		</origPlace>
                            <origDate datingMethod="#julian" notBefore-custom="0001" notAfter-custom="0300">C1-C3 AD</origDate>
                        </origin>
                        <provenance type="found">Found in the surface layers of refuse on top of a layer of early modern fill which post-dates 1619, in the north tower of the Duomo of Cefalu cathedral<geo>38.040004, 14.023205</geo></provenance>
                        <provenance type="observed" subtype="autopsied">No Autopsy</provenance>
                        <acquisition/>
                    </history>
                </msDesc>
            </sourceDesc>
        </fileDesc>
        <profileDesc>
            <calendarDesc>
                <calendar xml:id="julian">
                    <p>Julian Calendar</p>
                </calendar>
            </calendarDesc>
            <langUsage>
                <language ident="en">English</language>
                <language ident="it">Italian</language>
                <language ident="grc">Ancient Greek</language>
                <language ident="la">Latin</language>
                <language ident="he">Hebrew</language>
                <language ident="phn">Phoenician</language>
                <language ident="xpu">Punic</language>
                <language ident="osc">Oscan</language>
                <language ident="xly">Elymian</language>
                <language ident="scx">Sikel</language>
                <language ident="sxc">Sikan</language>
            </langUsage>
            <textClass>
                <keywords scheme="http://www.eagle-network.eu/voc/typeins.html">
                    <term key="funerary" ref="http://www.eagle-network.eu/voc/typeins/lod/92.html">funerary</term>
                </keywords>
            </textClass>
        </profileDesc>
        <revisionDesc status="draft">
            <listChange>
                <change when="2016-12-03" who="#JCu">James Cummings autogenerated EpiDoc output from database</change>
                <change when="2020-08-18" who="#JP">Jonathan Prag made draft revision of EpiDoc on basis of ed.pr. Tullio 1995</change>
            	   <change when="2020-10-05" who="#SS">Simona Stoyanova normalised Unicode</change>
            	   <change when="2020-10-08" who="#SS">Simona Stoyanova updated list of languages</change>
            		<change when="2020-11-26" who="#SS">Simona Stoyanova restructured bibliography</change>
	    <change when="2020-12-17" who="#system">Updated Zenodo DOI</change>
            </listChange>
        </revisionDesc>
    </teiHeader>
    <facsimile>
        <surface/>
        <!--delete empty surface above and uncomment template below if needed-->
        <!--
  <surface type="front">
    <graphic n="screen" url="{concat('ISic', $num, '_tiled.tif')}"
      height="4912px" width="7360px">
      <desc>Add Description Here</desc>
    </graphic>
    <graphic n="print" url="{concat('ISic', $num, '.jpg')}" height="3680px" width="5520px">
      <desc>Add Description Here</desc>
    </graphic>
  </surface>

    -->
    </facsimile>
    <text>
        <body>
            <div type="edition" xml:space="preserve" xml:lang="la" resp="#JP">
                <ab>
                <lb n="1"/><supplied reason="lost">Di</supplied>s Ma
                <lb n="2" break="no"/><unclear>n</unclear>ibus
                <lb n="3"/><gap reason="lost" extent="unknown" unit="character"/><unclear>i</unclear>l<unclear>l</unclear>ae
                <lb n="4"/><gap reason="lost" extent="unknown" unit="character"/>ae
                 <lb n="5"/><gap reason="lost" extent="unknown" unit="character"/>m
                </ab>
            </div>
            <div type="apparatus">
                <listApp><app><note>Text based upon poor quality photo in Tullio 1995</note></app></listApp><!-- have not yet consulted Bivona-->
            </div>
            <div type="translation">
                <p><!--translation(s) - add @xml:lang for 'en' or 'it' to div--></p>
            </div>
            <div type="commentary" resp="#JP">
                <p>If the heading 'Dis Manibus' is written out in full over the first two lines, as appears to be the case, this approximately fixes the width of teh stone, and suggests a single female name in genitive or dative on each of lines 3 and 4. The name in line 3 is either ILLAE or ILIAE/</p>
            </div>
            <div type="bibliography">
                <listBibl type="edition">
                    <bibl>
                        <author>Bivona</author>
                        <date>1997-1998</date>
                        <citedRange>614</citedRange>
                        <ptr target="https://www.zotero.org/groups/382445/items/CK5K5DDG"/>
                    </bibl>
                    <bibl>
                        <author>Tullio</author>
                        <date>1995</date>
                        <citedRange>151-153 fig.21</citedRange>
                        <ptr target="https://www.zotero.org/groups/382445/items/7S54IE72"/>
                    </bibl>
                </listBibl>
	   <listBibl type="discussion"><bibl/></listBibl>
            </div>
        </body>
    </text>
</TEI>