<?xml version="1.0" encoding="UTF-8"?>
<?xml-model href="http://www.stoa.org/epidoc/schema/latest/tei-epidoc.rng" type="application/xml" schematypens="http://relaxng.org/ns/structure/1.0"?>
<?xml-model href="../schematron/ircyr-checking.sch" schematypens="http://purl.oclc.org/dsdl/schematron"?>                                                
<TEI xmlns="http://www.tei-c.org/ns/1.0" xml:lang="en">
    <teiHeader>
        <fileDesc>
            <titleStmt>
                <title>I.Sicily inscription 0265</title>
                <editor ref="#JP">Jonathan Prag</editor>
                <principal ref="#JP">Jonathan Prag</principal>
                <funder>John Fell OUP Research Fund</funder>
	   <funder><ref target="https://cordis.europa.eu/project/id/885040">ERC Advanced Grant no.885040</ref></funder>
                <respStmt>
                    <name xml:id="JP" ref="http://orcid.org/0000-0003-3819-8537">Jonathan Prag</name>
                    <resp>original data collection and editing</resp>
                </respStmt>
                <respStmt>
                    <name xml:id="JCu" ref="http://orcid.org/0000-0002-6686-3728">James Cummings</name>
                    <resp>conversion to EpiDoc</resp>
                </respStmt>
                <respStmt>
                    <name xml:id="JCh" ref="http://orcid.org/0000-0001-6823-0265">James Chartrand</name>
                    <resp>site construction and encoding</resp>
                </respStmt>
                <respStmt>
                    <name xml:id="VV" ref="http://orcid.org/0000-0002-9695-0240">Valeria Vitale</name>
                    <resp>editing of geo data</resp>
                </respStmt>
                <respStmt>
                    <name xml:id="MM">Michael Metcalfe</name>
                    <resp>museum data collection</resp>
                </respStmt>
                <respStmt>
                    <name xml:id="AA" ref="http://orcid.org/0000-0001-7077-0703">Alex Antoniou</name>
                    <resp>EpiDoc editing and English translation</resp>
                </respStmt>
	    <respStmt>
     	       <name xml:id="SS" ref="https://orcid.org/0000-0003-3914-9569">Simona Stoyanova</name>
     	       <resp>standardisation of template and tidying up encoding</resp>
 	   </respStmt>
	    <respStmt>
                    <name xml:id="system">system</name>
                    <resp>automated or batch processes</resp>
                </respStmt>
            </titleStmt>
            <publicationStmt>
                <authority>I.Sicily</authority>
                <idno type="filename">ISic0265</idno>
                <idno type="TM">284759</idno>
                <idno type="EDR">033599</idno>
                <idno type="EDH"/>
                <idno type="EDCS">21900295</idno>
                <idno type="PHI">313693</idno>
                <idno type="URI">http://sicily.classics.ox.ac.uk/inscription/ISic0265</idno>
                <idno type="DOI" when="2020-12-17">10.5281/zenodo.4334799</idno>
                <availability>
                    <licence target="http://creativecommons.org/licenses/by/4.0/">Licensed under a Creative
                        Commons-Attribution 4.0 licence.
                    </licence>
                </availability>
            </publicationStmt>
            <sourceDesc>
                <msDesc>
                    <msIdentifier>
                        <country>Italy</country>
                        <region>Sicily</region>
                        <settlement>Lost</settlement>
                        <repository><!--Add Repository Here--></repository>
                        <!--No inventory number found-->
                        <!--Adding location for old id numbers if available-->
                        <altIdentifier>
                            <settlement/>
                            <repository/>
                            <idno type="old"/>
                        </altIdentifier>
                    </msIdentifier>
                    <msContents>
                        <textLang mainLang="la">Latin</textLang>
                    </msContents>
                    <physDesc>
                        <objectDesc>
                            <supportDesc>
                                <support>
                                    <material key="marble" ref="http://www.eagle-network.eu/voc/material/lod/48.html">marble
                                    </material>
                                    <objectType key="base" ref="http://www.eagle-network.eu/voc/objtyp/lod/57.html">base
                                    </objectType>
                                    <dimensions><!--Default values and requires editing-->
                                        <height unit="cm"/>
                                        <width unit="cm"/>
                                        <depth unit="cm"/>
                                    </dimensions>
                                </support>
                                <condition/>
		    </supportDesc>
                            <layoutDesc>
                                <layout><!--Default value and requires checking-->
                                    <rs type="execution" ref="http://www.eagle-network.eu/voc/writing/lod/1">Engraved
                                    </rs>
                                </layout>
                            </layoutDesc>
                        </objectDesc>
                        <handDesc>
                            <handNote><!--Default value and requires editing-->
                                <locus from="line1" to="line1">Line 1</locus>
                                <dimensions type="letterHeight">
                                    <height unit="mm"/>
                                </dimensions>
                                <locus from="line1" to="line2">Interlineation line 1 to 2</locus>
                                <dimensions type="interlinear">
                                    <height unit="mm"/>
                                </dimensions>
                            </handNote>
                        </handDesc>
                    </physDesc>
                    <history>
                        <origin>
                            <origPlace>
                                <placeName type="ancient" ref="http://pleiades.stoa.org/places/462538">Messana</placeName>		
                                <placeName type="modern" ref="http://sws.geonames.org/2524170">Messina</placeName>
                            	<geo>38.19394, 15.55256</geo>
		</origPlace>
                            <origDate datingMethod="#julian" notBefore-custom="0100" notAfter-custom="0300">C2 AD - C3 AD (B)</origDate>
                        </origin>
                        <provenance type="found"/>
                        <provenance type="observed" subtype="autopsied">No Autopsy</provenance>
                        <acquisition>Lost,</acquisition>
                    </history>
                </msDesc>
            </sourceDesc>
        </fileDesc>
        <profileDesc>
            <calendarDesc>
                <calendar xml:id="julian">
                    <p>Julian Calendar</p>
                </calendar>
            </calendarDesc>
            <langUsage>
                <language ident="en">English</language>
                <language ident="it">Italian</language>
                <language ident="grc">Ancient Greek</language>
                <language ident="la">Latin</language>
                <language ident="he">Hebrew</language>
                <language ident="phn">Phoenician</language>
                <language ident="xpu">Punic</language>
                <language ident="osc">Oscan</language>
                <language ident="xly">Elymian</language>
                <language ident="scx">Sikel</language>
                <language ident="sxc">Sikan</language>
            </langUsage>
            <textClass>
                <keywords scheme="http://www.eagle-network.eu/voc/typeins.html">
                    <term key="honorific" ref="http://www.eagle-network.eu/voc/typeins/lod/69.html">honorific</term>
                </keywords>
            </textClass>
        </profileDesc>
        <revisionDesc status="draft">
            <listChange>
                <change when="2016-12-03" who="#JCu">James Cummings autogenerated EpiDoc output from database</change>
                <change when="2019-02-08" who="#AA">Alex Antoniou Epidoc editing and English translation</change>
            	   <change when="2020-10-05" who="#SS">Simona Stoyanova normalised Unicode</change>
            	   <change when="2020-10-08" who="#SS">Simona Stoyanova updated list of languages</change>
            	<change when="2020-11-20" who="#SS">Simona Stoyanova added EDCS numbers</change>
		<change when="2020-11-26" who="#SS">Simona Stoyanova restructured bibliography</change>
	    <change when="2020-12-17" who="#system">Updated Zenodo DOI</change>
            </listChange>
        </revisionDesc>
    </teiHeader>
    <facsimile>
        <surface/>
        <!--delete empty surface above and uncomment template below if needed-->
        <!--
  <surface type="front">
    <graphic n="screen" url="{concat('ISic', $num, '_tiled.tif')}"
      height="4912px" width="7360px">
      <desc>Add Description Here</desc>
    </graphic>
    <graphic n="print" url="{concat('ISic', $num, '.jpg')}" height="3680px" width="5520px">
      <desc>Add Description Here</desc>
    </graphic>
  </surface>

    -->
    </facsimile>
    <text>
        <body>
            <div type="edition" xml:space="preserve" xml:lang="la" resp="#AA">
            <ab>
                <lb n="1"/><expan><abbr>L</abbr><ex>ucius</ex></expan> · Baebius · <expan><abbr>L</abbr><ex>uci</ex></expan>  <expan><abbr>f</abbr><ex>ilius</ex></expan>
                <lb n="2"/><expan><abbr>Gal</abbr><ex>eria</ex></expan> · Iuncinus
                <lb n="3"/><expan><abbr>praef</abbr><ex>ectus</ex></expan> · <expan><abbr>fabr</abbr><ex>um</ex></expan> <expan><abbr>praef</abbr><ex>ectus</ex></expan>
                <lb n="4"/><expan><abbr>coh</abbr><ex>ortis</ex></expan> <num value="4">IIII</num> · Raetorum
                <lb n="5"/><expan><abbr>trib</abbr><ex>unus</ex></expan> · <expan><abbr>milit</abbr><ex>um</ex></expan> · <expan><abbr>leg</abbr><ex>ionis</ex></expan> · <num value="22">XXII</num>
                <lb n="6"/>Deiotarianae
                <lb n="7"/><expan><abbr>praef</abbr><ex>ectus</ex></expan> · alae · Astyrum
                <lb n="8"/><expan><abbr>praef</abbr><ex>ectus</ex></expan> · vehiculorum
                <lb n="9"/>iuridicus · Aegypti
            </ab>
            </div>
            <div type="apparatus">
                <listApp><app><note>Text based upon Bitto 2001</note></app></listApp>
            </div>
            <div type="translation" xml:lang="en" resp="#AA">
                <p>Lucius Baebius Iuncinus, son of Lucius, of tribe Galeria, praefectus fabrum, prefect of the 4th Cohort of Raeti, military tribune of the 22nd Legion of Deitarus, prefect of Ala Astyrum, praefectus vehiculorum, justice-officer of Egypt</p>
            </div>
            <div type="commentary">
                <p><!--commented out pending revision-->
                    <!--Decorated statue base (so Gualtherus): gives cursus of L. Baebius L.f. Gal Iuncinus, an ascending equestrian career, which starts with the municipal position of praef. fabrum. This is the only inscr. from Messina containing dedication to a person of public rank. Perhaps to be identified with an L. Baebius Aurelius Iuncinus known in Pap. Fouad. I.21, lines 7-8, or he of CIL 10.7580 serving in Sardinia. Manganaro 1982 discusses also. Note that the legion in quesiton served in Egypt also. Misguided antiquarian attempts to assume that all Romans at Messina were of the trib.  Galeria b/c of this inscr.--></p>
            </div>
            <div type="bibliography">
                <listBibl type="edition">
                    <bibl>
                        <author>Gualtherus</author>
                        <date>1624</date>
                        <citedRange>no.9</citedRange>
                        <ptr target="http://zotero.org/groups/382445/items/ZP8DE8KS"/>
                    </bibl>
                    <bibl type="corpus" n="CIL">
                        <citedRange>
                            <ref target="http://arachne.uni-koeln.de/books/CILv10pII1883">10.6976</ref>
                        </citedRange>
                        <ptr target="https://www.zotero.org/groups/382445/items/GQN8UZSI"/>
                    </bibl>
                    <bibl type="corpus" n="IMusMessina">
                        <citedRange>xi</citedRange>
                        <ptr target="https://www.zotero.org/groups/382445/items/M9HMEP2R"/>
                    </bibl>
                    <bibl>
                        <author>Manganaro</author>
                        <date>1982</date>
                        <ptr target="https://www.zotero.org/groups/382445/items/7IFS6HUP"/>
                    </bibl>
                    <bibl type="corpus" n="ILS">
                        <citedRange>1434</citedRange>
                        <ptr target="https://www.zotero.org/groups/382445/items/XHMS9K6S"/>
                    </bibl>
                </listBibl>
	   <listBibl type="discussion"><bibl/></listBibl>
            </div>
        </body>
    </text>
</TEI>