<?xml version="1.0" encoding="UTF-8"?>
<?xml-model href="http://www.stoa.org/epidoc/schema/latest/tei-epidoc.rng" type="application/xml" schematypens="http://relaxng.org/ns/structure/1.0"?>
<?xml-model href="../schematron/ircyr-checking.sch" schematypens="http://purl.oclc.org/dsdl/schematron"?>                                                
<TEI xmlns="http://www.tei-c.org/ns/1.0" xml:lang="en">
    <teiHeader>
        <fileDesc>
            <titleStmt>
                <title>Dedication to the Concordia of the Agrigentines</title>
                <editor ref="#JP">Jonathan Prag</editor>
                <principal ref="#JP">Jonathan Prag</principal>
                <funder>John Fell OUP Research Fund</funder>
	   <funder><ref target="https://cordis.europa.eu/project/id/885040">ERC Advanced Grant no.885040</ref></funder>
                <respStmt>
                    <name xml:id="JP" ref="http://orcid.org/0000-0003-3819-8537">Jonathan Prag</name>
                    <resp>original data collection and editing</resp>
                </respStmt>
                <respStmt>
                    <name xml:id="JCu" ref="http://orcid.org/0000-0002-6686-3728">James Cummings</name>
                    <resp>conversion to EpiDoc</resp>
                </respStmt>
                <respStmt>
                    <name xml:id="JCh" ref="http://orcid.org/0000-0001-6823-0265">James Chartrand</name>
                    <resp>site construction and encoding</resp>
                </respStmt>
                <respStmt>
                    <name xml:id="VV" ref="http://orcid.org/0000-0002-9695-0240">Valeria Vitale</name>
                    <resp>editing of geo data</resp>
                </respStmt>
                <respStmt>
                    <name xml:id="MM">Michael Metcalfe</name>
                    <resp>museum data collection</resp>
                </respStmt>
	    <respStmt>
     	       <name xml:id="SS" ref="https://orcid.org/0000-0003-3914-9569">Simona Stoyanova</name>
     	       <resp>standardisation of template and tidying up encoding</resp>
 	   </respStmt>
	    <respStmt>
                    <name xml:id="system">system</name>
                    <resp>automated or batch processes</resp>
                </respStmt>
            </titleStmt>
            <publicationStmt>
                <authority>I.Sicily</authority>
                <idno type="filename">ISic0473</idno>
                <idno type="TM">491698</idno>
                <idno type="EDR">142394</idno>
                <idno type="EDH"/>
                <idno type="EDCS">21900533</idno>
                <idno type="PHI"/>
                <idno type="URI">http://sicily.classics.ox.ac.uk/inscription/ISic0473</idno>
                <idno type="DOI" when="2020-12-17">10.5281/zenodo.4337547</idno>
                <availability>
                    <licence target="http://creativecommons.org/licenses/by/4.0/">Licensed under a Creative
                        Commons-Attribution 4.0 licence.
                    </licence>
                </availability>
            </publicationStmt>
            <sourceDesc>
                <msDesc>
                    <msIdentifier>
                        <country>Italy</country>
                        <region>Sicily</region>
                        <settlement>Agrigento</settlement>
                        <repository role="museum" ref="http://sicily.classics.ox.ac.uk/museum/130">Museo Regionale Archeologico Pietro Griffo
                        </repository>
                        <idno type="inventory">C1970 (?)</idno>
                        <!--Adding location for old id numbers if available-->
                        <altIdentifier>
                            <settlement/>
                            <repository/>
                            <idno type="old"/>
                        </altIdentifier>
                    </msIdentifier>
                    <msContents>
                        <textLang mainLang="la">Latin</textLang>
                    </msContents>
                    <physDesc>
                        <objectDesc>
                            <supportDesc>
                                <support><p>A large slab of white marble, intact on all sides (a break on the lower right corner/right side has been repaired). Two rectangular clamp holes are visible on the top, and a further two on the base. The front is finished, but not polished; the sides are rough finished; the rear is smooth.</p>
                                    <material key="limestone" ref="http://www.eagle-network.eu/voc/material/lod/66.html">limestone
                                    </material>
                                    <objectType key="tabula" ref="http://www.eagle-network.eu/voc/objtyp/lod/257">tabula
                                    </objectType>
                                    <dimensions>
                                        <height unit="cm">102.5</height>
                                        <width unit="cm">81</width>
                                        <depth unit="cm">14-15.5</depth>
                                    </dimensions>
                                </support>
                                <condition/>
		    </supportDesc>
                            <layoutDesc>
                                <layout><p>Seven lines of large Latin letters, centred on the stone. The planning of the text is uneven, with awkward word-breaks (lines 1-2 and 3-4, and some compression at line end, especially line 5</p>
                                    <rs type="execution" ref="http://www.eagle-network.eu/voc/writing/lod/1">Engraved
                                    </rs>
                                </layout>
                            </layoutDesc>
                        </objectDesc>
                        <handDesc>
                            <handNote><p>Tall, slightly curved letters, mostly with minimal serifs. P is open; R is closed with long tail; E has short horizontals of equal length, slightly upward curving; M is four equal slanting strokes. In line 5 the O and C of 'procos' are intelinked, and the following O is small and mid-line. A large diagonal upward stroke is visible above the first letter of each of the civic ethnics; and a horizontal above the Q at the end of line 6. The letters all show traces of dark paint (modern?).</p>
                                <locus from="line1" to="line1">Line 1</locus>
                                <dimensions type="letterHeight">
                                    <height unit="mm">65-71</height>
                                </dimensions>
                                <locus from="line2" to="line2">Line 2</locus>
                                <dimensions type="letterHeight">
                                    <height unit="mm">68-74</height>
                                </dimensions>
                                <locus from="line3" to="line3">Line 3</locus>
                                <dimensions type="letterHeight">
                                    <height unit="mm">70-74</height>
                                </dimensions>
                                <locus from="line4" to="line4">Line 4</locus>
                                <dimensions type="letterHeight">
                                    <height unit="mm">72-75</height>
                                </dimensions>
                                <locus from="line5" to="line5">Line 5</locus>
                                <dimensions type="letterHeight">
                                    <height unit="mm">67-72</height>
                                </dimensions>
                                <locus from="line6" to="line6">Line 6</locus>
                                <dimensions type="letterHeight">
                                    <height unit="mm">67-74</height>
                                </dimensions>
                                <locus from="line7" to="line7">Line 7</locus>
                                <dimensions type="letterHeight">
                                    <height unit="mm">74-78</height>
                                </dimensions>
                                <locus from="line1" to="line2">Interlineation line 1 to 2</locus>
                                <dimensions type="interlinear">
                                    <height unit="mm">50-52</height>
                                </dimensions>
                                <locus from="line2" to="line3">Interlineation line 2 to 3</locus>
                                <dimensions type="interlinear">
                                    <height unit="mm">47-51</height>
                                </dimensions>
                                <locus from="line3" to="line4">Interlineation line 3 to 4</locus>
                                <dimensions type="interlinear">
                                    <height unit="mm">50-52</height>
                                </dimensions>
                                <locus from="line4" to="line5">Interlineation line 4 to 5</locus>
                                <dimensions type="interlinear">
                                    <height unit="mm">50-53</height>
                                </dimensions>
                                <locus from="line5" to="line6">Interlineation line 5 to 6</locus>
                                <dimensions type="interlinear">
                                    <height unit="mm">52-55</height>
                                </dimensions>
                                <locus from="line6" to="line7">Interlineation line 6 to 7</locus>
                                <dimensions type="interlinear">
                                    <height unit="mm">45-52</height>
                                </dimensions>
                              </handNote>
                        </handDesc>
                    </physDesc>
                    <history>
                        <origin>
                            <origPlace>
                                <placeName type="ancient" ref="http://pleiades.stoa.org/places/462086">Agrigentum</placeName>		
                                <placeName type="modern" ref="http://sws.geonames.org/6541860">Agrigento</placeName>
                            	<geo>37.32084, 13.58876</geo>
		</origPlace>
                            <origDate datingMethod="#julian" notBefore-custom="0001" notAfter-custom="0100">Mid-C1 AD</origDate>
                        </origin>
                        <provenance type="found">Found in the area of the Temple of Concord in the C16 AD<geo>37.289670, 13.592091</geo></provenance>
                        <provenance type="observed" subtype="autopsied" resp="#JP">2018.07.17 Prag</provenance>
                        <acquisition>Agrigento, Museo Regionale Archeologico Pietro Griffo</acquisition>
                    </history>
                    <additional>
                        <adminInfo>
                            <note type="location">display</note>
                        </adminInfo>
                    </additional>
                </msDesc>
            </sourceDesc>
        </fileDesc>
        <profileDesc>
            <calendarDesc>
                <calendar xml:id="julian">
                    <p>Julian Calendar</p>
                </calendar>
            </calendarDesc>
            <langUsage>
                <language ident="en">English</language>
                <language ident="it">Italian</language>
                <language ident="grc">Ancient Greek</language>
                <language ident="la">Latin</language>
                <language ident="he">Hebrew</language>
                <language ident="phn">Phoenician</language>
                <language ident="xpu">Punic</language>
                <language ident="osc">Oscan</language>
                <language ident="xly">Elymian</language>
                <language ident="scx">Sikel</language>
                <language ident="sxc">Sikan</language>
            </langUsage>
            <textClass>
                <keywords scheme="http://www.eagle-network.eu/voc/typeins.html">
                    <term key="dedication" ref="http://www.eagle-network.eu/voc/typeins/lod/88.html">dedication</term>
                </keywords>
            </textClass>
        </profileDesc>
        <revisionDesc status="draft">
            <listChange>
                <change when="2016-12-03" who="#JCu">James Cummings autogenerated EpiDoc output from database</change>
                <change when="2018-09-02" who="#JP">Jonathan Prag revised the file, adding images, translation, metadata</change>
            	   <change when="2020-10-05" who="#SS">Simona Stoyanova normalised Unicode</change>
            	   <change when="2020-10-08" who="#SS">Simona Stoyanova updated list of languages</change>
            	<change when="2020-11-20" who="#SS">Simona Stoyanova added EDCS numbers</change>
		<change when="2020-11-26" who="#SS">Simona Stoyanova restructured bibliography</change>
	    <change when="2020-12-17" who="#system">Updated Zenodo DOI</change>
            </listChange>
        </revisionDesc>
    </teiHeader>
    <facsimile>
        <surface type="front">
            <graphic n="screen" url="ISic0473_tiled.tif" height="4608px" width="3072px">
                <desc>Photo M. Metcalfe</desc>
            </graphic>
            <graphic n="print" url="ISic0473.jpg" height="4608px" width="3072px">
                <desc>Photo M. Metcalfe</desc>
            </graphic>
            <graphic n="screen" url="ISic0473_copy2_tiled.tif" height="3680px" width="5520px">
                <desc>Photo J. Prag, courtesy Museo Regionale Archeologico Pietro Griffo</desc>
            </graphic>
            <graphic n="print" url="ISic0473_copy2.jpg" height="3680px" width="5520px">
                <desc>Photo J. Prag, courtesy Museo Regionale Archeologico Pietro Griffo</desc>
            </graphic>
            <graphic n="screen" url="ISic0473_leftthreequarter.tif" height="3680px" width="5520px">
                <desc>Photo J. Prag, courtesy Museo Regionale Archeologico Pietro Griffo</desc>
            </graphic>
            <graphic n="print" url="ISic0473_leftthreequarter.jpg" height="3680px" width="5520px">
                <desc>Photo J. Prag, courtesy Museo Regionale Archeologico Pietro Griffo</desc>
            </graphic>
        </surface>
    </facsimile>
    <text>
        <body>
            <div type="edition" xml:space="preserve" xml:lang="la" resp="#JP">
                <ab>
                    <lb n="1"/>Concordiae · <hi rend="apex">A</hi>grigenti
                    <lb n="2" break="no"/><space quantity="2" unit="character"/>norum<space unit="character" quantity="3"/> sacrum<space quantity="2" unit="character"/>
                    <lb n="3"/>res publica <hi rend="apex">L</hi>ilybitano
                    <lb n="4" break="no"/>rum <space unit="character" quantity="3"/> dedicantibus
                    <lb n="5"/><expan><abbr>M</abbr><ex>arco</ex></expan> · Haterio Candido <expan><abbr>pr<hi rend="ligature">oc</hi><hi rend="small">o</hi></abbr><ex>n</ex><abbr>s</abbr><ex>ule</ex></expan>
                    <lb n="6"/>et <expan><abbr>L</abbr><ex>ucio</ex></expan> · Cornelio Marcello <space unit="character" quantity="1"/><expan><abbr><hi rend="supraline">q</hi></abbr><ex>uaestore</ex></expan>
                    <lb n="7"/><space unit="character" quantity="5"/><expan><abbr>pr</abbr><ex>o</ex></expan> <space unit="character" quantity="6"/> <expan><abbr>pr</abbr><ex>aetore</ex></expan> <space unit="character" quantity="5"/>
                </ab>
            </div>
            <div type="apparatus">
                <listApp><app><note>Text based on autopsy</note></app></listApp>
            </div>
            <div type="translation" xml:lang="en" resp="#JP">
                <p>Sacred to the Concordia of the Agrigentines; the republic of the Lilybaetani (set this up); Marcus Haterius Candidus proconsul and Lucius Cornelius Marcellus quaestor pro praetore joined them in dedicating (it).</p>
            </div>
            <div type="translation" xml:lang="it">
                <p>Consacrato alla Concordia degli Agrigentini, la città di Lilibeo: dedicanti Marco Aterio Candido proconsole e Lucio Cornelio Marcello questore propretore</p>
            </div>
            <div type="commentary">
                <p><!--commented out pending revision-->
                    <!--Concordiae Agrigentinorum sacrum res publica Lilybitanorum dedicantibus Marco Haterio Candido proconsule et Lucio Cornelio Marcello quaestore. PR PR. Put up to the concord of the Agrigentines, by the res publica of the Lilybaetani; quaestor L. Cornelius Marcellus is 'almost certainly the same as the man accused under Nero and killed by Galba in 68' (W; actually simply following Mommsen!); Marcellus is also in CIL X.7266. Mommsen speculates that the oddity of the mention of two Roman magistrates is due to the Lilybaetanans wanting to make the dedication and not wanting to overlook their local Eryx-based quaestor, while also wanting to include the magistrate for the whole province. Manganaro 1988: 19 would appear to understand Quaestor PRo PRaetore, and indeed, Marcellus appears in M's list of known legati 'pro praetore' for the province at 1988: 88. Manganaro suggests that L and A's borders now are contiguous, and this marks resolution of a border dispute (after Salmeri (?ASNP 1984?)). Manganaro 1998 notes it in context of discussion of the homonoia issue of the Kimissaoi; cf. also IG 14.302 from Centuripae.--></p>
            </div>
            <div type="bibliography">
                <listBibl type="edition">
                    <bibl type="corpus" n="CIL">
                        <citedRange>
                            <ref target="http://arachne.uni-koeln.de/item/buchseite/650772">10.7192</ref>
                        </citedRange>
                        <ptr target="https://www.zotero.org/groups/382445/items/GQN8UZSI"/>
                    </bibl>
                    <bibl type="corpus" n="ILS">
                        <citedRange>6767</citedRange>
                        <ptr target="https://www.zotero.org/groups/382445/items/XHMS9K6S"/>
                    </bibl>
                    <bibl>
                        <author>Wilson</author>
                        <date>1990</date>
                        <citedRange>180 fig.151</citedRange>
                        <ptr target="https://www.zotero.org/groups/382445/items/VF9MMBI9"/>
                    </bibl>
                    <bibl>
                        <author>Manganaro</author>
                        <date>1988</date>
                        <citedRange>19 tav.1</citedRange>
                        <ptr target="https://www.zotero.org/groups/382445/items/RZSFKACR"/>
                    </bibl>
                    <bibl>
                        <author>Salmeri</author>
                        <date>1984</date>
                        <ptr target="https://www.zotero.org/groups/382445/items/ME6MW6GJ"/>
                    </bibl>
                    <bibl>
                        <author>Manganaro</author>
                        <date>1998</date>
                        <citedRange>137 n.28</citedRange>
                        <ptr target="https://www.zotero.org/groups/382445/items/56WTI3CU"/>
                    </bibl>
                </listBibl>
	   <listBibl type="discussion"><bibl/></listBibl>
            </div>
        </body>
    </text>
</TEI>