<?xml version="1.0" encoding="UTF-8"?>
<?xml-model href="http://www.stoa.org/epidoc/schema/latest/tei-epidoc.rng" type="application/xml" schematypens="http://relaxng.org/ns/structure/1.0"?>
<?xml-model href="../schematron/ircyr-checking.sch" schematypens="http://purl.oclc.org/dsdl/schematron"?>                                                
<TEI xmlns="http://www.tei-c.org/ns/1.0" xml:lang="en">
    <teiHeader>
        <fileDesc>
            <titleStmt>
                <title>
                    <seg xml:lang="en">Funerary altar for Quintus Atilius Severus, duumvir of Catania</seg>
                </title>
                <editor ref="#JP">Jonathan Prag</editor>
                <principal ref="#JP">Jonathan Prag</principal>
                <funder>John Fell OUP Research Fund</funder>
	   <funder><ref target="https://cordis.europa.eu/project/id/885040">ERC Advanced Grant no.885040</ref></funder>
                <respStmt>
                    <name xml:id="JP" ref="http://orcid.org/0000-0003-3819-8537">Jonathan Prag</name>
                    <resp>original data collection and editing</resp>
                </respStmt>
                <respStmt>
                    <name xml:id="JCu" ref="http://orcid.org/0000-0002-6686-3728">James Cummings</name>
                    <resp>conversion to EpiDoc</resp>
                </respStmt>
                <respStmt>
                    <name xml:id="JCh" ref="http://orcid.org/0000-0001-6823-0265">James Chartrand</name>
                    <resp>site construction and encoding</resp>
                </respStmt>
                <respStmt>
                    <name xml:id="VV" ref="http://orcid.org/0000-0002-9695-0240">Valeria Vitale</name>
                    <resp>editing of geo data</resp>
                </respStmt>
                <respStmt>
                    <name xml:id="MM">Michael Metcalfe</name>
                    <resp>museum data collection</resp>
                </respStmt>
                <respStmt>
                    <name xml:id="SA">Serena Agodi</name>
                    <resp>Italian translation</resp>
                </respStmt>
	    <respStmt>
     	       <name xml:id="SS" ref="https://orcid.org/0000-0003-3914-9569">Simona Stoyanova</name>
     	       <resp>standardisation of template and tidying up encoding</resp>
 	   </respStmt>
	    <respStmt>
                    <name xml:id="system">system</name>
                    <resp>automated or batch processes</resp>
                </respStmt>
            </titleStmt>
            <publicationStmt>
                <authority>I.Sicily</authority>
                <idno type="filename">ISic0307</idno>
                <idno type="TM">491516</idno>
                <idno type="EDR">139979</idno>
                <idno type="EDH"/>
                <idno type="EDCS">21900342</idno>
                <idno type="PHI"/>
                <idno type="URI">http://sicily.classics.ox.ac.uk/inscription/ISic0307</idno>
                <idno type="DOI" when="2020-12-17">10.5281/zenodo.4335089</idno>
                <availability>
                    <licence target="http://creativecommons.org/licenses/by/4.0/">Licensed under a Creative
                        Commons-Attribution 4.0 licence.
                    </licence>
                </availability>
            </publicationStmt>
            <sourceDesc>
                <msDesc>
                    <msIdentifier>
                        <country>Italy</country>
                        <region>Sicily</region>
                        <settlement>Catania</settlement>
                        <repository role="museum" ref="http://sicily.classics.ox.ac.uk/museum/018">Museo Civico di
                            Catania
                        </repository>
                        <idno type="inventory">230</idno>
                        <altIdentifier>
                            <settlement/>
                            <repository/>
                            <idno type="old"/>
                        </altIdentifier>
                    </msIdentifier>
                    <msContents>
                        <textLang mainLang="la">
                            <seg xml:lang="en">Latin</seg>
                        </textLang>
                    </msContents>
                    <physDesc>
                        <objectDesc>
                            <supportDesc>
                                <support>
                                    <material key="marble" ref="http://www.eagle-network.eu/voc/material/lod/48.html">
                                        <seg xml:lang="en">marble</seg>
                                    </material>
                                    <objectType key="altar" ref="http://www.eagle-network.eu/voc/objtyp/lod/29.html">
                                        <seg xml:lang="en">altar</seg>
                                    </objectType>
                                    <p>
                                        <seg xml:lang="en"/>
                                    </p>
                                    <dimensions><!--values from Korhonen-->
                                        <height unit="cm">135</height>
                                        <width unit="cm">89</width>
                                        <depth unit="cm">85</depth>
                                    </dimensions>
                                </support>
                                <condition/>
		    </supportDesc>
                            <layoutDesc>
                                <layout>
                                    <rs type="execution" ref="http://www.eagle-network.eu/voc/writing/lod/1">
                                        <seg xml:lang="en">Engraved</seg>
                                    </rs>
                                </layout>
                            </layoutDesc>
                        </objectDesc>
                        <handDesc>
                            <handNote>
                                <locus from="line1" to="line7">Lines 1-7</locus>
                                <dimensions type="letterHeight">
                                    <height unit="mm">35-44</height>
                                </dimensions>
                                <locus from="line1" to="line2">Not measured</locus>
                                <dimensions type="interlinear">
                                    <height unit="mm"/>
                                </dimensions>
                            </handNote>
                        </handDesc>
                    </physDesc>
                    <history>
                        <origin>
                            <origPlace>
                                <placeName type="ancient" ref="http://pleiades.stoa.org/places/462270">Catina</placeName>		
                                <placeName type="modern" ref="http://sws.geonames.org/2525068">Catania</placeName>
                            	<geo>37.49223, 15.07041</geo>
		</origPlace>
                            <origDate datingMethod="#julian" notBefore-custom="0001" notAfter-custom="0150">
                                <seg xml:lang="en">C1 AD or beginning of C2 AD (Korhonen)</seg>
                            </origDate>
                        </origin>
                        <provenance type="found">
                            <seg xml:lang="en">Found in 1832 at a depth of c.16 palms on property belonging to the Duke
                                of Carcaci outside the Porta Ferdinanda near the hill of D. Clarae
                            </seg>
                        </provenance>
                        <provenance type="observed" subtype="autopsied" resp="#JP">2017.03.21</provenance>
                        <acquisition>Catania, Museo Civico di Catania no. 230</acquisition>
                    </history>
                    <additional>
                        <adminInfo>
                            <note type="location">Display, ground flloor</note>
                        </adminInfo>
                    </additional>
                </msDesc>
            </sourceDesc>
        </fileDesc>
        <profileDesc>
            <calendarDesc>
                <calendar xml:id="julian">
                    <p>Julian Calendar</p>
                </calendar>
            </calendarDesc>
            <langUsage>
                <language ident="en">English</language>
                <language ident="it">Italian</language>
                <language ident="grc">Ancient Greek</language>
                <language ident="la">Latin</language>
                <language ident="he">Hebrew</language>
                <language ident="phn">Phoenician</language>
                <language ident="xpu">Punic</language>
                <language ident="osc">Oscan</language>
                <language ident="xly">Elymian</language>
                <language ident="scx">Sikel</language>
                <language ident="sxc">Sikan</language>
            </langUsage>
            <textClass>
                <keywords scheme="http://www.eagle-network.eu/voc/typeins.html">
                    <term key="funerary" ref="http://www.eagle-network.eu/voc/typeins/lod/92.html">
                        <seg xml:lang="en">funerary</seg>
                    </term>
                </keywords>
            </textClass>
        </profileDesc>
        <revisionDesc status="draft">
            <listChange>
                <change when="2016-12-03" who="#JCu">James Cummings autogenerated EpiDoc output from database</change>
                <change when="2017-06-11" who="#JP">Jonathan Prag made initial revisions of the EpiDoc</change>
                <change when="2017-06-28" who="#JP">Jonathan Prag revised the text, added translation and draft
                    commentary, and further metadata
                </change>
                <change when="2017-07-06" who="#JP">Jonathan Prag added Italian elements to template for parallel text
                </change>
            	   <change when="2020-10-05" who="#SS">Simona Stoyanova normalised Unicode</change>
            	   <change when="2020-10-08" who="#SS">Simona Stoyanova updated list of languages</change>
            	<change when="2020-11-20" who="#SS">Simona Stoyanova added EDCS numbers</change>
		<change when="2020-11-26" who="#SS">Simona Stoyanova restructured bibliography</change>
	    <change when="2020-12-17" who="#system">Updated Zenodo DOI</change>
            </listChange>
        </revisionDesc>
    </teiHeader>
    <facsimile>
        <surface/>
        <!--delete empty surface above and uncomment template below if needed-->
        <!--
  <surface type="front">
    <graphic n="screen" url="{concat('ISic', $num, '_tiled.tif')}"
      height="4912px" width="7360px">
      <desc>Add Description Here</desc>
    </graphic>
    <graphic n="print" url="{concat('ISic', $num, '.jpg')}" height="3680px" width="5520px">
      <desc>Add Description Here</desc>
    </graphic>
  </surface>

    -->
    </facsimile>
    <text>
        <body>
            <div type="edition" xml:space="preserve" xml:lang="la">
                <ab>
                    <lb n="1"/>
                    <expan>
                        <abbr>D</abbr>
                        <ex>is</ex>
                    </expan>
                    ·
                    <expan>
                        <abbr>M</abbr>
                        <ex>anibus</ex>
                    </expan>
                    ·
                    <expan>
                        <abbr>s</abbr>
                        <ex>acrum</ex>
                    </expan>
                    ·
                    <lb n="2"/>
                    <persName>
                        <name>
                            <expan>
                                <abbr>Q</abbr>
                                <ex>uinto</ex>
                            </expan>
                        </name>
                        · <name>Atilio</name> ·
                        <name>
                            <expan>
                                <abbr>Q</abbr>
                                <ex>uinti</ex>
                            </expan>
                        </name>
                        ·
                        <expan>
                            <abbr>f</abbr>
                            <ex>ilio</ex>
                        </expan>
                        ·
                        <lb n="3"/>
                        <expan>
                            <abbr>Cla</abbr>
                            <ex>udia</ex>
                        </expan>
                        ·
                        <name>Severo</name>
                    </persName>
                    <lb n="4"/>
                    <expan>
                        <abbr>praef</abbr>
                        <ex>ecto</ex>
                    </expan>
                    ·
                    <expan>
                        <abbr>fabr</abbr>
                        <ex>um</ex>
                    </expan>
                    ·
                    <lb n="5"/>
                    <expan>
                        <abbr><hi rend="supraline">II</hi>vir
                        </abbr>
                        <ex>o</ex>
                    </expan>
                    ·
                    <expan>
                        <abbr>suf</abbr>
                        <ex>fragiis</ex>
                    </expan>
                    ·
                    <lb n="6"/>
                    <expan>
                        <abbr>popul</abbr>
                        <ex>i</ex>
                    </expan>
                    · cre
                    <lb n="7" break="no"/>ato
                </ab>
            </div>
            <div type="apparatus">
                <p><!--external apparatus criticus (if applicable)--></p>
            </div>
            <div type="translation" xml:lang="en" resp="#JP">
                <p>Sacred to the shades of the underworld. (Set up for) Quintus Atilius Severus, son of Quintus, of the
                    Claudian tribe, praefectus fabrum, appointed duumvir by the votes of the people
                </p>
            </div>
            <div type="translation" xml:lang="it" resp="#SA">
                <p/>
            </div>
            <div type="commentary" xml:lang="en">
                <p>The inscription attests to a member of the elite of the Roman colony of Catania. Quintus Atilius is
                    presumably a member of the equestrian order, having held the military office in the imperial legions
                    of praefectus fabrum (literally "prefect of the craftsmen/engineers": the precise role of the post
                    is not entirely clear). Atilius also held the chief magistracy of the colonia, the duumvirate (a
                    pair of annually appointed magistrates). The record of appointment by vote of the people is unusual:
                    explicit statements to this effect are rare, with the result that, although in theory all such
                    appointments were by popular vote, many historians (e.g. Mommsen and Liebenam) have concluded that
                    under the empire it was more common for the appointments effectively to be made by co-option by the
                    decuriones (town councillors), and a formal popular vote therefore constituted an honour, whence the
                    choice to record it explicitly as here. Both the Claudia and the Quirina tribes (formal divisions of
                    Roman citizens) are attested at Catania.
                </p>
            </div>
            <div type="bibliography">
                <listBibl type="edition">
                    <bibl type="corpus" n="CIL">
                        <citedRange>
                            <ref target="http://arachne.uni-koeln.de/books/CILv10pII1883">10.7023</ref>
                        </citedRange>
                        <ptr target="https://www.zotero.org/groups/382445/items/GQN8UZSI"/>
                    </bibl>
                    <bibl type="corpus" n="IMusCatania">
                        <citedRange>17</citedRange>
                        <ptr target="https://www.zotero.org/groups/382445/items/2EUC82DH"/>
                    </bibl>
                    <bibl type="corpus" n="ILS">
                        <citedRange>6771</citedRange>
                        <ptr target="https://www.zotero.org/groups/382445/items/XHMS9K6S"/>
                    </bibl>
                    <bibl>
                        <author>Asheri</author>
                        <date>1982-1983</date>
                        <citedRange>464</citedRange>
                        <ptr target="https://www.zotero.org/groups/382445/items/NPFIPDDV"/>
                    </bibl>
                    <bibl>
                        <author>Manganaro</author>
                        <date>1988</date>
                        <citedRange>53</citedRange>
                        <ptr target="https://www.zotero.org/groups/382445/items/RZSFKACR"/>
                    </bibl>
                    <bibl>
                        <author>Wilson</author>
                        <date>1990</date>
                        <citedRange>359 n.60</citedRange>
                        <ptr target="https://www.zotero.org/groups/382445/items/VF9MMBI9"/>
                    </bibl>
                </listBibl>
	   <listBibl type="discussion"><bibl/></listBibl>
            </div>
        </body>
    </text>
</TEI>