<?xml version="1.0" encoding="UTF-8"?>
<?xml-model href="http://www.stoa.org/epidoc/schema/latest/tei-epidoc.rng" type="application/xml" schematypens="http://relaxng.org/ns/structure/1.0"?>
<?xml-model href="../schematron/ircyr-checking.sch" schematypens="http://purl.oclc.org/dsdl/schematron"?>                                                
<TEI xmlns="http://www.tei-c.org/ns/1.0" xml:lang="en">
    <teiHeader>
        <fileDesc>
            <titleStmt>
                <title>Inscription recording construction of a sphaeristrium by a father and son</title>
                <editor ref="#JP">Jonathan Prag</editor>
                <principal ref="#JP">Jonathan Prag</principal>
                <funder>John Fell OUP Research Fund</funder>
	   <funder><ref target="https://cordis.europa.eu/project/id/885040">ERC Advanced Grant no.885040</ref></funder>
                <respStmt>
                    <name xml:id="JP" ref="http://orcid.org/0000-0003-3819-8537">Jonathan Prag</name>
                    <resp>original data collection and editing</resp>
                </respStmt>
                <respStmt>
                    <name xml:id="JCu" ref="http://orcid.org/0000-0002-6686-3728">James Cummings</name>
                    <resp>conversion to EpiDoc</resp>
                </respStmt>
                <respStmt>
                    <name xml:id="JCh" ref="http://orcid.org/0000-0001-6823-0265">James Chartrand</name>
                    <resp>site construction and encoding</resp>
                </respStmt>
                <respStmt>
                    <name xml:id="VV" ref="http://orcid.org/0000-0002-9695-0240">Valeria Vitale</name>
                    <resp>editing of geo data</resp>
                </respStmt>
                <respStmt>
                    <name xml:id="MM">Michael Metcalfe</name>
                    <resp>museum data collection</resp>
                </respStmt>
	    <respStmt>
     	       <name xml:id="SS" ref="https://orcid.org/0000-0003-3914-9569">Simona Stoyanova</name>
     	       <resp>standardisation of template and tidying up encoding</resp>
 	   </respStmt>
	    <respStmt>
                    <name xml:id="system">system</name>
                    <resp>automated or batch processes</resp>
                </respStmt>
            </titleStmt>
            <publicationStmt>
                <authority>I.Sicily</authority>
                <idno type="filename">ISic0004</idno>
                <idno type="TM">491500</idno>
                <idno type="EDR"/>
                <idno type="EDH"/>
                <idno type="EDCS">21900323</idno>
                <idno type="PHI"/>
                <idno type="URI">http://sicily.classics.ox.ac.uk/inscription/ISic0004</idno>
                <idno type="DOI" when="2020-12-17">10.5281/zenodo.4333733</idno>
                <availability>
                    <licence target="http://creativecommons.org/licenses/by/4.0/">Licensed under a Creative
                        Commons-Attribution 4.0 licence.
                    </licence>
                </availability>
            </publicationStmt>
            <sourceDesc>
                <msDesc>
                    <msIdentifier>
                        <country>Italy</country>
                        <region>Sicily</region>
                        <settlement>Palermo</settlement>
                        <repository role="museum" ref="http://sicily.classics.ox.ac.uk/museum/064">Museo Archeologico
                            Regionale Antonino Salinas
                        </repository>
                        <idno type="inventory">3504</idno>
                        <!--Adding location for old id numbers if available-->
                        <altIdentifier>
                            <settlement/>
                            <repository/>
                            <idno type="old"/>
                        </altIdentifier>
                    </msIdentifier>
                    <msContents>
                        <textLang mainLang="la">Latin</textLang>
                    </msContents>
                    <physDesc>
                        <objectDesc>
                            <supportDesc>
                                <support>
                                    <material key="marble" ref="http://www.eagle-network.eu/voc/material/lod/48.html">
                                        marble
                                    </material>
                                    <dimensions>
                                        <height unit="cm"/>
                                        <width unit="cm"/>
                                        <depth unit="cm"/>
                                    </dimensions>
                                </support>
                                <condition/>
		    </supportDesc>
                            <layoutDesc>
                                <layout>
                                    <rs type="execution" ref="http://www.eagle-network.eu/voc/writing/lod/1">Engraved
                                    </rs>
                                </layout>
                            </layoutDesc>
                        </objectDesc>
                        <handDesc>
                            <handNote>
                                <locus from="line1" to="line1">Line 1</locus>
                                <dimensions type="letterHeight">
                                    <height unit="mm"/>
                                </dimensions>
                                <locus from="line1" to="line2">Interlineation line 1 to 2</locus>
                                <dimensions type="interlinear">
                                    <height unit="mm"/>
                                </dimensions>
                            </handNote>
                        </handDesc>
                    </physDesc>
                    <history>
                        <origin>
                            <origPlace>
                                <placeName type="ancient" ref="http://pleiades.stoa.org/places/462153">Centuripae</placeName>		
                                <placeName type="modern" ref="http://sws.geonames.org/2525032">Centuripe</placeName>
                            	<geo>37.62336, 14.74049</geo>
		</origPlace>
                            <origDate datingMethod="#julian" notBefore-custom="0100" notAfter-custom="0150">100 - 150AD</origDate>
                        </origin>
                        <provenance type="found">contrada Gelofia
                            <geo>37.617060, 14.740071</geo>
                        </provenance>
                        <provenance type="observed" subtype="autopsied" resp="#JP">2017-07-21 (observed in courtyard)
                        </provenance>
                        <acquisition>Palermo, Museo Archeologico Regionale Antonino Salinas no.3504</acquisition>
                    </history>
                </msDesc>
            </sourceDesc>
        </fileDesc>
        <profileDesc>
            <calendarDesc>
                <calendar xml:id="julian">
                    <p>Julian Calendar</p>
                </calendar>
            </calendarDesc>
            <langUsage>
                <language ident="en">English</language>
                <language ident="it">Italian</language>
                <language ident="grc">Ancient Greek</language>
                <language ident="la">Latin</language>
                <language ident="he">Hebrew</language>
                <language ident="phn">Phoenician</language>
                <language ident="xpu">Punic</language>
                <language ident="osc">Oscan</language>
                <language ident="xly">Elymian</language>
                <language ident="scx">Sikel</language>
                <language ident="sxc">Sikan</language>
            </langUsage>
            <textClass>
                <keywords scheme="http://www.eagle-network.eu/voc/typeins.html">
                    <term key="building" ref="http://www.eagle-network.eu/voc/typeins/lod/86.html">building
                    </term>
                </keywords>
            </textClass>
        </profileDesc>
        <revisionDesc status="draft">
            <listChange>
                <change when="2016-12-03" who="#JCu">James Cummings autogenerated EpiDoc output from database</change>
                <change when="2017-07-31" who="#JP">Jonathan Prag checked the EpiDoc and added draft text from CIL
                </change>
                <change when="2017-10-20" who="#JP">Jonathan Prag added image file</change>
                <change when="2017-11-16" who="#JP">Jonathan Prag edited a bibl element</change>
            	   <change when="2020-10-05" who="#SS">Simona Stoyanova normalised Unicode</change>             	   
            	   <change when="2020-10-08" who="#SS">Simona Stoyanova updated list of languages</change>
            	<change when="2020-11-20" who="#SS">Simona Stoyanova added EDCS numbers</change>
		<change when="2020-11-26" who="#SS">Simona Stoyanova restructured bibliography</change>
	    <change when="2020-12-17" who="#system">Updated Zenodo DOI</change>
            </listChange>
        </revisionDesc>
    </teiHeader>
    <facsimile>
        <surface type="front">
            <graphic n="screen" url="ISic0004_tiled.tif" height="3680px" width="5520px">
                <desc>Photo J.Prag, courtesy Museo Archeologico Regionale Antonino Salinas</desc>
            </graphic>
            <graphic n="print" url="ISic0004.jpg" height="3680px" width="5520px">
                <desc>Photo J.Prag, courtesy Museo Archeologico Regionale Antonino Salinas</desc>
            </graphic>
        </surface>
    </facsimile>
    <text>
        <body>
            <div type="edition" xml:space="preserve" xml:lang="la">
                <ab>
                    <lb n="1"/>
                    <gap reason="illegible" unit="line" quantity="1"/>
                    <lb n="2"/>
                    <gap reason="lost" unit="character" quantity="1"/>Cornelius
                    <g type="interpunct">·
                    </g>
                    <expan>
                        <abbr>P</abbr>
                        <ex>ubli</ex>
                    </expan>
                    <g type="interpunct">·
                    </g>
                    <expan>
                        <abbr>f</abbr>
                        <ex>ilius</ex>
                    </expan>
                    <g type="interpunct">·</g>
                    Gramme
                    <gap reason="lost" unit="character" extent="unknown"/>
                    <lb n="3"/>
                    <gap reason="lost" unit="character" quantity="1"/>
                    <gap reason="illegible" unit="character" quantity="1"/>ipax <g type="interpunct">·</g> et
                    <expan>
                        <abbr>P</abbr>
                        <ex>ublius</ex>
                    </expan>
                    <g type="interpunct">·
                    </g>
                    Cornelius
                    <g type="interpunct">·
                    </g>
                    <expan>
                        <abbr>P</abbr>
                        <ex>ubli</ex>
                    </expan>
                    <g type="interpunct">·
                    </g>
                    <expan>
                        <abbr>f</abbr>
                        <ex>ilius</ex>
                    </expan>
                    <g type="interpunct">·
                    </g>
                    <expan>
                        <abbr>P</abbr>
                        <ex>ubli</ex>
                    </expan>
                    <g type="interpunct">·
                    </g>
                    <expan>
                        <abbr>n</abbr>
                        <ex>epos</ex>
                    </expan>
                    <g type="interpunct">·</g>
                    Long
                    <gap reason="lost" unit="character" extent="unknown"/>
                    <lb n="4"/>
                    <unclear>p</unclear>ater <g type="interpunct">·
                </g> et
                    <g type="interpunct">·
                    </g>
                    <expan>
                        <abbr>f</abbr>
                        <ex>ilius</ex>
                    </expan>
                    <g type="interpunct">·</g>
                    pro <g type="interpunct">·
                </g> honore
                    <g type="interpunct">·</g>
                    <num value="2">
                        <hi rend="supraline">II
                        </hi>
                    </num>
                    vir
                    <unclear>a</unclear>
                    <supplied reason="lost">tus
                    </supplied>
                    <lb n="5"/>
                    <supplied reason="lost">s</supplied>phaeristerium <g type="interpunct">·
                </g> fecerunt
                </ab>
            </div>
            <div type="apparatus">
                <listApp>
                    <app>
                        <note>Text based on CIL 10.7004</note>
                    </app>
                </listApp>
            </div>
            <div type="translation">
                <p><!--translation(s) - add @xml:lang for 'en' or 'it' to div--></p>
            </div>
            <div type="commentary">
                <p><!--commented out pending revision-->
                    <!--Wilson , caption to fig.130 comments: 'Sphaeristeria are first mentioned on inscriptions from Delos and Delphi in the C3 BC, when they refer to rooms in gymnasia set aside for ball-play, but under the Empire, with the decline of the gymnasium as a separate institution and the absorption of many of its features by the bath-house, the sphaeristerium was more generally to be sought in the public baths. Because this stone was found not in situ, but just outside the town (no.9 on fig.129.7), where it had no doubt been re-used in post-Roman times, we do not know where the building at Centuripe to which it belonged was situated, nor whether the latter was of the bath-gymnasium type well known in Asia minor at Sardis, Ephesus and eslewhere, or (as is more likely) belonged to one of the bath-house types usually found in the West. Certainly sphaeristeria are attested on latin public inscriptions elsewhere in the West, at Nimes in southern France, and at Avenches in Switzerland, and they appear in private villas too - the younger Pliny's villas in Tuscany and near Rome both boasted one; so the Centuripe inscription cannot be taken to document the survival of gymnasia in imperial Sicily. Nor do we know whether the office of gymnasiarch there outlived the late Republic: unfortunately the date of a now-lost Greek inscription documenting a gymnasiarch at Centuripe (from the Acqua Amara baths, 3 on fig. 129.7) is unknown. (His name happens to be Cornelius, not necessarily of course, on of the pair recroded on the sphaeristerium inscription, or even a near contemporary.) Evidence for gymnasiarchs elsewhere in Sicily appears to be no later than the first century B.C. (see Fig.33 [his note on IG 14.311]), but the office is known to have survived durng the Empire in south Italian towns with a pronounced Greek character, for example at Velia, and such a survival in Sicily, while not so far definitely attested, would not be surprising. Probably first half of the second century AD. Grey marble, 61 cm long, 26 cm high. Palermo, museo archaeologico regionale'. [Roger is in fact basically cribbing ILLPa no.4 here, which latter has the ref. for the Greek inscr. - Ansaldi, G. 1851. I monumenti dell'antica Centuripe (Catania), 15-16]. For further refs. on sphaeristeria, see Wilson 1990, p.379 n.37. Libertini (1926) has a fairly similar sort of discussion p.75-6 on uncertainty of location/building, and connection or not with the lost gymnasiarch inscr. On Sphaeristeria, see Roux, BCH 1980: 134ff.--></p>
            </div>
            <div type="bibliography">
                <listBibl type="edition">
                    <bibl type="corpus" n="CIL">
                        <citedRange>
                            <ref target="http://arachne.uni-koeln.de/item/buchseite/650753">10.7004</ref>
                        </citedRange>
                        <ptr target="https://www.zotero.org/groups/382445/items/GQN8UZSI"/>
                    </bibl>
                    <bibl type="corpus" n="ILMusPalermo">
                        <citedRange>4</citedRange>
                        <ptr target="https://www.zotero.org/groups/382445/items/FZWWPUD6"/>
                    </bibl>
                    <bibl type="corpus" n="ILS">
                        <citedRange>5663</citedRange>
                        <ptr target="https://www.zotero.org/groups/382445/items/XHMS9K6S"/>
                    </bibl>
                    <bibl type="bulletin" n="NSA">
                        <author>Fiorelli</author>
                        <title>NSA</title>
                        <date>1877</date>
                        <citedRange>226</citedRange>
                        <ptr target="http://zotero.org/groups/382445/items/4MCP2PVV"/>
                    </bibl>
                    <bibl>
                        <author>Libertini</author>
                        <date>1926</date>
                        <citedRange>75-76</citedRange>
                        <ptr target="https://www.zotero.org/groups/382445/items/VJZRAI26"/>
                    </bibl>
                    <bibl>
                        <author>Libertini</author>
                        <date>1949</date>
                        <citedRange>93-94</citedRange>
                        <ptr target="https://www.zotero.org/groups/382445/items/VQURX85J"/>
                    </bibl>
                    <bibl>
                        <author>Manganaro</author>
                        <date>1988</date>
                        <citedRange>44 n.218, tav.XIV.22</citedRange>
                        <ptr target="https://www.zotero.org/groups/382445/items/RZSFKACR"/>
                    </bibl>
                    <bibl>
                        <author>Wilson</author>
                        <date>1990</date>
                        <citedRange>152 fig.130</citedRange>
                        <ptr target="https://www.zotero.org/groups/382445/items/VF9MMBI9"/>
                    </bibl>
                    <bibl>
                        <author>Biondi</author>
                        <date>2010</date>
                        <citedRange>13 fig.3</citedRange>
                        <ptr target="https://www.zotero.org/groups/382445/items/X8CHRU4D"/>
                    </bibl>
                </listBibl>
	   <listBibl type="discussion"><bibl/></listBibl>
            </div>
        </body>
    </text>
</TEI>