<?xml version="1.0" encoding="UTF-8"?>
<?xml-model href="http://www.stoa.org/epidoc/schema/latest/tei-epidoc.rng" type="application/xml" schematypens="http://relaxng.org/ns/structure/1.0"?>
<?xml-model href="../schematron/ircyr-checking.sch" schematypens="http://purl.oclc.org/dsdl/schematron"?>                                                
<TEI xmlns="http://www.tei-c.org/ns/1.0" xml:lang="en">
    <teiHeader>
        <fileDesc>
            <titleStmt>
                <title>I.Sicily inscription 0322</title>
                <editor ref="#JP">Jonathan Prag</editor>
                <principal ref="#JP">Jonathan Prag</principal>
                <funder>John Fell OUP Research Fund</funder>
	   <funder><ref target="https://cordis.europa.eu/project/id/885040">ERC Advanced Grant no.885040</ref></funder>
                <respStmt>
                    <name xml:id="JP" ref="http://orcid.org/0000-0003-3819-8537">Jonathan Prag</name>
                    <resp>original data collection and editing</resp>
                </respStmt>
                <respStmt>
                    <name xml:id="JCu" ref="http://orcid.org/0000-0002-6686-3728">James Cummings</name>
                    <resp>conversion to EpiDoc</resp>
                </respStmt>
                <respStmt>
                    <name xml:id="JCh" ref="http://orcid.org/0000-0001-6823-0265">James Chartrand</name>
                    <resp>site construction and encoding</resp>
                </respStmt>
                <respStmt>
                    <name xml:id="VV" ref="http://orcid.org/0000-0002-9695-0240">Valeria Vitale</name>
                    <resp>editing of geo data</resp>
                </respStmt>
                <respStmt>
                    <name xml:id="MM">Michael Metcalfe</name>
                    <resp>museum data collection</resp>
                </respStmt>
                <respStmt>
                    <name xml:id="TG" ref="http://orcid.org/0000-0001-9859-2494">Tom Gavin</name>
                    <resp>Epidoc encoding</resp>
                </respStmt>
                <respStmt>
                    <name xml:id="TA" ref="https://orcid.org/0000-0001-8417-7089">Tuuli Ahlholm</name>
                    <resp>EpiDoc editing</resp>
                </respStmt>
	    <respStmt>
     	       <name xml:id="SS" ref="https://orcid.org/0000-0003-3914-9569">Simona Stoyanova</name>
     	       <resp>standardisation of template and tidying up encoding</resp>
 	   </respStmt>
	    <respStmt>
                    <name xml:id="system">system</name>
                    <resp>automated or batch processes</resp>
                </respStmt>
            </titleStmt>
            <publicationStmt>
                <authority>I.Sicily</authority>
                <idno type="filename">ISic0322</idno>
                <idno type="TM">491531</idno>
                <idno type="EDR">139548</idno>
                <idno type="EDH"/>
                <idno type="EDCS">21900360</idno>
                <idno type="PHI"/>
                <idno type="URI">http://sicily.classics.ox.ac.uk/inscription/ISic0322</idno>
                <idno type="DOI" when="2020-12-17">10.5281/zenodo.4335127</idno>
                <availability>
                    <licence target="http://creativecommons.org/licenses/by/4.0/">Licensed under a Creative
                        Commons-Attribution 4.0 licence.
                    </licence>
                </availability>
            </publicationStmt>
            <sourceDesc>
                <msDesc>
                    <msIdentifier>
                        <country>Italy</country>
                        <region>Sicily</region>
                        <settlement>Catania</settlement>
                        <repository role="museum" ref="http://sicily.classics.ox.ac.uk/museum/018">Museo Civico di Catania
                        </repository>
                        <idno type="inventory">445</idno>
                        <!--Adding location for old id numbers if available-->
                        <altIdentifier>
                            <settlement/>
                            <repository/>
                            <idno type="old"/>
                        </altIdentifier>
                    </msIdentifier>
                    <msContents>
                        <textLang mainLang="la">Latin</textLang>
                    </msContents>
                    <physDesc>
                        <objectDesc>
                            <supportDesc>
                                <support>
                                    <material key="marble" ref="http://www.eagle-network.eu/voc/material/lod/48.html">marble
                                    </material>
                                    <objectType/>
                                    <dimensions><!--Default values and requires editing-->
                                        <height unit="cm"/>
                                        <width unit="cm"/>
                                        <depth unit="cm"/>
                                    </dimensions>
                                </support>
                                <condition/>
		    </supportDesc>
                            <layoutDesc>
                                <layout>
                                    <rs type="execution" ref="http://www.eagle-network.eu/voc/writing/lod/1">Engraved
                                    </rs>
                                </layout>
                            </layoutDesc>
                        </objectDesc>
                        <handDesc>
                            <handNote><!--Default value and requires editing-->
                                <locus from="line1" to="line1">Line 1</locus>
                                <dimensions type="letterHeight">
                                    <height unit="mm"/>
                                </dimensions>
                                <locus from="line1" to="line2">Interlineation line 1 to 2</locus>
                                <dimensions type="interlinear">
                                    <height unit="mm"/>
                                </dimensions>
                            </handNote>
                        </handDesc>
                    </physDesc>
                    <history>
                        <origin>
                            <origPlace>
                                <placeName type="ancient" ref="http://pleiades.stoa.org/places/462270">Catina</placeName>		
                                <placeName type="modern" ref="http://sws.geonames.org/2525068">Catania</placeName>
                            	<geo>37.49223, 15.07041</geo>
		</origPlace>
                            <origDate datingMethod="#julian" notBefore-custom="0050" notAfter-custom="0200">End C1 AD or C2 AD (K)
                            </origDate>
                        </origin>
                        <provenance type="found"/>
                        <provenance type="observed" subtype="autopsied">No Autopsy</provenance>
                        <acquisition>Catania, Museo Civico di Catania no. 445</acquisition>
                    </history>
                    <additional>
                        <adminInfo>
                            <note type="location">sala VII.89, mag. sup.</note>
                        </adminInfo>
                    </additional>
                </msDesc>
            </sourceDesc>
        </fileDesc>
        <profileDesc>
            <calendarDesc>
                <calendar xml:id="julian">
                    <p>Julian Calendar</p>
                </calendar>
            </calendarDesc>
            <langUsage>
                <language ident="en">English</language>
                <language ident="it">Italian</language>
                <language ident="grc">Ancient Greek</language>
                <language ident="la">Latin</language>
                <language ident="he">Hebrew</language>
                <language ident="phn">Phoenician</language>
                <language ident="xpu">Punic</language>
                <language ident="osc">Oscan</language>
                <language ident="xly">Elymian</language>
                <language ident="scx">Sikel</language>
                <language ident="sxc">Sikan</language>
            </langUsage>
            <textClass>
                <keywords scheme="http://www.eagle-network.eu/voc/typeins.html">
                    <term key="funerary" ref="http://www.eagle-network.eu/voc/typeins/lod/92.html">funerary</term>
                </keywords>
            </textClass>
        </profileDesc>
        <revisionDesc status="draft">
            <listChange>
                <change when="2016-12-03" who="#JCu">James Cummings autogenerated EpiDoc output from database</change>
                <change when="2018-05-25" who="#TG">Tom Gavin encoded the text</change>
                <change when="2018-06-01" who="#TA">Tuuli Ahlholm added an English translation</change>
            	   <change when="2020-10-05" who="#SS">Simona Stoyanova normalised Unicode</change>
            	   <change when="2020-10-08" who="#SS">Simona Stoyanova updated list of languages</change>
            	<change when="2020-11-20" who="#SS">Simona Stoyanova added EDCS numbers</change>
		<change when="2020-11-26" who="#SS">Simona Stoyanova restructured bibliography</change>
	    <change when="2020-12-17" who="#system">Updated Zenodo DOI</change>
            </listChange>
        </revisionDesc>
    </teiHeader>
    <facsimile>
        <surface/>
        <!--delete empty surface above and uncomment template below if needed-->
        <!--
  <surface type="front">
    <graphic n="screen" url="{concat('ISic', $num, '_tiled.tif')}"
      height="4912px" width="7360px">
      <desc>Add Description Here</desc>
    </graphic>
    <graphic n="print" url="{concat('ISic', $num, '.jpg')}" height="3680px" width="5520px">
      <desc>Add Description Here</desc>
    </graphic>
  </surface>

    -->
    </facsimile>
    <text>
        <body>
            <div type="edition" xml:space="preserve" xml:lang="la" resp="#TG">
                <ab>
                    <lb n="1"/><gap reason="lost" extent="unknown" unit="character"/><unclear>n</unclear>ndri <g type="interpunct">·</g> <expan><abbr>v</abbr><ex>ixit</ex></expan> <g type="interpunct">·</g> <expan><abbr>a</abbr><ex>annis</ex></expan> <g type="interpunct">·</g> <num value="60">LX</num>
                    <lb n="2"/><supplied reason="lost">A</supplied>mabilis <g type="interpunct">·</g> nutrici
                    <lb n="3"/><expan><abbr>o</abbr><ex>ptimae</ex></expan> <g type="interpunct">·</g> <expan><abbr>d</abbr><ex>e</ex></expan> <g type="interpunct">·</g> <expan><abbr>s</abbr><ex>e</ex></expan> <g type="interpunct">·</g> <expan><abbr>m</abbr><ex>erenti</ex></expan>
                    <lb n="4"/><supplied reason="lost">i</supplied>tem <g type="interpunct">·</g> Crescenti
                    <lb n="5"/><expan><abbr>v</abbr><ex>ixit</ex></expan> <g type="interpunct">·</g> <expan><abbr>a</abbr><ex>nnis</ex></expan> <g type="interpunct">·</g> <num value="25">XXV</num>
                    <lb n="6"/><supplied reason="lost">ea</supplied><supplied reason="lost" evidence="previouseditor">d</supplied>em <g type="interpunct">·</g> Amabilis
                    <lb n="7"/><supplied reason="lost">co</supplied>niugi <g type="interpunct">·</g> <expan><abbr>o</abbr><ex>ptimo</ex></expan> <g type="interpunct">·</g> <expan><abbr>d</abbr><ex>e</ex></expan> <g type="interpunct">·</g> <expan><abbr>s</abbr><ex>e</ex></expan> <g type="interpunct">·</g> <expan><abbr>m</abbr><ex>erenti</ex></expan>
                </ab>
            </div>
            <div type="apparatus">
                <listApp>
                    <app>
                        <note>Text from Korhonen 2004</note>
                    </app>
                </listApp>
            </div>
            <div type="translation" xml:lang="en" resp="#TA">
                <p>[...]to [...]andris, she lived 40 years; Amabilis (made this) for the best wet-nurse for being deserving; likewise to Crescens, he lived 25 years; the same Amabilis (made this) for the best husband for being deserving.</p>
            </div>
            <div type="commentary">
                <p><!--commented out pending revision-->
                    <!--[- - -]ndri v(ixit) a(nnis) LX, [A]mabilis nutrici o(ptimae) d(e) s(e) m(erenti); [i]tem Crescenti, v(isit) a(nnis) XXV, [ea]dem Amabilis [co]niugi o(ptimi) d(e) s(e) m(erenti). Name of the nurse uncertain.--></p>
            </div>
            <div type="bibliography">
                <listBibl type="edition">
                    <bibl type="corpus" n="CIL">
                        <citedRange>
                            <ref target="http://arachne.uni-koeln.de/item/buchseite/650758">10.7038</ref>
                        </citedRange>
                        <ptr target="https://www.zotero.org/groups/382445/items/GQN8UZSI"/>
                    </bibl>
                    <bibl type="corpus" n="IMusCatania">
                        <citedRange>54</citedRange>
                        <ptr target="https://www.zotero.org/groups/382445/items/2EUC82DH"/>
                    </bibl>
                    <bibl>
                        <author>Rizzo</author>
                        <date>1989</date>
                        <citedRange>61 no.16</citedRange>
                        <ptr target="http://zotero.org/groups/382445/items/K83EWCEC"/>
                    </bibl>
                </listBibl>
	   <listBibl type="discussion"><bibl/></listBibl>
            </div>
        </body>
    </text>
</TEI>