<?xml version="1.0" encoding="UTF-8"?>
<?xml-model href="http://www.stoa.org/epidoc/schema/latest/tei-epidoc.rng" type="application/xml" schematypens="http://relaxng.org/ns/structure/1.0"?>
<?xml-model href="../schematron/ircyr-checking.sch" schematypens="http://purl.oclc.org/dsdl/schematron"?>                                                
<TEI xmlns="http://www.tei-c.org/ns/1.0" xml:lang="en">
    <teiHeader>
        <fileDesc>
            <titleStmt>
                <title>Bilingual sign advertising engraving of inscriptions</title>
                <editor ref="#JP">Jonathan Prag</editor>
                <principal ref="#JP">Jonathan Prag</principal>
                <funder>John Fell OUP Research Fund</funder>
	   <funder><ref target="https://cordis.europa.eu/project/id/885040">ERC Advanced Grant no.885040</ref></funder>
                <respStmt>
                    <name xml:id="JP" ref="http://orcid.org/0000-0003-3819-8537">Jonathan Prag</name>
                    <resp>original data collection and editing</resp>
                </respStmt>
                <respStmt>
                    <name xml:id="JCu" ref="http://orcid.org/0000-0002-6686-3728">James Cummings</name>
                    <resp>conversion to EpiDoc</resp>
                </respStmt>
                <respStmt>
                    <name xml:id="JCh" ref="http://orcid.org/0000-0001-6823-0265">James Chartrand</name>
                    <resp>site construction and encoding</resp>
                </respStmt>
                <respStmt>
                    <name xml:id="VV" ref="http://orcid.org/0000-0002-9695-0240">Valeria Vitale</name>
                    <resp>editing of geo data</resp>
                </respStmt>
                <respStmt>
                    <name xml:id="MM">Michael Metcalfe</name>
                    <resp>museum data collection</resp>
                </respStmt>
	    <respStmt>
     	       <name xml:id="SS" ref="https://orcid.org/0000-0003-3914-9569">Simona Stoyanova</name>
     	       <resp>standardisation of template and tidying up encoding</resp>
 	   </respStmt>
	    <respStmt>
                    <name xml:id="system">system</name>
                    <resp>automated or batch processes</resp>
                </respStmt>
            </titleStmt>
            <publicationStmt>
                <authority>I.Sicily</authority>
                <idno type="filename">ISic0470</idno>
                <idno type="TM">491798</idno>
                <idno type="EDR">140617</idno>
                <idno type="EDH"/>
                <idno type="EDCS">22000882</idno>
                <idno type="PHI">140601</idno>
                <idno type="PHI">175744</idno>
                <idno type="URI">http://sicily.classics.ox.ac.uk/inscription/ISic0470</idno>
                <idno type="DOI" when="2020-12-17">10.5281/zenodo.4337543</idno>
                <availability>
                    <licence target="http://creativecommons.org/licenses/by/4.0/">Licensed under a Creative
                        Commons-Attribution 4.0 licence.
                    </licence>
                </availability>
            </publicationStmt>
            <sourceDesc>
                <msDesc>
                    <msIdentifier>
                        <country>Italy</country>
                        <region>Sicily</region>
                        <settlement>Palermo</settlement>
                        <repository role="museum" ref="http://sicily.classics.ox.ac.uk/museum/064">Museo Archeologico Regionale Antonino Salinas</repository>
                        <idno type="inventory">3574</idno>
                        <altIdentifier>
                            <settlement>Palermo</settlement>
                            <repository>Museo Salnitriano</repository>
                            <idno type="old">51</idno>
                        </altIdentifier>
                    </msIdentifier>
                    <msContents>
                        <textLang mainLang="la" otherLangs="grc">Latin and Ancient Greek bilingual</textLang>
                    </msContents>
                    <physDesc>
                        <objectDesc>
                            <supportDesc>
                                <support>
                                    <material key="marble" ref="http://www.eagle-network.eu/voc/material/lod/48.html">marble</material>
                                    <objectType key="tabula" ref="http://www.eagle-network.eu/voc/objtyp/lod/257">tabula</objectType>
                                    <dimensions><!--from IGPalermo-->
                                        <height unit="cm">15.5</height>
                                        <width unit="cm">24.5</width>
                                        <depth unit="cm">3</depth>
                                    </dimensions>
                                </support>
                                <condition/>
		    </supportDesc>
                            <layoutDesc>
                                <layout>
                                    <rs type="execution" ref="http://www.eagle-network.eu/voc/writing/lod/1">Engraved</rs>
                                </layout>
                            </layoutDesc>
                        </objectDesc>
                        <handDesc>
                            <handNote><p>Greek text includes lunate sigma and epsilon; extended apex to delta and alpha. Latin text is is regular with serifs, open P, closed R.</p>
                                <locus from="line1" to="line1">Line 1</locus>
                                <dimensions type="letterHeight">
                                    <height unit="mm">22</height>
                                </dimensions>
                                <locus from="line2" to="line2">Line 2</locus>
                                <dimensions type="letterHeight">
                                    <height unit="mm">20</height>
                                </dimensions>
                                <locus from="line3" to="line3">Line 3</locus>
                                <dimensions type="letterHeight">
                                    <height unit="mm">8</height>
                                </dimensions>
                                <locus from="line4" to="line7">Lines 4-7</locus>
                                <dimensions type="letterHeight">
                                    <height unit="mm">10</height>
                                </dimensions>
                                <locus from="line1" to="line2">Interlineation line 1 to 2</locus>
                                <dimensions type="interlinear">
                                    <height unit="mm">not measured</height>
                                </dimensions>
                            </handNote>
                        </handDesc>
                    </physDesc>
                    <history>
                        <origin>
                            <origPlace>
                                <placeName type="ancient" ref="http://pleiades.stoa.org/places/462410">Panhormus</placeName>		
                                <placeName type="modern" ref="http://sws.geonames.org/2523920">Palermo</placeName>
                            	<geo>38.13205, 13.33561</geo>
		</origPlace>
                            <origDate datingMethod="#julian" notBefore-custom="0001" notAfter-custom="0200">Augustan or Julio-Claudian,
                                by the letter forms; also, archaic spelling of some of the Latin, with other Sicilian
                                parallels, rules out much later date (so Wilson 1990); Manni Piraino thinks later C2 AD</origDate>
                        </origin>
                        <provenance type="found">Provenance unknown, first recorded c.1730 in the Museo Salnitriano</provenance>
                        <provenance type="observed" subtype="autopsied">2017-07-21</provenance>
                        <acquisition>Palermo, Museo Archeologico Regionale Antonino Salinas no. 3574</acquisition>
                    </history>
                </msDesc>
            </sourceDesc>
        </fileDesc>
        <profileDesc>
            <calendarDesc>
                <calendar xml:id="julian">
                    <p>Julian Calendar</p>
                </calendar>
            </calendarDesc>
            <langUsage>
                <language ident="en">English</language> 
                <language ident="it">Italian</language> 
                <language ident="grc">Ancient Greek</language> 
                <language ident="la">Latin</language> 
                <language ident="he">Hebrew</language> 
                <language ident="phn">Phoenician</language>
                <language ident="xpu">Punic</language>
                <language ident="osc">Oscan</language> 
                <language ident="xly">Elymian</language> 
                <language ident="scx">Sikel</language>  
                <language ident="sxc">Sikan</language>  
            </langUsage>
            <textClass>
                <keywords scheme="http://www.eagle-network.eu/voc/typeins.html">
                    <term key="advertisement" ref="http://www.eagle-network.eu/voc/typeins/lod/128.html">advertisement</term>
                </keywords>
            </textClass>
        </profileDesc>
        <revisionDesc status="draft">
            <listChange>
                <change when="2016-12-03" who="#JCu">James Cummings autogenerated EpiDoc output from database</change>
                <change when="2019-03-28" who="#JP">Jonathan Prag revised the EpiDoc from photo and edition</change>
                <change when="2020-09-10" who="#JP">Jonathan Prag added bibl ref</change>
            	   <change when="2020-10-05" who="#SS">Simona Stoyanova normalised Unicode</change>
            	   <change when="2020-10-08" who="#SS">Simona Stoyanova updated list of languages</change>
            	<change when="2020-11-20" who="#SS">Simona Stoyanova added EDCS numbers</change>
		<change when="2020-11-26" who="#SS">Simona Stoyanova restructured bibliography</change>
	    <change when="2020-12-17" who="#system">Updated Zenodo DOI</change>
            </listChange>
        </revisionDesc>
    </teiHeader>
    <facsimile>
        <surface type="front">
            <graphic n="screen" url="ISic0470_tiled.tif" height="967px" width="1405px">
                <desc>Photo R.J.A. Wilson</desc>
            </graphic>
            <graphic n="print" url="ISic0470.jpg" height="967px" width="1405px">
                <desc>Photo R.J.A. Wilson</desc>
            </graphic>
        </surface>
    </facsimile>
    <text>
        <body>
            <div type="edition" xml:space="preserve" resp="#JP">
                <div type="textpart" subtype="column" n="1" xml:lang="grc">
                <ab>
                    <lb n="1"/>στῆλαι
                    <lb n="2"/>ἐνθάδε
                    <lb n="3"/>τυποῦνται καὶ
                    <lb n="4"/>χαράσσονται
                    <lb n="5"/>ναοῖς ἱεροῖς
                    <lb n="6"/>σὺν ἐνεργείαις
                    <lb n="7"/>δημοσίαις
                </ab>
                </div>
                <div type="textpart" subtype="column" n="2" xml:lang="la">
                    <ab>
                    <lb n="1"/>tituli
                    <lb n="2"/>heic
                    <lb n="3"/>ordinantur et
                    <lb n="4"/>sculpuntur
                    <lb n="5"/>aidibus sacreis
                    <lb n="6"/>qum operum
                    <lb n="7"/>publicorum
                </ab>
                </div>
            </div>
            <div type="apparatus">
                <p><!--external apparatus criticus (if applicable)--></p>
            </div>
            <div type="translation" xml:lang="en" resp="#JP">
                <p>Stelai are set out and engraved here for sacred temples together with public works / inscriptions are set out and engraved here for sacred temples together with public works</p>
            </div>
            <div type="commentary">
                <p>Although attribution to Palermo remains uncertain, the fact of a bilingual notice, as well as the infelicities in both the Greek and the Latin text have encouraged scholars to accept a Sicilian origin (noting, for example, the scholiast to Cicero who observed that inhabitants of the island used neither language well!). The nature of the errors, such as cum with the genitive have led some to suggest the text was created by an individual whose primary language was in fact Punic, but the suggestion has not been accepted by all.</p>
                    <!--In the Latin half: tituli heic ordinantur et sculpuntur aidibus sacreis cum operum publicorum. Mommsen remarks that 'Immo Siculam originem prodit quod bilinguis est...'; Bivona 'la duplice redazione fa peNScre che, anche se non propriamente panormitana, la tabella debba essere di provenienza locale.'; B notes that it does not offer funerary inscr's; and that 'chi scrisse il testo non conoscesse bene ne l'una ne l'altra lingua...la Calabi pense, ipoteticamente, ad un Cartaginese (tav.I); cf. G.Susini, The Stonecutter, p.18f; cf. CIL XI.1420 for another such advert; Manni Piraino adds similar thoughts, citing also Apuleius Met.11.5. M-P thinks the latin archaisms suggest a C2 date when this was popular. Brief notice of its rediscovery by Mallon, in Bull.Ant. Soc. fr. (1978-79) 252-3, but this adds nothing at all.-->
            </div>
            <div type="bibliography">
                <listBibl type="edition">
                    <bibl type="corpus" n="IG">
                        <citedRange>
                            <ref target="https://clio.columbia.edu/catalog/6873760">14.0297</ref>
                        </citedRange>
                        <ptr target="https://www.zotero.org/groups/382445/items/Q2SBPG9F"/>
                    </bibl>
                    <bibl type="corpus" n="CIL">
                        <citedRange>
                            <ref target="http://arachne.uni-koeln.de/item/buchseite/650792">10.7296</ref>
                        </citedRange>
                        <ptr target="https://www.zotero.org/groups/382445/items/GQN8UZSI"/>
                    </bibl>
                    <bibl type="bulletin" n="AE">
                        <citedRange>2011.0437</citedRange>
                        <ptr target="http://zotero.org/groups/382445/items/R46KDTZX"/>
                    </bibl>
                    <bibl type="bulletin" n="AE">
                        <citedRange>2005.0671</citedRange>
                        <ptr target="http://zotero.org/groups/382445/items/R46KDTZX"/>
                    </bibl>
                    <bibl type="bulletin" n="AE">
                        <citedRange>2000.0643</citedRange>
                        <ptr target="http://zotero.org/groups/382445/items/R46KDTZX"/>
                    </bibl>
                    <bibl type="bulletin" n="SEG">
                        <citedRange>61.0753</citedRange>
                        <ptr target="http://zotero.org/groups/382445/items/F2GG87EQ"/>
                    </bibl>
                    <bibl type="bulletin" n="SEG">
                        <citedRange>50.1016</citedRange>
                        <ptr target="http://zotero.org/groups/382445/items/F2GG87EQ"/>
                    </bibl>
                    <bibl type="bulletin" n="SEG">
                        <citedRange>44.1699</citedRange>
                        <ptr target="http://zotero.org/groups/382445/items/F2GG87EQ"/>
                    </bibl>
                    <bibl type="bulletin" n="SEG">
                        <citedRange>39.1017</citedRange>
                        <ptr target="http://zotero.org/groups/382445/items/F2GG87EQ"/>
                    </bibl>
                    <bibl type="corpus" n="ILMusPalermo">
                        <citedRange>74</citedRange>
                        <ptr target="https://www.zotero.org/groups/382445/items/FZWWPUD6"/>
                    </bibl>
                    <bibl type="corpus" n="IGMusPalermo">
                        <citedRange>139</citedRange>
                        <ptr target="https://www.zotero.org/groups/382445/items/F66S4X3M"/>
                    </bibl>
                    <bibl type="corpus" n="CIG">
                        <citedRange>3.5554</citedRange>
                        <ptr target="https://www.zotero.org/groups/382445/items/HTUDQBXS"/>
                    </bibl>
                    <bibl type="corpus" n="IGRR">
                        <citedRange>503</citedRange>
                        <ptr target="https://www.zotero.org/groups/382445/items/KSH4D9GK"/>
                    </bibl>
                    <bibl type="corpus" n="ILS">
                        <citedRange>7680</citedRange>
                        <ptr target="https://www.zotero.org/groups/382445/items/XHMS9K6S"/>
                    </bibl>
                    <bibl>
                        <author>Castelli</author>
                        <date>1762</date>
                        <citedRange><ref target="http://arachne.uni-koeln.de/item/buchseite/502111">XXXVII, p.19</ref> and <ref target="http://arachne.uni-koeln.de/item/buchseite/502337">p.231</ref></citedRange>
                        <ptr target="http://zotero.org/groups/382445/items/4JP8QJ5H"/>
                    </bibl>
                    <bibl>
                        <author>Calabi Limentani</author>
                        <date>1991</date>
                        <citedRange>15-16 tav.1</citedRange>
                        <ptr target="https://www.zotero.org/groups/382445/items/W37J8KJA"/>
                    </bibl>
                    <bibl>
                        <author>Wilson</author>
                        <date>1990</date>
                        <citedRange>314 fig.266</citedRange>
                        <ptr target="https://www.zotero.org/groups/382445/items/VF9MMBI9"/>
                    </bibl>
                    <bibl>
                        <author>Susini</author>
                        <date>1973</date>
                        <citedRange>18-19</citedRange>
                        <ptr target="https://www.zotero.org/groups/382445/items/S7VM4TFW"/>
                    </bibl>
                    <bibl>
                        <author>Manganaro</author>
                        <date>1988</date>
                        <citedRange>49 n.243</citedRange>
                        <ptr target="https://www.zotero.org/groups/382445/items/RZSFKACR"/>
                    </bibl>
                    <bibl>
                        <author>Alföldy</author>
                        <date>1989</date>
                        <citedRange>175-176</citedRange>
                        <ptr target="https://www.zotero.org/groups/382445/items/H4U8SWA2"/>
                    </bibl>
                    <bibl>
                        <author>Kruschwitz</author>
                        <date>2000</date>
                        <ptr target="https://www.zotero.org/groups/382445/items/A8RWBDDP"/>
                    </bibl>
                    <bibl>
                        <author>Tribulato</author>
                        <date>2011</date>
                        <ptr target="https://www.zotero.org/groups/382445/items/HGQM73E7"/>
                    </bibl>
                    <bibl>
                        <author>Tribulato</author>
                        <date>2012</date>
                        <citedRange>316-319</citedRange>
                        <ptr target="http://zotero.org/groups/382445/items/X5ZZ4GPT"/>
                    </bibl>
                </listBibl>
	   <listBibl type="discussion"><bibl/></listBibl>
            </div>
        </body>
    </text>
</TEI>