<?xml version="1.0" encoding="UTF-8"?>
<?xml-model href="http://www.stoa.org/epidoc/schema/latest/tei-epidoc.rng" type="application/xml" schematypens="http://relaxng.org/ns/structure/1.0"?>
<?xml-model href="../schematron/ircyr-checking.sch" schematypens="http://purl.oclc.org/dsdl/schematron"?>                                                
<TEI xmlns="http://www.tei-c.org/ns/1.0" xml:lang="en">
    <teiHeader>
        <fileDesc>
            <titleStmt>
                <title>I.Sicily inscription 0016</title>
                <editor ref="#JP">Jonathan Prag</editor>
                <principal ref="#JP">Jonathan Prag</principal>
                <funder>John Fell OUP Research Fund</funder>
	   <funder><ref target="https://cordis.europa.eu/project/id/885040">ERC Advanced Grant no.885040</ref></funder>
                <respStmt>
                    <name xml:id="JP" ref="http://orcid.org/0000-0003-3819-8537">Jonathan Prag</name>
                    <resp>original data collection and editing</resp>
                </respStmt>
                <respStmt>
                    <name xml:id="JCu" ref="http://orcid.org/0000-0002-6686-3728">James Cummings</name>
                    <resp>conversion to EpiDoc</resp>
                </respStmt>
                <respStmt>
                    <name xml:id="JCh" ref="http://orcid.org/0000-0001-6823-0265">James Chartrand</name>
                    <resp>site construction and encoding</resp>
                </respStmt>
                <respStmt>
                    <name xml:id="VV" ref="http://orcid.org/0000-0002-9695-0240">Valeria Vitale</name>
                    <resp>editing of geo data</resp>
                </respStmt>
                <respStmt>
                    <name xml:id="MM">Michael Metcalfe</name>
                    <resp>museum data collection</resp>
                </respStmt>
                <respStmt>
                    <name xml:id="TA" ref="https://orcid.org/0000-0001-8417-7089">Tuuli Ahlholm</name>
                    <resp>EpiDoc editing</resp>
                </respStmt>
	    <respStmt>
     	       <name xml:id="SS" ref="https://orcid.org/0000-0003-3914-9569">Simona Stoyanova</name>
     	       <resp>standardisation of template and tidying up encoding</resp>
 	   </respStmt>
	    <respStmt>
                    <name xml:id="system">system</name>
                    <resp>automated or batch processes</resp>
                </respStmt>
            </titleStmt>
            <publicationStmt>
                <authority>I.Sicily</authority>
                <idno type="filename">ISic0016</idno>
                <idno type="TM">491776</idno>
                <idno type="EDR">137832</idno>
                <idno type="EDH"/>
                <idno type="EDCS">22000860</idno>
                <idno type="PHI"/>
                <idno type="URI">http://sicily.classics.ox.ac.uk/inscription/ISic0016</idno>
                <idno type="DOI" when="2020-12-17">10.5281/zenodo.4333779</idno>
                <availability>
                    <licence target="http://creativecommons.org/licenses/by/4.0/">Licensed under a Creative
                        Commons-Attribution 4.0 licence.
                    </licence>
                </availability>
            </publicationStmt>
            <sourceDesc>
                <msDesc>
                    <msIdentifier>
                        <country>Italy</country>
                        <region>Sicily</region>
                        <settlement>Palermo</settlement>
                        <repository role="museum" ref="http://sicily.classics.ox.ac.uk/museum/064">Museo
                            Archeologico Regionale Antonino Salinas
                        </repository>
                        <idno type="inventory">3516</idno>
                        <!--Adding location for old id numbers if available-->
                        <altIdentifier>
                            <settlement/>
                            <repository/>
                            <idno type="old"/>
                        </altIdentifier>
                    </msIdentifier>
                    <msContents>
                        <textLang mainLang="la">Latin</textLang>
                    </msContents>
                    <physDesc>
                        <objectDesc>
                            <supportDesc>
                                <support>
                                    <material key="limestone" ref="http://www.eagle-network.eu/voc/material/lod/66.html">limestone
                                    </material>
                                    <objectType key="base" ref="http://www.eagle-network.eu/voc/objtyp/lod/57.html">base
                                    </objectType>
                                    <dimensions>
                                        <!--Default values and requires editing-->
                                        <height unit="cm"/>
                                        <width unit="cm"/>
                                        <depth unit="cm"/>
                                    </dimensions>
                                </support>
                                <condition/>
		    </supportDesc>
                            <layoutDesc>
                                <layout>
                                    <rs type="execution" ref="http://www.eagle-network.eu/voc/writing/lod/1">Engraved
                                    </rs>
                                </layout>
                            </layoutDesc>
                        </objectDesc>
                        <handDesc>
                            <handNote><!--Default value and requires editing-->
                                <locus from="line1" to="line1">Line 1
                                </locus>
                                <dimensions type="letterHeight">
                                    <height unit="mm"/>
                                </dimensions>
                                <locus from="line1" to="line2">Interlineation line 1 to 2
                                </locus>
                                <dimensions type="interlinear">
                                    <height unit="mm"/>
                                </dimensions>
                            </handNote>
                        </handDesc>
                    </physDesc>
                    <history>
                        <origin>
                            <origPlace>
                                <placeName type="ancient" ref="http://pleiades.stoa.org/places/462410">Panhormus</placeName>		
                                <placeName type="modern" ref="http://sws.geonames.org/2523920">Palermo</placeName>
                            	<geo>38.13205, 13.33561</geo>
		</origPlace>
                            <origDate datingMethod="#julian" notBefore-custom="0150" notAfter-custom="0200">198 AD (between 1st July and 9th Dec. acc. to R-C)
                            </origDate>
                        </origin>
                        <provenance type="found"/>
                        <provenance type="observed" subtype="autopsied">No Autopsy</provenance>
                        <acquisition>Palermo, Museo Archeologico Regionale Antonino Salinas no.
                            3516
                        </acquisition>
                    </history>
                </msDesc>
            </sourceDesc>
        </fileDesc>
        <profileDesc>
            <calendarDesc>
                <calendar xml:id="julian">
                    <p>Julian Calendar</p>
                </calendar>
            </calendarDesc>
            <langUsage>
                <language ident="en">English</language>
                <language ident="it">Italian</language>
                <language ident="grc">Ancient Greek</language>
                <language ident="la">Latin</language>
                <language ident="he">Hebrew</language>
                <language ident="phn">Phoenician</language>
                <language ident="xpu">Punic</language>
                <language ident="osc">Oscan</language>
                <language ident="xly">Elymian</language>
                <language ident="scx">Sikel</language>
                <language ident="sxc">Sikan</language>
            </langUsage>
            <textClass>
                <keywords scheme="http://www.eagle-network.eu/voc/typeins.html">
                    <term key="honorific" ref="http://www.eagle-network.eu/voc/typeins/lod/69.html">honorific
                    </term>
                </keywords>
            </textClass>
        </profileDesc>
        <revisionDesc status="draft">
            <listChange>
                <change when="2016-12-03" who="#JCu">James Cummings autogenerated EpiDoc output from database</change>
                <change when="2017-11-16" who="#JP">Jonathan Prag edited a bibl element</change>
                <change when="2018-03-27" who="#TA">Tuuli Ahlholm revised the Epidoc and added an apparatus</change>
            	   <change when="2020-10-05" who="#SS">Simona Stoyanova normalised Unicode</change>
            	   <change when="2020-10-08" who="#SS">Simona Stoyanova updated list of languages</change>
            	<change when="2020-11-20" who="#SS">Simona Stoyanova added EDCS numbers</change>
		<change when="2020-11-26" who="#SS">Simona Stoyanova restructured bibliography</change>
	    <change when="2020-12-17" who="#system">Updated Zenodo DOI</change>
            </listChange>
        </revisionDesc>
    </teiHeader>
    <facsimile>
        <surface/>
        <!--delete empty surface above and uncomment template below if needed-->
        <!--
    <surface type="front">
      <graphic n="screen" url="{concat('ISic', $num, '_tiled.tif')}"
        height="4912px" width="7360px">
        <desc>Add Description Here</desc>
      </graphic>
      <graphic n="print" url="{concat('ISic', $num, '.jpg')}" height="3680px" width="5520px">
        <desc>Add Description Here</desc>
      </graphic>
    </surface>

      -->
    </facsimile>
    <text>
        <body>
            <div type="edition" xml:space="preserve" xml:lang="la">
                <ab>
                    <lb n="1"/><expan><abbr><unclear>Imp</unclear></abbr><ex>eratori</ex></expan> <unclear>Ca</unclear><supplied reason="lost"><expan><abbr>es</abbr><ex>ari</ex></expan></supplied> <supplied reason="lost"><expan><abbr>L</abbr><ex>ucio</ex></expan></supplied> <unclear>S</unclear>eptimio <g type="interpunct">·</g> Sever<supplied reason="omitted">o</supplied>                    
                    <lb n="2"/><unclear>Pio</unclear> <unclear>P</unclear><supplied reason="lost">ertinaci</supplied> <expan><abbr><supplied reason="lost">A</supplied><unclear>u</unclear>g</abbr><ex>usto</ex></expan> <expan><abbr>Arab</abbr><ex>ico</ex></expan> <g type="interpunct">·</g> Adiabe<supplied reason="omitted">nico</supplied>
                    <lb n="3"/><expan><abbr><supplied reason="lost">Pa</supplied><unclear>rth</unclear></abbr><ex>ico</ex></expan> <g type="interpunct">·</g> <supplied reason="lost"><expan><abbr>max</abbr><ex>imo</ex></expan></supplied> <supplied reason="lost"><expan><abbr>pont</abbr><ex>ifici</ex></expan></supplied> <expan><abbr>max</abbr><ex>imo</ex></expan> <g type="interpunct">·</g> <expan><abbr>tr</abbr><ex>ibunicia</ex></expan> <g type="interpunct">·</g> <expan><abbr>pot</abbr><ex>estate</ex></expan> <g type="interpunct">·</g> <num value="6">VI</num> <g type="interpunct">·</g> <expan><abbr>imp</abbr><ex>eratori</ex></expan>
                    <lb n="4"/><num value="11"><unclear>XI</unclear></num> <expan><abbr>co</abbr><ex>n</ex><abbr>s</abbr><ex>uli</ex></expan> <g type="interpunct">·</g> <num value="2">II</num> <g type="interpunct">·</g> <expan><abbr>p</abbr><ex>atri</ex></expan> <g type="interpunct">·</g> <expan><abbr>p</abbr><ex>atriae</ex></expan> <g type="interpunct">·</g> <expan><abbr>pro<supplied reason="lost">co</supplied></abbr><ex>n</ex><abbr><unclear>s</unclear></abbr><ex>uli</ex></expan> <g type="interpunct">·</g> <expan><abbr>imp</abbr><ex>eratoris</ex></expan> <g type="interpunct">·</g> <expan><abbr>Caes</abbr><ex>aris</ex></expan> <g type="interpunct">·</g> divi
                    <lb n="5"/><expan><abbr>M</abbr><ex>arci</ex></expan> <g type="interpunct">·</g> Antonini <g type="interpunct">·</g> Pii <g type="interpunct">·</g> <expan><abbr>G<supplied reason="lost">e</supplied>rm</abbr><ex>anici</ex></expan> Sarmatic<supplied reason="omitted">i</supplied> <g type="interpunct">·</g> <expan><abbr>f</abbr><ex>ilio</ex></expan>
                    <lb n="6"/>divi Commodi frat<unclear>r</unclear>i divi Antoni
                    <lb n="7" break="no"/>ni Pii nepoti <g type="interpunct">·</g> divi <g type="interpunct">·</g> Hadriani prone
                    <lb n="8" break="no"/><supplied reason="lost">p</supplied>oti  divi <g type="interpunct">·</g> Traiani Parthici <expan><abbr>ab<supplied reason="lost">n</supplied></abbr><supplied reason="lost"><ex>epoti</ex></supplied></expan>
                    <lb n="9"/><supplied reason="lost">d</supplied>ivi <g type="interpunct">·</g> Nervae <g type="interpunct">·</g> adnepoti indulgen
                    <lb break="no" n="10"/><supplied reason="lost">tis</supplied>simo et clementissimo principi
                    <lb n="11"/><supplied reason="lost">dom</supplied>ino nostro <g type="interpunct">·</g> res <expan><abbr>p</abbr><ex>ublica</ex></expan> <g type="interpunct">·</g> <expan><abbr>Panhorm</abbr><ex>itanorum</ex></expan>
                    <lb n="12"/><supplied reason="lost"><num value="2">II</num></supplied> <supplied reason="lost">v</supplied><expan><abbr>ir</abbr><ex>orum</ex></expan> <g type="interpunct">·</g> <expan><abbr>P</abbr><ex>ubli</ex></expan> Satyri Donati et <expan><abbr>M</abbr><ex>arci</ex></expan> Ma<unclear>e</unclear>ci
                    <lb n="13"/><supplied reason="lost">R</supplied>ufini <expan><abbr>d</abbr><ex>ecreto</ex></expan> <expan><abbr>d</abbr><ex>ecurionum</ex></expan>
                </ab>
            </div>
            <div type="apparatus">
                <listApp>
                    <app>
                        <note>Text of ILMusPalermo</note>
                    </app>
                </listApp>
            </div>
            <div type="translation">
                <p><!--translation(s) - add @xml:lang for 'en' or 'it' to div--></p>
            </div>
            <div type="commentary">
                <p><!--commented out pending revision-->
                    <!--Imp. Caes. L. Septimio Sever pio Pertnaci Aug arab. Adiabe Parth. mac. pontif. max. tr. pot. VI imp. XI cos. II p.p. procos imp. caes. divi M. Antoninin pii Germ. Sarmatic. f. divi Commodi fratri divi Antonini pii nepoti divi Hadriani pronepoti divi Traiani Parthici abn. divi Nervae adnepoti indulgentissimo et clementissimo principi domino nostro res p. Panhorm IIvir P. Satyri Donati e M. Maeci Rufini d.d.--></p>
            </div>
            <div type="bibliography">
                <listBibl type="edition">
                    <bibl type="corpus" n="CIL">
                        <citedRange>
                            <ref target="http://arachne.uni-koeln.de/item/buchseite/650788">10.7274</ref>
                        </citedRange>
                        <ptr target="https://www.zotero.org/groups/382445/items/GQN8UZSI"/>
                    </bibl>
                    <bibl type="corpus" n="ILMusPalermo">
                        <citedRange>16</citedRange>
                        <ptr target="https://www.zotero.org/groups/382445/items/FZWWPUD6"/>
                    </bibl>
                    <bibl>
                        <author>Raepsaet-Charlier</author>
                        <date>1974</date>
                        <citedRange>125</citedRange>
                        <ptr target="https://www.zotero.org/groups/382445/items/PZHQV5MN"/>
                    </bibl>
                    <bibl>
                        <author>Manganaro</author>
                        <date>1988</date>
                        <citedRange>43</citedRange>
                        <ptr target="https://www.zotero.org/groups/382445/items/RZSFKACR"/>
                    </bibl>
                </listBibl>
	   <listBibl type="discussion"><bibl/></listBibl>
            </div>
        </body>
    </text>
</TEI>