<?xml version="1.0" encoding="UTF-8"?>
<?xml-model href="http://www.stoa.org/epidoc/schema/latest/tei-epidoc.rng" type="application/xml" schematypens="http://relaxng.org/ns/structure/1.0"?>
<?xml-model href="../schematron/ircyr-checking.sch" schematypens="http://purl.oclc.org/dsdl/schematron"?>                                                
<TEI xmlns="http://www.tei-c.org/ns/1.0" xml:lang="en">
    <teiHeader>
        <fileDesc>
            <titleStmt>
                <title>I.Sicily inscription 0302</title>
                <editor ref="#JP">Jonathan Prag</editor>
                <principal ref="#JP">Jonathan Prag</principal>
                <funder>John Fell OUP Research Fund</funder>
	   <funder><ref target="https://cordis.europa.eu/project/id/885040">ERC Advanced Grant no.885040</ref></funder>
                <respStmt>
                    <name xml:id="JP" ref="http://orcid.org/0000-0003-3819-8537">Jonathan Prag</name>
                    <resp>original data collection and editing</resp>
                </respStmt>
                <respStmt>
                    <name xml:id="JCu" ref="http://orcid.org/0000-0002-6686-3728">James Cummings</name>
                    <resp>conversion to EpiDoc</resp>
                </respStmt>
                <respStmt>
                    <name xml:id="JCh" ref="http://orcid.org/0000-0001-6823-0265">James Chartrand</name>
                    <resp>site construction and encoding</resp>
                </respStmt>
                <respStmt>
                    <name xml:id="VV" ref="http://orcid.org/0000-0002-9695-0240">Valeria Vitale</name>
                    <resp>editing of geo data</resp>
                </respStmt>
                <respStmt>
                    <name xml:id="MM">Michael Metcalfe</name>
                    <resp>museum data collection</resp>
                </respStmt>
                <respStmt>
                    <name xml:id="EK" ref="https://orcid.org/0000-0002-2354-4452">Estella Kessler</name>
                    <resp>Epidoc editing</resp>
                </respStmt>
	    <respStmt>
     	       <name xml:id="SS" ref="https://orcid.org/0000-0003-3914-9569">Simona Stoyanova</name>
     	       <resp>standardisation of template and tidying up encoding</resp>
 	   </respStmt>
	    <respStmt>
                    <name xml:id="system">system</name>
                    <resp>automated or batch processes</resp>
                </respStmt>
            </titleStmt>
            <publicationStmt>
                <authority>I.Sicily</authority>
                <idno type="filename">ISic0302</idno>
                <idno type="TM">491512</idno>
                <idno type="EDR">141067</idno>
                <idno type="EDH"/>
                <idno type="EDCS">21900337</idno>
                <idno type="PHI"/>
                <idno type="URI">http://sicily.classics.ox.ac.uk/inscription/ISic0302</idno>
                <idno type="DOI" when="2020-12-17">10.5281/zenodo.4335075</idno>
                <availability>
                    <licence target="http://creativecommons.org/licenses/by/4.0/">Licensed under a Creative
                        Commons-Attribution 4.0 licence.
                    </licence>
                </availability>
            </publicationStmt>
            <sourceDesc>
                <msDesc>
                    <msIdentifier>
                        <country>Italy</country>
                        <region>Sicily</region>
                        <settlement>Lost</settlement>
                        <repository/>
                        <!--No inventory number found-->
                        <!--Adding location for old id numbers if available-->
                        <altIdentifier>
                            <settlement/>
                            <repository/>
                            <idno type="old"/>
                        </altIdentifier>
                    </msIdentifier>
                    <msContents>
                        <textLang mainLang="la">Latin</textLang>
                    </msContents>
                    <physDesc>
                        <objectDesc>
                            <supportDesc>
                                <support><p>The text is reported as engraved across the epistyles of four columns</p>
                                    <material key="stone" ref="http://www.eagle-network.eu/voc/material/lod/2.html">stone
                                    </material>
                                    <dimensions><!--Default values and requires editing-->
                                        <height unit="cm"/>
                                        <width unit="cm"/>
                                        <depth unit="cm"/>
                                    </dimensions>
                                </support>
                                <condition/>
		    </supportDesc>
                            <layoutDesc>
                                <layout>
                                    <rs type="execution" ref="http://www.eagle-network.eu/voc/writing/lod/1">Engraved
                                    </rs>
                                </layout>
                            </layoutDesc>
                        </objectDesc>
                        <handDesc>
                            <handNote><!--Default value and requires editing-->
                                <locus from="line1" to="line1">Line 1</locus>
                                <dimensions type="letterHeight">
                                    <height unit="mm"/>
                                </dimensions>
                                <locus from="line1" to="line2">Interlineation line 1 to 2</locus>
                                <dimensions type="interlinear">
                                    <height unit="mm"/>
                                </dimensions>
                            </handNote>
                        </handDesc>
                    </physDesc>
                    <history>
                        <origin>
                            <origPlace>
                                <placeName type="ancient" ref="http://pleiades.stoa.org/places/462270">Catina</placeName>		
                                <placeName type="modern" ref="http://sws.geonames.org/2525068">Catania</placeName>
                            	<geo>37.49223, 15.07041</geo>
		</origPlace>
                            <origDate datingMethod="#julian" notBefore-custom="0100" notAfter-custom="0300" cert="low">Imperial-
                                acc. to PIR (and absence in PLRE) the name is freq. in C2 or C3 AD (?)
                            </origDate>
                        </origin>
                        <provenance type="not-observed">destroyed in 1693 earthquake</provenance>
                        <provenance type="observed" subtype="autopsied">No Autopsy</provenance>
                        <acquisition>Lost,</acquisition>
                    </history>
                    <additional>
                        <adminInfo>
                            <note type="location">destroyed in 1693 earthquake</note>
                        </adminInfo>
                    </additional>
                </msDesc>
            </sourceDesc>
        </fileDesc>
        <profileDesc>
            <calendarDesc>
                <calendar xml:id="julian">
                    <p>Julian Calendar</p>
                </calendar>
            </calendarDesc>
            <langUsage>
                <language ident="en">English</language>
                <language ident="it">Italian</language>
                <language ident="grc">Ancient Greek</language>
                <language ident="la">Latin</language>
                <language ident="he">Hebrew</language>
                <language ident="phn">Phoenician</language>
                <language ident="xpu">Punic</language>
                <language ident="osc">Oscan</language>
                <language ident="xly">Elymian</language>
                <language ident="scx">Sikel</language>
                <language ident="sxc">Sikan</language>
            </langUsage>
            <textClass>
                <keywords scheme="http://www.eagle-network.eu/voc/typeins.html">
                    <term key="building" ref="http://www.eagle-network.eu/voc/typeins/lod/86.html">building</term>
                </keywords>
            </textClass>
        </profileDesc>
        <revisionDesc status="draft">
            <listChange>
                <change when="2016-12-03" who="#JCu">James Cummings autogenerated EpiDoc output from database</change>
                <change when="2019-01-25" who="#EK">Estella Kessler encoded the text and added English translation</change>
                <change when="2019-02-01" who="#JP">Jonathan Prag checked the file</change>
            	   <change when="2020-10-05" who="#SS">Simona Stoyanova normalised Unicode</change>
            	   <change when="2020-10-08" who="#SS">Simona Stoyanova updated list of languages</change>
            	<change when="2020-11-20" who="#SS">Simona Stoyanova added EDCS numbers</change>
		<change when="2020-11-26" who="#SS">Simona Stoyanova restructured bibliography</change>
	    <change when="2020-12-17" who="#system">Updated Zenodo DOI</change>
            </listChange>
        </revisionDesc>
    </teiHeader>
    <facsimile>
        <surface/>
        <!--delete empty surface above and uncomment template below if needed-->
        <!--
  <surface type="front">
    <graphic n="screen" url="{concat('ISic', $num, '_tiled.tif')}"
      height="4912px" width="7360px">
      <desc>Add Description Here</desc>
    </graphic>
    <graphic n="print" url="{concat('ISic', $num, '.jpg')}" height="3680px" width="5520px">
      <desc>Add Description Here</desc>
    </graphic>
  </surface>
    -->
    </facsimile>
    <text>
        <body>
            <div type="edition" xml:space="preserve" xml:lang="la" resp="#EK"> 
                <ab>
                    <lb n="1"/><expan><abbr>Q</abbr><ex>uintus</ex></expan> Lusius
                    <lb n="2"/>Laberius
                    <lb n="3"/>proconsul
                    <lb n="4"/>thermas
                </ab>
            </div>
            <div type="apparatus">
                <listApp><app><note>Text of CIL</note></app></listApp>
            </div>
            <div type="translation" xml:lang="en" resp="#EK">
                <p>Quintus Lusius Laberius, proconsul, (erected?) the baths</p>
            </div>
            <div type="commentary">
                <p><!--commented out pending revision-->
                    <!--Q.Lusius / Laberius / proconsul / Thermas--></p>
            </div>
            <div type="bibliography">
                <listBibl type="edition">
                    <bibl>
                        <author>Gualtherus</author>
                        <date>1624</date>
                        <citedRange>no.32-35</citedRange>
                        <ptr target="http://zotero.org/groups/382445/items/ZP8DE8KS"/>
                    </bibl>
                    <bibl type="corpus" n="CIL">
                        <citedRange>
                            <ref target="http://arachne.uni-koeln.de/item/buchseite/650756">10.7018</ref>
                        </citedRange>
                        <ptr target="https://www.zotero.org/groups/382445/items/GQN8UZSI"/>
                    </bibl>
                    <bibl/>
                </listBibl>
	   <listBibl type="discussion"><bibl/></listBibl>
            </div>
        </body>
    </text>
</TEI>