<?xml version="1.0" encoding="UTF-8"?>
<?xml-model href="http://www.stoa.org/epidoc/schema/latest/tei-epidoc.rng" type="application/xml" schematypens="http://relaxng.org/ns/structure/1.0"?>
<?xml-model href="../schematron/ircyr-checking.sch" schematypens="http://purl.oclc.org/dsdl/schematron"?>                                                
<TEI xmlns="http://www.tei-c.org/ns/1.0" xml:lang="en">
    <teiHeader>
        <fileDesc>
            <titleStmt>
                <title>I.Sicily inscription 0491</title>
                <editor ref="#JP">Jonathan Prag</editor>
                <principal ref="#JP">Jonathan Prag</principal>
                <funder>John Fell OUP Research Fund</funder>
	   <funder><ref target="https://cordis.europa.eu/project/id/885040">ERC Advanced Grant no.885040</ref></funder>
                <respStmt>
                    <name xml:id="JP" ref="http://orcid.org/0000-0003-3819-8537">Jonathan Prag</name>
                    <resp>original data collection and editing</resp>
                </respStmt>
                <respStmt>
                    <name xml:id="JCu" ref="http://orcid.org/0000-0002-6686-3728">James Cummings</name>
                    <resp>conversion to EpiDoc</resp>
                </respStmt>
                <respStmt>
                    <name xml:id="JCh" ref="http://orcid.org/0000-0001-6823-0265">James Chartrand</name>
                    <resp>site construction and encoding</resp>
                </respStmt>
                <respStmt>
                    <name xml:id="VV" ref="http://orcid.org/0000-0002-9695-0240">Valeria Vitale</name>
                    <resp>editing of geo data</resp>
                </respStmt>
                <respStmt>
                    <name xml:id="MM">Michael Metcalfe</name>
                    <resp>museum data collection</resp>
                </respStmt>
	    <respStmt>
     	       <name xml:id="SS" ref="https://orcid.org/0000-0003-3914-9569">Simona Stoyanova</name>
     	       <resp>standardisation of template and tidying up encoding</resp>
 	   </respStmt>
	    <respStmt>
                    <name xml:id="system">system</name>
                    <resp>automated or batch processes</resp>
                </respStmt>
            </titleStmt>
            <publicationStmt>
                <authority>I.Sicily</authority>
                <idno type="filename">ISic0491</idno>
                <idno type="TM">491717</idno>
                <idno type="EDR"/>
                <idno type="EDH"/>
                <idno type="EDCS">22000797</idno>
                <idno type="PHI"/>
                <idno type="URI">http://sicily.classics.ox.ac.uk/inscription/ISic0491</idno>
                <idno type="DOI" when="2020-12-17">10.5281/zenodo.4337571</idno>
                <availability>
                    <licence target="http://creativecommons.org/licenses/by/4.0/">Licensed under a Creative
                        Commons-Attribution 4.0 licence.
                    </licence>
                </availability>
            </publicationStmt>
            <sourceDesc>
                <msDesc>
                    <msIdentifier>
                        <country>Italy</country>
                        <region>Sicily</region>
                        <settlement>Mazara del Vallo</settlement>
                        <repository><!--Add Repository Here--></repository>
                        <!--No inventory number found-->
                        <!--Adding location for old id numbers if available-->
                        <altIdentifier>
                            <settlement/>
                            <repository/>
                            <idno type="old"/>
                        </altIdentifier>
                    </msIdentifier>
                    <msContents>
                        <textLang mainLang="la">Latin</textLang>
                    </msContents>
                    <physDesc>
                        <objectDesc>
                            <supportDesc>
                                <support>
                                    <material key="stone" ref="http://www.eagle-network.eu/voc/material/lod/2.html">stone
                                    </material>
                                    <objectType/>
                                    <dimensions>
                                        <!--Default values and requires editing-->
                                        <height unit="cm"/>
                                        <width unit="cm"/>
                                        <depth unit="cm"/>
                                    </dimensions>
                                </support>
                                <condition/>
		    </supportDesc>
                            <layoutDesc>
                                <layout><!--Default value and requires checking-->
                                    <rs type="execution" ref="http://www.eagle-network.eu/voc/writing/lod/1">Engraved
                                    </rs>
                                </layout>
                            </layoutDesc>
                        </objectDesc>
                        <handDesc>
                            <handNote><!--Default value and requires editing-->
                                <locus from="line1" to="line1">Line 1
                                </locus>
                                <dimensions type="letterHeight">
                                    <height unit="mm"/>
                                </dimensions>
                                <locus from="line1" to="line2">Interlineation line 1 to 2
                                </locus>
                                <dimensions type="interlinear">
                                    <height unit="mm"/>
                                </dimensions>
                            </handNote>
                        </handDesc>
                    </physDesc>
                    <history>
                        <origin>
                            <origPlace>
                                <placeName type="ancient" ref="http://pleiades.stoa.org/places/462305">Mazara</placeName>		
                                <placeName type="modern" ref="http://sws.geonames.org/2524205">Mazara del Vallo</placeName>
                            	<geo>37.65418, 12.59304</geo>
		</origPlace>
                            <origDate datingMethod="#julian" notBefore-custom="0250" notAfter-custom="0350">Imperial - imp.ant. requires later C2 AD or earlier C3 AD
                            </origDate>
                        </origin>
                        <provenance type="found"/>
                        <provenance type="observed" subtype="autopsied">No Autopsy</provenance>
                        <acquisition>,</acquisition>
                    </history>
                </msDesc>
            </sourceDesc>
        </fileDesc>
        <profileDesc>
            <calendarDesc>
                <calendar xml:id="julian">
                    <p>Julian Calendar</p>
                </calendar>
            </calendarDesc>
            <langUsage>
                <language ident="en">English</language>
                <language ident="it">Italian</language>
                <language ident="grc">Ancient Greek</language>
                <language ident="la">Latin</language>
                <language ident="he">Hebrew</language>
                <language ident="phn">Phoenician</language>
                <language ident="xpu">Punic</language>
                <language ident="osc">Oscan</language>
                <language ident="xly">Elymian</language>
                <language ident="scx">Sikel</language>
                <language ident="sxc">Sikan</language>
            </langUsage>
            <textClass>
                <keywords scheme="http://www.eagle-network.eu/voc/typeins.html">
                    <term key="honorific" ref="http://www.eagle-network.eu/voc/typeins/lod/69.html">honorific
                    </term>
                </keywords>
            </textClass>
        </profileDesc>
        <revisionDesc status="draft">
            <listChange>
                <change when="2016-12-03" who="#JCu">James Cummings autogenerated EpiDoc output from database</change>
                <change when="2017-11-16" who="#JP">Jonathan Prag edited a bibl element</change>
                <change when="2018-06-20" who="#JP">Jonathan Prag checked EpiDoc and added text</change>
            	   <change when="2020-10-05" who="#SS">Simona Stoyanova normalised Unicode</change>
            	   <change when="2020-10-08" who="#SS">Simona Stoyanova updated list of languages</change>
            	<change when="2020-11-20" who="#SS">Simona Stoyanova added EDCS numbers</change>
		<change when="2020-11-26" who="#SS">Simona Stoyanova restructured bibliography</change>
	    <change when="2020-12-17" who="#system">Updated Zenodo DOI</change>
            </listChange>
        </revisionDesc>
    </teiHeader>
    <facsimile>
        <surface/>
        <!--delete empty surface above and uncomment template below if needed-->
        <!--
    <surface type="front">
      <graphic n="screen" url="{concat('ISic', $num, '_tiled.tif')}"
        height="4912px" width="7360px">
        <desc>Add Description Here</desc>
      </graphic>
      <graphic n="print" url="{concat('ISic', $num, '.jpg')}" height="3680px" width="5520px">
        <desc>Add Description Here</desc>
      </graphic>
    </surface>

      -->
    </facsimile>
    <text>
        <body>
            <div type="edition" xml:space="preserve" xml:lang="la">
                <ab>
                    <lb n="1"/><supplied reason="undefined" evidence="previouseditor"><expan><abbr>L</abbr><ex>ucio</ex></expan></supplied> <supplied reason="undefined" evidence="previouseditor">Amatio</supplied> <supplied reason="undefined" evidence="previouseditor"><expan><abbr>L</abbr><ex>uci</ex></expan></supplied> <supplied reason="undefined" evidence="previouseditor"><expan><abbr>f</abbr><ex>ilio</ex></expan></supplied> <supplied reason="undefined" evidence="previouseditor"><expan><abbr>Fab</abbr><ex>ia</ex></expan></supplied> <supplied reason="undefined" evidence="previouseditor"><expan><ex>tribu</ex></expan></supplied>
                    <lb n="2"/><supplied reason="undefined" evidence="previouseditor">Maximo</supplied> <supplied reason="undefined" evidence="previouseditor">Memoriano</supplied>
                    <lb n="3"/><supplied reason="undefined" evidence="previouseditor"><expan><abbr>q</abbr><ex>uaestori</ex></expan></supplied> <supplied reason="undefined" evidence="previouseditor"><expan><abbr>p</abbr><ex>ro</ex></expan></supplied> <supplied reason="undefined" evidence="previouseditor"><expan><abbr>p</abbr><ex>raetore</ex></expan></supplied> <supplied reason="undefined" evidence="previouseditor">aedili</supplied> <supplied reason="undefined" evidence="previouseditor"><hi rend="supraline">II</hi>viro</supplied> <supplied reason="undefined" evidence="previouseditor"><expan><abbr>praef</abbr><ex>ecto</ex></expan></supplied>
                    <lb n="4"/><supplied reason="undefined" evidence="previouseditor"><expan><abbr>imp</abbr><ex>eratoris</ex></expan></supplied> <supplied reason="undefined" evidence="previouseditor">Antonini</supplied> <supplied reason="undefined" evidence="previouseditor"><hi rend="supraline">II</hi>viri</supplied>
                    <lb n="5"/><supplied reason="undefined" evidence="previouseditor"><gap reason="lost" unit="character" quantity="2"/><orig>YCENATAI</orig> <gap reason="lost" unit="character" quantity="5"/><orig>M</orig></supplied><gap reason="lost" unit="character" quantity="3"/>
                    <lb n="6"/><supplied reason="undefined" evidence="previouseditor"><orig>I</orig><gap reason="lost" unit="character" quantity="2"/><orig>PRINAXONIAE</orig><gap reason="lost" unit="character" quantity="2"/><orig>X</orig> <orig>FR</orig><gap reason="lost" unit="character" quantity="2"/></supplied>
                    <lb n="7"/><supplied reason="undefined" evidence="previouseditor">populus</supplied> <supplied reason="undefined" evidence="previouseditor">Lilybitanus</supplied>
                    <lb n="8"/><supplied reason="undefined" evidence="previouseditor">bono</supplied> <supplied reason="undefined" evidence="previouseditor">civi</supplied>
                    <lb n="9"/><supplied reason="undefined" evidence="previouseditor"><expan><abbr>l</abbr><ex>ocus</ex></expan></supplied> <supplied reason="undefined" evidence="previouseditor"><expan><abbr>p</abbr><ex>ublice</ex></expan></supplied> <supplied reason="undefined" evidence="previouseditor"><expan><abbr>d</abbr><ex>atus</ex></expan></supplied> <supplied reason="undefined" evidence="previouseditor"><expan><abbr>d</abbr><ex>ecreto</ex></expan></supplied> <supplied reason="undefined" evidence="previouseditor"><expan><abbr>d</abbr><ex>ecurionum</ex></expan></supplied>
                </ab>
            </div>
            <div type="apparatus">
                <listApp>
                    <app><note>Text after Mommsen in CIL</note></app>
                    <app loc="line 6"><note>IIvir Quinquennali ....Xprimo, Mommsen app. crit.</note></app>
                </listApp>
            </div>
            <div type="translation">
                <p><!--translation(s) - add @xml:lang for 'en' or 'it' to div--></p>
            </div>
            <div type="commentary">
                <p>The stone is described by Mommsen, who located it, as being 'evanida tota' ('completely worn') and so 'agnovi, sed describi iam non potest' ('I observed it, but it is no longer possible to transcribe it'). Mommsen's text is a best effort, based upon the earlier antiquarian transcriptions. If Mommsen's conjecture for line 6 is correct, this provides additional evidence for the presence of decemprimi at Mazara/Lilybaeum alongside CIL 10.7236 (cf. Manganaro 1988, p.43)</p>
                    <!--In honour of Lucius Amatius Lucii Filus Maximus memorianus, quaestor pecuniae publicae, aedile, duovir, praefectus imperatoris Antonini, duovir (?quinquennalis), (?decemprimus) [these last two suggested by Mommsen, app.crit.] . . . populus Lilybitanus bono civi, LPDDD (locus publice datus decreto decurionum, vel sim.).-->
            </div>
            <div type="bibliography">
                <listBibl type="edition">
                    <bibl type="corpus" n="CIL">
                        <citedRange>
                            <ref target="http://arachne.uni-koeln.de/books/CILv10pII1883">10.7211</ref>
                        </citedRange>
                        <ptr target="https://www.zotero.org/groups/382445/items/GQN8UZSI"/>
                    </bibl>
                    <bibl>
                        <author>Manganaro</author>
                        <date>1988</date>
                        <citedRange>43</citedRange>
                        <ptr target="https://www.zotero.org/groups/382445/items/RZSFKACR"/>
                    </bibl>
                </listBibl>
	   <listBibl type="discussion"><bibl/></listBibl>
            </div>
        </body>
    </text>
</TEI>