<?xml version="1.0" encoding="UTF-8"?>
<?xml-model href="http://www.stoa.org/epidoc/schema/latest/tei-epidoc.rng" type="application/xml" schematypens="http://relaxng.org/ns/structure/1.0"?>
<?xml-model href="../schematron/ircyr-checking.sch" schematypens="http://purl.oclc.org/dsdl/schematron"?>                                                
<TEI xmlns="http://www.tei-c.org/ns/1.0" xml:lang="en">
    <teiHeader>
        <fileDesc>
            <titleStmt>
                <title>I.Sicily inscription 0013</title>
                <editor ref="#JP">Jonathan Prag</editor>
                <principal ref="#JP">Jonathan Prag</principal>
                <funder>John Fell OUP Research Fund</funder>
	   <funder><ref target="https://cordis.europa.eu/project/id/885040">ERC Advanced Grant no.885040</ref></funder>
                <respStmt>
                    <name xml:id="JP" ref="http://orcid.org/0000-0003-3819-8537">Jonathan Prag</name>
                    <resp>original data collection and editing</resp>
                </respStmt>
                <respStmt>
                    <name xml:id="JCu" ref="http://orcid.org/0000-0002-6686-3728">James Cummings</name>
                    <resp>conversion to EpiDoc</resp>
                </respStmt>
                <respStmt>
                    <name xml:id="JCh" ref="http://orcid.org/0000-0001-6823-0265">James Chartrand</name>
                    <resp>site construction and encoding</resp>
                </respStmt>
                <respStmt>
                    <name xml:id="VV" ref="http://orcid.org/0000-0002-9695-0240">Valeria Vitale</name>
                    <resp>editing of geo data</resp>
                </respStmt>
                <respStmt>
                    <name xml:id="MM">Michael Metcalfe</name>
                    <resp>museum data collection</resp>
                </respStmt>
                <respStmt>
                    <name xml:id="TA" ref="https://orcid.org/0000-0001-8417-7089">Tuuli Ahlholm</name>
                    <resp>EpiDoc editing</resp>
                </respStmt>
	    <respStmt>
     	       <name xml:id="SS" ref="https://orcid.org/0000-0003-3914-9569">Simona Stoyanova</name>
     	       <resp>standardisation of template and tidying up encoding</resp>
 	   </respStmt>
	    <respStmt>
                    <name xml:id="system">system</name>
                    <resp>automated or batch processes</resp>
                </respStmt>
            </titleStmt>
            <publicationStmt>
                <authority>I.Sicily</authority>
                <idno type="filename">ISic0013</idno>
                <idno type="TM">491774</idno>
                <idno type="EDR">137649</idno>
                <idno type="EDH"/>
                <idno type="EDCS">22000858</idno>
                <idno type="PHI"/>
                <idno type="URI">http://sicily.classics.ox.ac.uk/inscription/ISic0013</idno>
                <idno type="DOI" when="2020-12-17">10.5281/zenodo.4333767</idno>
                <availability>
                    <licence target="http://creativecommons.org/licenses/by/4.0/">Licensed under a Creative
                        Commons-Attribution 4.0 licence.
                    </licence>
                </availability>
            </publicationStmt>
            <sourceDesc>
                <msDesc>
                    <msIdentifier>
                        <country>Italy</country>
                        <region>Sicily</region>
                        <settlement>Palermo</settlement>
                        <repository role="museum" ref="http://sicily.classics.ox.ac.uk/museum/064">Museo Archeologico
                            Regionale Antonino Salinas
                        </repository>
                        <idno type="inventory">3513</idno>
                        <!--Adding location for old id numbers if available-->
                        <altIdentifier>
                            <settlement/>
                            <repository/>
                            <idno type="old"/>
                        </altIdentifier>
                    </msIdentifier>
                    <msContents>
                        <textLang mainLang="la">Latin</textLang>
                    </msContents>
                    <physDesc>
                        <objectDesc>
                            <supportDesc>
                                <support>
                                    <material key="limestone" ref="http://www.eagle-network.eu/voc/material/lod/66.html">
                                        limestone
                                    </material>
                                    <objectType key="base" ref="http://www.eagle-network.eu/voc/objtyp/lod/57.html">base
                                    </objectType>
                                    <dimensions><!--Default values and requires editing-->
                                        <height unit="cm"/>
                                        <width unit="cm"/>
                                        <depth unit="cm"/>
                                    </dimensions>
                                </support>
                                <condition/>
		    </supportDesc>
                            <layoutDesc>
                                <layout>
                                    <rs type="execution" ref="http://www.eagle-network.eu/voc/writing/lod/1">Engraved
                                    </rs>
                                </layout>
                            </layoutDesc>
                        </objectDesc>
                        <handDesc>
                            <handNote><!--Default value and requires editing-->
                                <locus from="line1" to="line1">Line 1</locus>
                                <dimensions type="letterHeight">
                                    <height unit="mm"/>
                                </dimensions>
                                <locus from="line1" to="line2">Interlineation line 1 to 2</locus>
                                <dimensions type="interlinear">
                                    <height unit="mm"/>
                                </dimensions>
                            </handNote>
                        </handDesc>
                    </physDesc>
                    <history>
                        <origin>
                            <origPlace>
                                <placeName type="ancient" ref="http://pleiades.stoa.org/places/462410">Panhormus</placeName>		
                                <placeName type="modern" ref="http://sws.geonames.org/2523920">Palermo</placeName>
                            	<geo>38.13205, 13.33561</geo>
		</origPlace>
                            <origDate datingMethod="#julian" notBefore-custom="0150" notAfter-custom="0200">Summer 195 AD</origDate>
                        </origin>
                        <provenance type="found"/>
                        <provenance type="observed" subtype="autopsied">No Autopsy</provenance>
                        <acquisition>Palermo, Museo Archeologico Regionale Antonino Salinas no. 3513</acquisition>
                    </history>
                </msDesc>
            </sourceDesc>
        </fileDesc>
        <profileDesc>
            <calendarDesc>
                <calendar xml:id="julian">
                    <p>Julian Calendar</p>
                </calendar>
            </calendarDesc>
            <langUsage>
                <language ident="en">English</language>
                <language ident="it">Italian</language>
                <language ident="grc">Ancient Greek</language>
                <language ident="la">Latin</language>
                <language ident="he">Hebrew</language>
                <language ident="phn">Phoenician</language>
                <language ident="xpu">Punic</language>
                <language ident="osc">Oscan</language>
                <language ident="xly">Elymian</language>
                <language ident="scx">Sikel</language>
                <language ident="sxc">Sikan</language>
            </langUsage>
            <textClass>
                <keywords scheme="http://www.eagle-network.eu/voc/typeins.html">
                    <term key="honorific" ref="http://www.eagle-network.eu/voc/typeins/lod/69.html">honorific</term>
                </keywords>
            </textClass>
        </profileDesc>
        <revisionDesc status="draft">
            <listChange>
                <change when="2016-12-03" who="#JCu">James Cummings autogenerated EpiDoc output from database</change>
                <change when="2018-03-27" who="#TA">Tuuli Ahlholm revised the Epidoc, added an apparatus and translation</change>
                <change when="2019-01-18" who="#TA">Tuuli Ahlholm corrected the status to draft</change>
            	   <change when="2020-10-05" who="#SS">Simona Stoyanova normalised Unicode</change>
            	   <change when="2020-10-08" who="#SS">Simona Stoyanova updated list of languages</change>
            	<change when="2020-11-20" who="#SS">Simona Stoyanova added EDCS numbers</change>
		<change when="2020-11-26" who="#SS">Simona Stoyanova restructured bibliography</change>
	    <change when="2020-12-17" who="#system">Updated Zenodo DOI</change>
            </listChange>
        </revisionDesc>
    </teiHeader>
    <facsimile>
        <surface/>
        <!--delete empty surface above and uncomment template below if needed-->
        <!--
  <surface type="front">
    <graphic n="screen" url="{concat('ISic', $num, '_tiled.tif')}"
      height="4912px" width="7360px">
      <desc>Add Description Here</desc>
    </graphic>
    <graphic n="print" url="{concat('ISic', $num, '.jpg')}" height="3680px" width="5520px">
      <desc>Add Description Here</desc>
    </graphic>
  </surface>

    -->
    </facsimile>
    <text>
        <body>
            <div type="edition" xml:space="preserve" xml:lang="la">
                <ab>
                    <lb n="1"/>Iuliae <g ref="http://sicily.classics.ox.ac.uk/alists/listglyph.xml#leaf"/> <expan><abbr>Aug</abbr><ex>ustae</ex></expan>
                    <lb n="2"/><expan><abbr>Imp</abbr><ex>eratoris</ex></expan> <g type="interpunct">·</g> <expan><abbr>Caes</abbr><ex>aris</ex></expan> <g type="interpunct">·</g> <expan><abbr>L</abbr><ex>uci</ex></expan> Septi
                    <lb n="3" break="no"/>mi <g type="interpunct">·</g> Severi <g type="interpunct">·</g> Pertina
                    <lb n="4" break="no"/>cis <g type="interpunct">·</g> <expan><abbr>Aug</abbr><ex>usti</ex></expan> <g type="interpunct">·</g> Pii <g type="interpunct">·</g> Parthi
                    <lb n="5" break="no"/>ci <g type="interpunct">·</g> Arabici <g type="interpunct">·</g> et <g type="interpunct">·</g> Par
                    <lb n="6" break="no"/>thici <g type="interpunct">·</g> Adiabeni
                    <lb n="7" break="no"/>ci <g type="interpunct">·</g> <expan><abbr>p</abbr><ex>ontificis</ex></expan> <g type="interpunct">·</g> <expan><abbr>m</abbr><ex>aximi</ex></expan> <g type="interpunct">·</g> <expan><abbr>tr</abbr><ex>ibunicia</ex></expan> <g type="interpunct">·</g> <expan><abbr>pot</abbr><ex>estate</ex></expan> <g type="interpunct">·</g> <num value="3"><hi rend="supraline">III</hi></num>
                    <lb n="8"/><expan><abbr>imp</abbr><ex>eratoris</ex></expan> <g type="interpunct">·</g> <num value="5"><hi rend="supraline">V</hi></num> <g type="interpunct">·</g> <expan><abbr>co</abbr><ex>n</ex><abbr>s</abbr><ex>ulis</ex></expan> <g type="interpunct">·</g> <num value="2"><hi rend="supraline">II</hi></num> <g type="interpunct">·</g> <expan><abbr>p</abbr><ex>atris</ex></expan> <g type="interpunct">·</g> <expan><abbr>p</abbr><ex>atriae</ex></expan>
                    <lb n="9"/>res <g type="interpunct">·</g> <expan><abbr>publ</abbr><ex>ica</ex></expan> <g type="interpunct">·</g> Panhormi
                    <lb break="no" n="10"/>tanorum <g ref="http://sicily.classics.ox.ac.uk/alists/listglyph.xml#palmbranch"/>
                </ab>
            </div>
            <div type="apparatus">
                <listApp>
                    <app>
                        <note>Text of ILMusPalermo</note>
                    </app>
                </listApp>
            </div>
            <div type="translation" xml:lang="en" resp="#TA">
                <p>To Julia Augusta, (wife) of Emperor Caesar Lucius Septimius Severus Pertinax Augustus Pius, victor in Parthia, Arabia and Parthia Adiabene, <hi rend="italic">pontifex maximus</hi>, holding tribunician power for the third time, <hi rend="italic">imperator</hi> for the fifth, consul for the second, Father of Fatherland. (Erected by) the citizens of Panhormus.</p>
            </div>
            <div type="commentary">
                <p><!--commented out pending revision-->
                    <!--Iuliae Aug imp. caes L. Septimi Severi Pertinacis Aug Pii Parthici Arabici et Parthici Adianebici p.m. tr. pot. III imp. V cos. II p.p. res.publ. Panhormitanorum. In honour of Iulia Domna, wife of Septimus Severus. There's a 'folgia d'edera' at line 1, and a 'ramo di palma' at line 10.--></p>
            </div>
            <div type="bibliography">
                <listBibl type="edition">
                    <bibl type="corpus" n="CIL">
                        <citedRange>
                            <ref target="http://arachne.uni-koeln.de/item/buchseite/650788">10.7272</ref>
                        </citedRange>
                        <ptr target="https://www.zotero.org/groups/382445/items/GQN8UZSI"/>
                    </bibl>
                    <bibl type="corpus" n="ILMusPalermo">
                        <citedRange>13</citedRange>
                        <ptr target="https://www.zotero.org/groups/382445/items/FZWWPUD6"/>
                    </bibl>
                    <bibl/>
                </listBibl>
	   <listBibl type="discussion"><bibl/></listBibl>
            </div>
        </body>
    </text>
</TEI>