<?xml version="1.0" encoding="UTF-8"?>
<?xml-model href="http://www.stoa.org/epidoc/schema/latest/tei-epidoc.rng" type="application/xml" schematypens="http://relaxng.org/ns/structure/1.0"?>
<?xml-model href="../schematron/ircyr-checking.sch" schematypens="http://purl.oclc.org/dsdl/schematron"?>                                                
<TEI xmlns="http://www.tei-c.org/ns/1.0" xml:lang="en">
    <teiHeader>
        <fileDesc>
            <titleStmt>
                <title>I.Sicily inscription 0268</title>
                <editor ref="#JP">Jonathan Prag</editor>
                <principal ref="#JP">Jonathan Prag</principal>
                <funder>John Fell OUP Research Fund</funder>
	   <funder><ref target="https://cordis.europa.eu/project/id/885040">ERC Advanced Grant no.885040</ref></funder>
                <respStmt>
                    <name xml:id="JP" ref="http://orcid.org/0000-0003-3819-8537">Jonathan Prag</name>
                    <resp>original data collection and editing</resp>
                </respStmt>
                <respStmt>
                    <name xml:id="JCu" ref="http://orcid.org/0000-0002-6686-3728">James Cummings</name>
                    <resp>conversion to EpiDoc</resp>
                </respStmt>
                <respStmt>
                    <name xml:id="JCh" ref="http://orcid.org/0000-0001-6823-0265">James Chartrand</name>
                    <resp>site construction and encoding</resp>
                </respStmt>
                <respStmt>
                    <name xml:id="VV" ref="http://orcid.org/0000-0002-9695-0240">Valeria Vitale</name>
                    <resp>editing of geo data</resp>
                </respStmt>
                <respStmt>
                    <name xml:id="MM">Michael Metcalfe</name>
                    <resp>museum data collection</resp>
                </respStmt>
                <respStmt>
                    <name xml:id="AA" ref="http://orcid.org/0000-0001-7077-0703">Alex Antoniou</name>
                    <resp>EpiDoc editing and English translation</resp>
                </respStmt>
	    <respStmt>
     	       <name xml:id="SS" ref="https://orcid.org/0000-0003-3914-9569">Simona Stoyanova</name>
     	       <resp>standardisation of template and tidying up encoding</resp>
 	   </respStmt>
	    <respStmt>
                    <name xml:id="system">system</name>
                    <resp>automated or batch processes</resp>
                </respStmt>
            </titleStmt>
            <publicationStmt>
                <authority>I.Sicily</authority>
                <idno type="filename">ISic0268</idno>
                <idno type="TM">284765</idno>
                <idno type="EDR">033605</idno>
                <idno type="EDH"/>
                <idno type="EDCS">21900298</idno>
                <idno type="PHI">313699</idno>
                <idno type="URI">http://sicily.classics.ox.ac.uk/inscription/ISic0268</idno>
                <idno type="DOI" when="2020-12-17">10.5281/zenodo.4334811</idno>
                <availability>
                    <licence target="http://creativecommons.org/licenses/by/4.0/">Licensed under a Creative
                        Commons-Attribution 4.0 licence.
                    </licence>
                </availability>
            </publicationStmt>
            <sourceDesc>
                <msDesc>
                    <msIdentifier>
                        <country>Italy</country>
                        <region>Sicily</region>
                        <settlement>Lost</settlement>
                        <repository><!--Add Repository Here--></repository>
                        <!--No inventory number found-->
                        <!--Adding location for old id numbers if available-->
                        <altIdentifier>
                            <settlement/>
                            <repository/>
                            <idno type="old"/>
                        </altIdentifier>
                    </msIdentifier>
                    <msContents>
                        <textLang mainLang="la">Latin</textLang>
                    </msContents>
                    <physDesc>
                        <objectDesc>
                            <supportDesc>
                                <support>
                                    <material key="marble" ref="http://www.eagle-network.eu/voc/material/lod/48.html">marble
                                    </material>
                                    <objectType/>
                                    <dimensions><!--Default values and requires editing-->
                                        <height unit="cm"/>
                                        <width unit="cm"/>
                                        <depth unit="cm"/>
                                    </dimensions>
                                </support>
                                <condition/>
		    </supportDesc>
                            <layoutDesc>
                                <layout><!--Default value and requires checking-->
                                    <rs type="execution" ref="http://www.eagle-network.eu/voc/writing/lod/1">Engraved
                                    </rs>
                                </layout>
                            </layoutDesc>
                        </objectDesc>
                        <handDesc>
                            <handNote><!--Default value and requires editing-->
                                <locus from="line1" to="line1">Line 1</locus>
                                <dimensions type="letterHeight">
                                    <height unit="mm"/>
                                </dimensions>
                                <locus from="line1" to="line2">Interlineation line 1 to 2</locus>
                                <dimensions type="interlinear">
                                    <height unit="mm"/>
                                </dimensions>
                            </handNote>
                        </handDesc>
                    </physDesc>
                    <history>
                        <origin>
                            <origPlace>
                                <placeName type="ancient" ref="http://pleiades.stoa.org/places/462538">Messana</placeName>		
                                <placeName type="modern" ref="http://sws.geonames.org/2524170">Messina</placeName>
                            	<geo>38.19394, 15.55256</geo>
		</origPlace>
                            <origDate datingMethod="#julian" notBefore-custom="0001" notAfter-custom="0400" cert="low">Imperial</origDate>
                        </origin>
                        <provenance type="found"/>
                        <provenance type="observed" subtype="autopsied">No Autopsy</provenance>
                        <acquisition>Lost,</acquisition>
                    </history>
                </msDesc>
            </sourceDesc>
        </fileDesc>
        <profileDesc>
            <calendarDesc>
                <calendar xml:id="julian">
                    <p>Julian Calendar</p>
                </calendar>
            </calendarDesc>
            <langUsage>
                <language ident="en">English</language>
                <language ident="it">Italian</language>
                <language ident="grc">Ancient Greek</language>
                <language ident="la">Latin</language>
                <language ident="he">Hebrew</language>
                <language ident="phn">Phoenician</language>
                <language ident="xpu">Punic</language>
                <language ident="osc">Oscan</language>
                <language ident="xly">Elymian</language>
                <language ident="scx">Sikel</language>
                <language ident="sxc">Sikan</language>
            </langUsage>
            <textClass>
                <keywords scheme="http://www.eagle-network.eu/voc/typeins.html">
                    <term key="funerary" ref="http://www.eagle-network.eu/voc/typeins/lod/92.html">funerary</term>
                </keywords>
            </textClass>
        </profileDesc>
        <revisionDesc status="draft">
            <listChange>
                <change when="2016-12-03" who="#JCu">James Cummings autogenerated EpiDoc output from database</change>
                <change when="2019-02-08" who="#AA">Alex Antoniou Epidoc editing and English translation</change>
            	   <change when="2020-10-05" who="#SS">Simona Stoyanova normalised Unicode</change>
            	   <change when="2020-10-08" who="#SS">Simona Stoyanova updated list of languages</change>
            	<change when="2020-11-20" who="#SS">Simona Stoyanova added EDCS numbers</change>
		<change when="2020-11-26" who="#SS">Simona Stoyanova restructured bibliography</change>
	    <change when="2020-12-17" who="#system">Updated Zenodo DOI</change>
            </listChange>
        </revisionDesc>
    </teiHeader>
    <facsimile>
        <surface/>
        <!--delete empty surface above and uncomment template below if needed-->
        <!--
  <surface type="front">
    <graphic n="screen" url="{concat('ISic', $num, '_tiled.tif')}"
      height="4912px" width="7360px">
      <desc>Add Description Here</desc>
    </graphic>
    <graphic n="print" url="{concat('ISic', $num, '.jpg')}" height="3680px" width="5520px">
      <desc>Add Description Here</desc>
    </graphic>
  </surface>

    -->
    </facsimile>
    <text>
        <body>
            <div type="edition" xml:space="preserve" xml:lang="la" resp="#AA">
                <ab>
                    <lb n="1"/><expan><abbr>D</abbr><ex>is</ex></expan> · <expan><abbr>M</abbr><ex>anibus</ex></expan>
                    <lb n="2"/><expan><abbr>M</abbr><ex>arcus</ex></expan> · Aemilius
                    <lb n="3"/>Felicianus
                    <lb n="4"/>scriba · <expan><abbr>pub</abbr><ex>licus</ex></expan>
                    <lb n="5"/>fidelissimus
                    <lb n="6"/><expan><abbr>v</abbr><ex>ixit</ex></expan> · <expan><abbr>a</abbr><ex>nnis</ex></expan> · <num value="43">XLIII</num>
                    <lb n="7"/>Nonia Zosima
                    <lb n="8"/>marito · <expan><abbr>b</abbr><ex>ene</ex></expan> · <expan><abbr>m</abbr><ex>erenti</ex></expan>
                </ab>
            </div>
            <div type="apparatus">
                <listApp><app><note>Text based upon Bitto 2001 and CIL</note></app></listApp>
            </div>
            <div type="translation" xml:lang="en" resp="#AA">
                <p>To the shades of the underworld. Marcus Aemilius Felicianus, most trustworthy public scribe, died at 43 years. Nonia Zosima (erected this) for her well deserving husband.</p>
            </div>
            <div type="commentary">
                <p><!--commented out pending revision-->
                    <!--Funerary inscr. of Marcus Aemilius Felicianus, scriba publicus, erected by his wife Nonia Zosima. Originally recorded byGualtherus. Nom. form of deceased is relatively common at Messana (Bitto). Kajanto considered use of nom. in epitaphs more archaic, less well attested at Rome (Bitto). Similar phenomenon at Thermae (Bivona, ILMusTherm 42), with sugg. by Bivona that a consequence of original Roman conquest and then archaic survival, with cf. to Africa (Bitto). This example of scriba publica discussed in Rizzo, La menzione del lavoro nelle epigrafi della Sicilia antica (SEIA 6, 1989), no.40. Perhaps descended from liberti of gens Aemilia. On the wife's name, Bitto comments that this fits comment schema in Sicilia of Latin nomen and Greek cognomen, suggesting libertus of a province with Greek ethnic stratum. Gens Nonia known in Messina (IMusMess xiii), and Lipari (Manganaro, Sicilia epigraphica (1999), 433). Cognomen known at Thermae (Ferrua 1989, 266) and also Messana (IMusMess 18). Cf. Kajanto 1965, 273.--></p>
            </div>
            <div type="bibliography">
                <listBibl type="edition">
                    <bibl type="corpus" n="CIL">
                        <citedRange>
                            <ref target="http://arachne.uni-koeln.de/books/CILv10pII1883">10.6979</ref>
                        </citedRange>
                        <ptr target="https://www.zotero.org/groups/382445/items/GQN8UZSI"/>
                    </bibl>
                    <bibl type="corpus" n="IMusMessina">
                        <citedRange>xvii</citedRange>
                        <ptr target="https://www.zotero.org/groups/382445/items/M9HMEP2R"/>
                    </bibl>
                    <bibl/>
                </listBibl>
	   <listBibl type="discussion"><bibl/></listBibl>
            </div>
        </body>
    </text>
</TEI>