<?xml version="1.0" encoding="UTF-8"?>
<?xml-model href="http://www.stoa.org/epidoc/schema/latest/tei-epidoc.rng" type="application/xml" schematypens="http://relaxng.org/ns/structure/1.0"?>
<?xml-model href="../schematron/ircyr-checking.sch" schematypens="http://purl.oclc.org/dsdl/schematron"?>                                                
<TEI xmlns="http://www.tei-c.org/ns/1.0" xml:lang="en">
    <teiHeader>
        <fileDesc>
            <titleStmt>
                <title>I.Sicily inscription 0266</title>
                <editor ref="#JP">Jonathan Prag</editor>
                <principal ref="#JP">Jonathan Prag</principal>
                <funder>John Fell OUP Research Fund</funder>
	   <funder><ref target="https://cordis.europa.eu/project/id/885040">ERC Advanced Grant no.885040</ref></funder>
                <respStmt>
                    <name xml:id="JP" ref="http://orcid.org/0000-0003-3819-8537">Jonathan Prag</name>
                    <resp>original data collection and editing</resp>
                </respStmt>
                <respStmt>
                    <name xml:id="JCu" ref="http://orcid.org/0000-0002-6686-3728">James Cummings</name>
                    <resp>conversion to EpiDoc</resp>
                </respStmt>
                <respStmt>
                    <name xml:id="JCh" ref="http://orcid.org/0000-0001-6823-0265">James Chartrand</name>
                    <resp>site construction and encoding</resp>
                </respStmt>
                <respStmt>
                    <name xml:id="VV" ref="http://orcid.org/0000-0002-9695-0240">Valeria Vitale</name>
                    <resp>editing of geo data</resp>
                </respStmt>
                <respStmt>
                    <name xml:id="MM">Michael Metcalfe</name>
                    <resp>museum data collection</resp>
                </respStmt>
                <respStmt>
                    <name xml:id="AA" ref="http://orcid.org/0000-0001-7077-0703">Alex Antoniou</name>
                    <resp>EpiDoc editing and English translation</resp>
                </respStmt>
	    <respStmt>
     	       <name xml:id="SS" ref="https://orcid.org/0000-0003-3914-9569">Simona Stoyanova</name>
     	       <resp>standardisation of template and tidying up encoding</resp>
 	   </respStmt>
	    <respStmt>
                    <name xml:id="system">system</name>
                    <resp>automated or batch processes</resp>
                </respStmt>
            </titleStmt>
            <publicationStmt>
                <authority>I.Sicily</authority>
                <idno type="filename">ISic0266</idno>
                <idno type="TM">284758</idno>
                <idno type="EDR">033598</idno>
                <idno type="EDH"/>
                <idno type="EDCS">21900296</idno>
                <idno type="PHI">313664</idno>
                <idno type="URI">http://sicily.classics.ox.ac.uk/inscription/ISic0266</idno>
                <idno type="DOI" when="2020-12-17">10.5281/zenodo.4334801</idno>
                <availability>
                    <licence target="http://creativecommons.org/licenses/by/4.0/">Licensed under a Creative
                        Commons-Attribution 4.0 licence.
                    </licence>
                </availability>
            </publicationStmt>
            <sourceDesc>
                <msDesc>
                    <msIdentifier>
                        <country>Italy</country>
                        <region>Sicily</region>
                        <settlement>Messina</settlement>
                        <repository role="museum" ref="http://sicily.classics.ox.ac.uk/museum/147">Museo regionale interdisciplinare di Messina
                        </repository>
                        <idno type="inventory">A3563</idno>
                        <!--Adding location for old id numbers if available-->
                        <altIdentifier>
                            <settlement>Messina</settlement>
                            <repository>Museo regionale interdisciplinare di Messina</repository>
                            <idno type="old">2502</idno>
                        </altIdentifier>
                    </msIdentifier>
                    <msContents>
                        <textLang mainLang="la">Latin</textLang>
                    </msContents>
                    <physDesc>
                        <objectDesc>
                            <supportDesc>
                                <support>
                                    <material key="marble" ref="http://www.eagle-network.eu/voc/material/lod/48.html">marble
                                    </material>
                                    <objectType key="tabula" ref="http://www.eagle-network.eu/voc/objtyp/lod/257">tabula
                                    </objectType>
                                    <dimensions><!--Default values and requires editing-->
                                        <height unit="cm"/>
                                        <width unit="cm"/>
                                        <depth unit="cm"/>
                                    </dimensions>
                                </support>
                                <condition/>
		    </supportDesc>
                            <layoutDesc>
                                <layout>
                                    <rs type="execution" ref="http://www.eagle-network.eu/voc/writing/lod/1">Engraved
                                    </rs>
                                </layout>
                            </layoutDesc>
                        </objectDesc>
                        <handDesc>
                            <handNote><!--Default value and requires editing-->
                                <locus from="line1" to="line1">Line 1</locus>
                                <dimensions type="letterHeight">
                                    <height unit="mm"/>
                                </dimensions>
                                <locus from="line1" to="line2">Interlineation line 1 to 2</locus>
                                <dimensions type="interlinear">
                                    <height unit="mm"/>
                                </dimensions>
                            </handNote>
                        </handDesc>
                    </physDesc>
                    <history>
                        <origin>
                            <origPlace>
                                <placeName type="ancient" ref="http://pleiades.stoa.org/places/462538">Messana</placeName>		
                                <placeName type="modern" ref="http://sws.geonames.org/2524170">Messina</placeName>
                            	<geo>38.19394, 15.55256</geo>
		</origPlace>
                            <origDate datingMethod="#julian" notBefore-custom="0001" notAfter-custom="0200">C1-2 AD</origDate>
                        </origin>
                        <provenance type="found">Largo di Chiesa di San Giovanni Gerosolimitano Di Malta</provenance>
                        <provenance type="observed" subtype="autopsied">No Autopsy</provenance>
                        <acquisition>Messina, Museo regionale interdisciplinare di Messina no. A3563</acquisition>
                    </history>
                    <additional>
                        <adminInfo>
                            <note type="location"/>
                        </adminInfo>
                    </additional>
                </msDesc>
            </sourceDesc>
        </fileDesc>
        <profileDesc>
            <calendarDesc>
                <calendar xml:id="julian">
                    <p>Julian Calendar</p>
                </calendar>
            </calendarDesc>
            <langUsage>
                <language ident="en">English</language>
                <language ident="it">Italian</language>
                <language ident="grc">Ancient Greek</language>
                <language ident="la">Latin</language>
                <language ident="he">Hebrew</language>
                <language ident="phn">Phoenician</language>
                <language ident="xpu">Punic</language>
                <language ident="osc">Oscan</language>
                <language ident="xly">Elymian</language>
                <language ident="scx">Sikel</language>
                <language ident="sxc">Sikan</language>
            </langUsage>
            <textClass>
                <keywords scheme="http://www.eagle-network.eu/voc/typeins.html">
                    <term key="funerary" ref="http://www.eagle-network.eu/voc/typeins/lod/92.html">funerary</term>
                </keywords>
            </textClass>
        </profileDesc>
        <revisionDesc status="draft">
            <listChange>
                <change when="2016-12-03" who="#JCu">James Cummings autogenerated EpiDoc output from database</change>
                <change when="2019-01-18" who="#AA">Alex Antoniou Epidoc editing and English translation</change>
                <change when="2019-02-01" who="#JP">Jonathan Prag checked the file</change>
            	   <change when="2020-10-05" who="#SS">Simona Stoyanova normalised Unicode</change>
            	   <change when="2020-10-08" who="#SS">Simona Stoyanova updated list of languages</change>
            	<change when="2020-11-20" who="#SS">Simona Stoyanova added EDCS numbers</change>
		<change when="2020-11-26" who="#SS">Simona Stoyanova restructured bibliography</change>
	    <change when="2020-12-17" who="#system">Updated Zenodo DOI</change>
            </listChange>
        </revisionDesc>
    </teiHeader>
    <facsimile>
        <surface/>
        <!--delete empty surface above and uncomment template below if needed-->
        <!--
  <surface type="front">
    <graphic n="screen" url="{concat('ISic', $num, '_tiled.tif')}"
      height="4912px" width="7360px">
      <desc>Add Description Here</desc>
    </graphic>
    <graphic n="print" url="{concat('ISic', $num, '.jpg')}" height="3680px" width="5520px">
      <desc>Add Description Here</desc>
    </graphic>
  </surface>
    -->
    </facsimile>
    <text>
        <body>
            <div type="edition" xml:space="preserve" xml:lang="la" resp="#AA">
                <ab>
                    <lb n="1"/>Dis · Man<supplied reason="undefined" evidence="previouseditor">ibus</supplied>
                    <lb n="2"/>Epitynch<supplied reason="undefined" evidence="previouseditor">ani</supplied> · <expan><abbr><supplied reason="undefined" evidence="previouseditor">Caes</supplied></abbr><ex>aris</ex></expan>
                    <lb n="3"/><expan><abbr>n</abbr><ex>ostri</ex></expan> <g ref="http://sicily.classics.ox.ac.uk/alists/listglyph.xml#leaf"/> <expan><abbr>ser</abbr><ex>vi</ex></expan> <g ref="http://sicily.classics.ox.ac.uk/alists/listglyph.xml#leaf"/> <expan><abbr>Cand<supplied reason="undefined" evidence="previouseditor">idian</supplied></abbr><ex>i</ex></expan>
                    <lb n="4"/>qui exiebat · i<supplied reason="undefined" evidence="previouseditor">n</supplied> <supplied reason="undefined" evidence="previouseditor">officio</supplied>
                    <lb n="5"/>Asiae ·<expan><abbr>ark</abbr><ex>arii</ex></expan> <g ref="http://sicily.classics.ox.ac.uk/alists/listglyph.xml#leaf"/> <hi rend="supraline">XX</hi> <supplied reason="undefined" evidence="previouseditor">·</supplied> <expan><abbr><supplied reason="undefined" evidence="previouseditor">hered</supplied></abbr><ex>itatium</ex></expan>
                </ab>
                <!--The initial basis for the text came from EDR text 033598, via the Europeana EAGLE project, http://www.eagle-network.eu/-->
            </div>
           <div type="apparatus">
               <listApp><app><note>Text based upon Bitto 2001 and photograph</note></app></listApp>
            </div>
            <div type="translation" xml:lang="en" resp="#AA">
                <p>To the shades of the underworld, Epitynchanus Candidianus, slave of our Caesar, died en route to Asia to take up office of treasurer of the 5% inheritance tax.</p>
            </div>
            <div type="commentary">
                <p><!--commented out pending revision-->
                    <!--right side is lost. Epitynchanus Candidianus, servus of the familia caesaris, died en route to Asia to take up the officuium arkarii XX hereditatium. Stone has been damaged in the last century (loss of right margin) but the complete text preserved in CIL. Precise context not recorded, but dug up from area of Roman necropolis.-->
                </p>
            </div>
            <div type="bibliography">
                <listBibl type="edition">
                    <bibl type="corpus" n="CIL">
                        <citedRange>
                            <ref target="http://arachne.uni-koeln.de/books/CILv10pII1883">10.6977</ref>
                        </citedRange>
                        <ptr target="https://www.zotero.org/groups/382445/items/GQN8UZSI"/>
                    </bibl>
                    <bibl type="corpus" n="IMusMessina">
                        <citedRange>32</citedRange>
                        <ptr target="https://www.zotero.org/groups/382445/items/M9HMEP2R"/>
                    </bibl>
                    <bibl type="corpus" n="ILS">
                        <citedRange>1558</citedRange>
                        <ptr target="https://www.zotero.org/groups/382445/items/XHMS9K6S"/>
                    </bibl>
                </listBibl>
	   <listBibl type="discussion"><bibl/></listBibl>
            </div>
        </body>
    </text>
</TEI>