<?xml version="1.0" encoding="UTF-8"?>
<?xml-model href="http://www.stoa.org/epidoc/schema/latest/tei-epidoc.rng" type="application/xml" schematypens="http://relaxng.org/ns/structure/1.0"?>
<?xml-model href="../schematron/ircyr-checking.sch" schematypens="http://purl.oclc.org/dsdl/schematron"?>                                                
<TEI xmlns="http://www.tei-c.org/ns/1.0" xml:lang="en">
    <teiHeader>
        <fileDesc>
            <titleStmt>
                <title>I.Sicily inscription 0409</title>
                <editor ref="#JP">Jonathan Prag</editor>
                <principal ref="#JP">Jonathan Prag</principal>
                <funder>John Fell OUP Research Fund</funder>
	   <funder><ref target="https://cordis.europa.eu/project/id/885040">ERC Advanced Grant no.885040</ref></funder>
                <respStmt>
                    <name xml:id="JP" ref="http://orcid.org/0000-0003-3819-8537">Jonathan Prag</name>
                    <resp>original data collection and editing</resp>
                </respStmt>
                <respStmt>
                    <name xml:id="JCu" ref="http://orcid.org/0000-0002-6686-3728">James Cummings</name>
                    <resp>conversion to EpiDoc</resp>
                </respStmt>
                <respStmt>
                    <name xml:id="JCh" ref="http://orcid.org/0000-0001-6823-0265">James Chartrand</name>
                    <resp>site construction and encoding</resp>
                </respStmt>
                <respStmt>
                    <name xml:id="VV" ref="http://orcid.org/0000-0002-9695-0240">Valeria Vitale</name>
                    <resp>editing of geo data</resp>
                </respStmt>
                <respStmt>
                    <name xml:id="MM">Michael Metcalfe</name>
                    <resp>museum data collection</resp>
                </respStmt>
	    <respStmt>
     	       <name xml:id="SS" ref="https://orcid.org/0000-0003-3914-9569">Simona Stoyanova</name>
     	       <resp>standardisation of template and tidying up encoding</resp>
 	   </respStmt>
	    <respStmt>
                    <name xml:id="system">system</name>
                    <resp>automated or batch processes</resp>
                </respStmt>
            </titleStmt>
            <publicationStmt>
                <authority>I.Sicily</authority>
                <idno type="filename">ISic0409</idno>
                <idno type="TM">491620</idno>
                <idno type="EDR"/>
                <idno type="EDH"/>
                <idno type="EDCS">21900451</idno>
                <idno type="PHI"/>
                <idno type="URI">http://sicily.classics.ox.ac.uk/inscription/ISic0409</idno>
                <idno type="DOI" when="2020-12-17">10.5281/zenodo.4335566</idno>
                <availability>
                    <licence target="http://creativecommons.org/licenses/by/4.0/">Licensed under a Creative
                        Commons-Attribution 4.0 licence.
                    </licence>
                </availability>
            </publicationStmt>
            <sourceDesc>
                <msDesc>
                    <msIdentifier>
                        <country>Italy</country>
                        <region>Sicily</region>
                        <settlement>Siracusa</settlement>
                        <repository role="museum" ref="http://sicily.classics.ox.ac.uk/museum/097">Museo Archeologico Regionale Paolo Orsi
                        </repository>
                        <idno type="inventory">238</idno>
                        <!--Adding location for old id numbers if available-->
                        <altIdentifier>
                            <settlement/>
                            <repository/>
                            <idno type="old"/>
                        </altIdentifier>
                    </msIdentifier>
                    <msContents>
                        <textLang mainLang="la">Latin</textLang>
                    </msContents>
                    <physDesc>
                        <objectDesc>
                            <supportDesc>
                                <support>
                                    <material key="marble" ref="http://www.eagle-network.eu/voc/material/lod/48.html">
                                        marble
                                    </material>
                                    <objectType key="tabula" ref="http://www.eagle-network.eu/voc/objtyp/lod/257">tabula
                                    </objectType>
                                    <dimensions><!--Default values and requires editing-->
                                        <height unit="cm"/>
                                        <width unit="cm"/>
                                        <depth unit="cm"/>
                                    </dimensions>
                                </support>
                                <condition/>
		    </supportDesc>
                            <layoutDesc>
                                <layout>
                                    <rs type="execution" ref="http://www.eagle-network.eu/voc/writing/lod/1">Engraved
                                    </rs>
                                </layout>
                            </layoutDesc>
                        </objectDesc>
                        <handDesc>
                            <handNote><!--Default value and requires editing-->
                                <locus from="line1" to="line1">Line 1</locus>
                                <dimensions type="letterHeight">
                                    <height unit="mm"/>
                                </dimensions>
                                <locus from="line1" to="line2">Interlineation line 1 to 2</locus>
                                <dimensions type="interlinear">
                                    <height unit="mm"/>
                                </dimensions>
                            </handNote>
                        </handDesc>
                    </physDesc>
                    <history>
                        <origin>
                            <origPlace>
                                <placeName type="ancient" ref="http://pleiades.stoa.org/places/462503">Syracusae</placeName>		
                                <placeName type="modern" ref="http://sws.geonames.org/2523083">Siracusa</placeName>
                            	<geo>37.08415, 15.27628</geo>
		</origPlace>
                            <origDate datingMethod="#julian" notBefore-custom="0001" notAfter-custom="0050">Pre-claudian, due to
                                ligatures and reduction of O
                            </origDate>
                        </origin>
                        <provenance type="found">museum inventory states 'prov. incerta'</provenance>
                        <provenance type="observed" subtype="autopsied">No Autopsy</provenance>
                        <acquisition>Siracusa, Museo Archeologico Regionale Paolo Orsi no. 238</acquisition>
                    </history>
                    <additional>
                        <adminInfo>
                            <note type="location">Depositi, Mag B</note>
                        </adminInfo>
                    </additional>
                </msDesc>
            </sourceDesc>
        </fileDesc>
        <profileDesc>
            <calendarDesc>
                <calendar xml:id="julian">
                    <p>Julian Calendar</p>
                </calendar>
            </calendarDesc>
            <langUsage>
                <language ident="en">English</language>
                <language ident="it">Italian</language>
                <language ident="grc">Ancient Greek</language>
                <language ident="la">Latin</language>
                <language ident="he">Hebrew</language>
                <language ident="phn">Phoenician</language>
                <language ident="xpu">Punic</language>
                <language ident="osc">Oscan</language>
                <language ident="xly">Elymian</language>
                <language ident="scx">Sikel</language>
                <language ident="sxc">Sikan</language>
            </langUsage>
            <textClass>
                <keywords scheme="http://www.eagle-network.eu/voc/typeins.html">
                    <term key="funerary" ref="http://www.eagle-network.eu/voc/typeins/lod/92.html">funerary</term>
                </keywords>
            </textClass>
        </profileDesc>
        <revisionDesc status="draft">
            <listChange>
                <change when="2016-12-03" who="#JCu">James Cummings autogenerated EpiDoc output from database</change>
                <change when="2018-01-20" who="#JP">Jonathan Prag checked the file and encoded the text divisions</change>
            	   <change when="2020-10-05" who="#SS">Simona Stoyanova normalised Unicode</change>
            	   <change when="2020-10-08" who="#SS">Simona Stoyanova updated list of languages</change>
            	<change when="2020-11-20" who="#SS">Simona Stoyanova added EDCS numbers</change>
		<change when="2020-11-26" who="#SS">Simona Stoyanova restructured bibliography</change>
	    <change when="2020-12-17" who="#system">Updated Zenodo DOI</change>
            </listChange>
        </revisionDesc>
    </teiHeader>
    <facsimile>
        <surface type="front">
            <graphic n="screen" url="ISic0409_tiled.tif" height="1178px" width="1454px">
                <desc>Museum archive photograph</desc>
            </graphic>
            <graphic n="print" url="ISic0409.jpg" height="1178px" width="1454px">
                <desc>Museum archive photograph</desc>
            </graphic>
        </surface>
    </facsimile>
    <text>
        <body>
            <div type="edition" xml:space="preserve" xml:lang="la" resp="#JP">
                <ab>
                    <lb n="1"/>Dis · <expan><abbr>Ma<hi rend="ligature">ni</hi>b</abbr><ex>us</ex></expan> ·
                    <lb n="2"/><expan><abbr>C</abbr><ex>aius</ex></expan> · Iul<hi rend="ligature">iu</hi>s · P<hi rend="ligature">ri</hi><hi rend="ligature">mi</hi><hi rend="superscript">o</hi>
                    <lb n="3"/>Isidis · <expan><abbr>scop<hi rend="ligature">ar</hi></abbr><ex>ius</ex></expan>
                    <lb n="4"/><expan><abbr>vix</abbr><ex>it</ex></expan> · <expan><abbr>ann</abbr><ex>os</ex></expan> · LXXX
                    <lb n="5"/>pie · salve
                </ab>
            </div>
            <div type="apparatus">
                <listApp><app><note>Text transcribed from photograph</note></app></listApp>
            </div>
            <div type="translation">
                <p><!--translation(s) - add @xml:lang for 'en' or 'it' to div--></p>
            </div>
            <div type="commentary">
                <p><!--commented out pending revision-->
                    <!--Dis Manibus. Caius Iulius Primio, Isidis scoparius, vixit annis LXXX. Pie, salve. Manganaro 1989 clear on dating of this one, in passing; cf. 1989 no.62 for egyptian cult; in general context of such in the 1961 article, where it appears in a footnote with measurements, text and a photo. 22cm high, 27.5 cm wide, 5 cm thick. letters c.2.5/1.4 cm high. Manganaro 1961 reference however contains a misprint, appearing as CIL X.2.71229. Incidentally, so does the OLD, s.v. 'scoparius', which cites this inscr. as CIL10.7.29. Not yet located in the museum [Feb 2014]--></p>
            </div>
            <div type="bibliography">
                <listBibl type="edition">
                    <bibl type="corpus" n="CIL">
                        <citedRange>
                            <ref target="http://arachne.uni-koeln.de/books/CILv10pII1883">10.7129</ref>
                        </citedRange>
                        <ptr target="https://www.zotero.org/groups/382445/items/GQN8UZSI"/>
                    </bibl>
                    <bibl type="corpus" n="ILS">
                        <citedRange>4416</citedRange>
                        <ptr target="https://www.zotero.org/groups/382445/items/XHMS9K6S"/>
                    </bibl>
                    <bibl>
                        <author>Manganaro</author>
                        <date>1961</date>
                        <citedRange>176 no.8 ph</citedRange>
                        <ptr target="https://www.zotero.org/groups/382445/items/HXK7DASC"/>
                    </bibl>
                    <bibl>
                        <author>Manganaro</author>
                        <date>1989</date>
                        <citedRange>182 no.62</citedRange>
                        <ptr target="https://www.zotero.org/groups/382445/items/EZMBJ6GN"/>
                    </bibl>
                </listBibl>
	   <listBibl type="discussion"><bibl/></listBibl>
            </div>
        </body>
    </text>
</TEI>