<?xml version="1.0" encoding="UTF-8"?>
<?xml-model href="http://www.stoa.org/epidoc/schema/latest/tei-epidoc.rng" type="application/xml" schematypens="http://relaxng.org/ns/structure/1.0"?>
<?xml-model href="../schematron/ircyr-checking.sch" schematypens="http://purl.oclc.org/dsdl/schematron"?>                                                
<TEI xmlns="http://www.tei-c.org/ns/1.0" xml:lang="en">
    <teiHeader>
        <fileDesc>
            <titleStmt>
                <title>Funerary inscription for Vipsanius Atticus</title>
                <editor ref="#JP">Jonathan Prag</editor>
                <principal ref="#JP">Jonathan Prag</principal>
                <funder>John Fell OUP Research Fund</funder>
	   <funder><ref target="https://cordis.europa.eu/project/id/885040">ERC Advanced Grant no.885040</ref></funder>
                <respStmt>
                    <name xml:id="JP" ref="http://orcid.org/0000-0003-3819-8537">Jonathan Prag</name>
                    <resp>original data collection and editing</resp>
                </respStmt>
                <respStmt>
                    <name xml:id="JCu" ref="http://orcid.org/0000-0002-6686-3728">James Cummings</name>
                    <resp>conversion to EpiDoc</resp>
                </respStmt>
                <respStmt>
                    <name xml:id="JCh" ref="http://orcid.org/0000-0001-6823-0265">James Chartrand</name>
                    <resp>site construction and encoding</resp>
                </respStmt>
                <respStmt>
                    <name xml:id="VV" ref="http://orcid.org/0000-0002-9695-0240">Valeria Vitale</name>
                    <resp>editing of geo data</resp>
                </respStmt>
                <respStmt>
                    <name xml:id="MM">Michael Metcalfe</name>
                    <resp>museum data collection</resp>
                </respStmt>
                <respStmt>
                    <name xml:id="SA">Serena Agodi</name>
                    <resp>Italian translation</resp>
                </respStmt>
	    <respStmt>
     	       <name xml:id="SS" ref="https://orcid.org/0000-0003-3914-9569">Simona Stoyanova</name>
     	       <resp>standardisation of template and tidying up encoding</resp>
 	   </respStmt>
	    <respStmt>
                    <name xml:id="system">system</name>
                    <resp>automated or batch processes</resp>
                </respStmt>
            </titleStmt>
            <publicationStmt>
                <authority>I.Sicily</authority>
                <idno type="filename">ISic0383</idno>
                <idno type="TM">491594</idno>
                <idno type="EDR">138809</idno>
                <idno type="EDH"/>
                <idno type="EDCS">21900423</idno>
                <idno type="PHI"/>
                <idno type="URI">http://sicily.classics.ox.ac.uk/inscription/ISic0383</idno>
                <idno type="DOI" when="2020-12-17">10.5281/zenodo.4335500</idno>
                <availability>
                    <licence target="http://creativecommons.org/licenses/by/4.0/">Licensed under a Creative
                        Commons-Attribution 4.0 licence.
                    </licence>
                </availability>
            </publicationStmt>
            <sourceDesc>
                <msDesc>
                    <msIdentifier>
                        <country>Italy</country>
                        <region>Sicily</region>
                        <settlement>Catania</settlement>
                        <repository role="museum" ref="http://sicily.classics.ox.ac.uk/museum/018">Museo Civico di Catania</repository>
                        <idno type="inventory">350</idno>
                        <altIdentifier>
                            <settlement/>
                            <repository/>
                            <idno type="old"/>
                        </altIdentifier>
                    </msIdentifier>
                    <msContents>
                        <textLang mainLang="la">Latin</textLang>
                    </msContents>
                    <physDesc>
                        <objectDesc>
                            <supportDesc>
                                <support>
                                    <material key="marble" ref="http://www.eagle-network.eu/voc/material/lod/48.html">marble</material>
                                    <objectType key="tabula" ref="http://www.eagle-network.eu/voc/objtyp/lod/257">tablet</objectType>
                                    <dimensions>
                                        <height unit="cm">30</height>
                                        <width unit="cm">29</width>
                                        <depth unit="cm">4</depth>
                                    </dimensions>
                                </support>
                                <condition/>
		    </supportDesc>
                            <layoutDesc>
                                <layout>
                                    <rs type="execution" ref="http://www.eagle-network.eu/voc/writing/lod/1">Engraved</rs>
                              </layout>
                            </layoutDesc>
                        </objectDesc>
                        <handDesc>
                            <handNote><p>The letters are written in a fluid cursive style which recalls painted letters (good examples at Pompeii).</p>                                
                                <locus from="line1" to="line1">Line 1</locus>
                                <dimensions type="letterHeight">
                                    <height unit="mm">35-40</height>
                                </dimensions>
                                <locus from="line1" to="line2">Interlineation line 1 to 2</locus>
                                <dimensions type="interlinear">
                                    <height unit="mm">not measured</height>
                                </dimensions>
                            </handNote>
                        </handDesc>
                    </physDesc>
                    <history>
                        <origin>
                            <origPlace>
                                <placeName type="ancient" ref="http://pleiades.stoa.org/places/462270">Catina</placeName>		
                                <placeName type="modern" ref="http://sws.geonames.org/2525068">Catania</placeName>
                            	<geo>37.49223, 15.07041</geo>
		</origPlace>
                            <origDate datingMethod="#julian" notBefore-custom="0050" notAfter-custom="0150">Later first or earlier second century AD</origDate>
                        </origin>
                        <provenance type="found">Found in 1849 during excavation of the foundations of the Hospital of S.Marco (Palazzo Tezzano)<geo>37.507691,15.0849354</geo>, on the north side of Piazza Stesicoro</provenance>
                        <provenance type="observed" subtype="autopsied">Autopsy</provenance>
                        <acquisition>Catania, Museo Civico di Catania no. 350</acquisition>
                    </history>
                    <additional>
                        <adminInfo>
                            <note type="location">Display, Voci di pietra no.23</note>
                        </adminInfo>
                    </additional>
                </msDesc>
            </sourceDesc>
        </fileDesc>
        <profileDesc>
            <calendarDesc>
                <calendar xml:id="julian">
                    <p>Julian Calendar</p>
                </calendar>
            </calendarDesc>
            <langUsage>
                <language ident="en">English</language>
                <language ident="it">Italian</language>
                <language ident="grc">Ancient Greek</language>
                <language ident="la">Latin</language>
                <language ident="he">Hebrew</language>
                <language ident="phn">Phoenician</language>
                <language ident="xpu">Punic</language>
                <language ident="osc">Oscan</language>
                <language ident="xly">Elymian</language>
                <language ident="scx">Sikel</language>
                <language ident="sxc">Sikan</language>
            </langUsage>
            <textClass>
                <keywords scheme="http://www.eagle-network.eu/voc/typeins.html">
                    <term key="funerary" ref="http://www.eagle-network.eu/voc/typeins/lod/92.html">funerary</term>
                </keywords>
            </textClass>
        </profileDesc>
        <revisionDesc status="draft">
            <listChange>
                <change when="2016-12-03" who="#JCu">James Cummings autogenerated EpiDoc output from database</change>
                <change when="2017-06-11" who="#JP">Jonathan Prag made initial revision of the EpiDoc, edited text, added translation</change>
                <change when="2017-07-06" who="#JP">Jonathan Prag added elements for parallel Italian</change>
                <change when="2020-09-11" who="#JP">Jonathan Prag made minor revisions, added provenance geo</change>
            	   <change when="2020-10-05" who="#SS">Simona Stoyanova normalised Unicode</change>
            	   <change when="2020-10-08" who="#SS">Simona Stoyanova updated list of languages</change>
            	<change when="2020-11-20" who="#SS">Simona Stoyanova added EDCS numbers</change>
		<change when="2020-11-26" who="#SS">Simona Stoyanova restructured bibliography</change>
	    <change when="2020-12-17" who="#system">Updated Zenodo DOI</change>
            </listChange>
        </revisionDesc>
    </teiHeader>
    <facsimile>
        <surface/>
        <!--delete empty surface above and uncomment template below if needed
  <surface type="front">
    <graphic n="screen" url="ISic0383.jpg">
      <desc>Add Description Here</desc>
    </graphic>
    <graphic n="print" url="{concat('ISic', $num, '.jpg')}" height="3680px" width="5520px">
      <desc>Photograph of front face by Liceo M.M. Lazzaro</desc>
    </graphic>
  </surface>
  -->
    </facsimile>
    <text>
        <body>
            <div type="edition" xml:space="preserve" xml:lang="la" resp="#JP">
                <ab>
                    <lb n="1"/><expan><abbr>D</abbr><ex>is</ex></expan> · <expan><abbr>M</abbr><ex>anibus</ex></expan> · <expan><abbr>s</abbr><ex>acrum</ex></expan>
                    <lb n="2"/><persName><name>Vipsanius</name> ·
                    <lb n="3"/><name>Atticus</name></persName> ·
                    <lb n="4"/>vivos · sib<hi rend="tall">i</hi> ·
                    <lb n="5"/>et · suis
                </ab>
            </div>
            <div type="apparatus">
                <listApp><app><note>Text frmo autopsy</note></app></listApp>
            </div>
            <div type="translation" xml:lang="en" resp="#JP">
                <p>Sacred to the spirits of the underworld. Vispanius Atticus (set this up) while living for himself and
                    his family</p>
            </div>
            <div type="translation" xml:lang="it" resp="#SA">
                <p>Consacrato agli Dei Mani. Vispanius Atticus (lo costruì) mentre era in vita per se stesso e la sua
                    famiglia</p>
            </div>
            <div type="commentary" xml:lang="en" resp="#JP">
                <p><!--commented out pending revision-->
                    <!--DMS header; Vipsanius Atticus vivos sibi et suis. K observes that this prob. one of the liberti of M. Agrippa or his descendants (A had Sicilian property); f. IMusCat 148, 149 and IG 14.495 for others (?also IMusCat 146). Manganaro cp's this to his no. 37 in the Epig. article cited and also to CIL 10.7097 = ILLPa 3.-->
                    The formula vivus sibi et suis is common, reflecting the fact that Vipsanius set up a family
                    funerary monument. The name Vipsanius is common in Catania, and it is likely that these are
                    descendants of freedmen of Marcus Vipsanius Agrippa, the right-hand man of Octavian, who gained
                    property in Sicily after his victory over Sextus Pompeius in 36 BC. The form vivos, instead of the
                    normal vivus, is more common in earlier Latin.</p>
            </div>
            <div type="bibliography">
                <listBibl type="edition">
                    <bibl type="corpus" n="CIL">
                        <citedRange>
                            <ref target="http://arachne.uni-koeln.de/books/CILv10pII1883">10.7101</ref>
                        </citedRange>
                        <ptr target="https://www.zotero.org/groups/382445/items/GQN8UZSI"/>
                    </bibl>
                    <bibl type="corpus" n="IMusCatania">
                        <citedRange>145</citedRange>
                        <ptr target="https://www.zotero.org/groups/382445/items/2EUC82DH"/>
                    </bibl>
                    <bibl>
                        <author>Manganaro</author>
                        <date>1988</date>
                        <citedRange>50 and tav.19.29</citedRange>
                        <ptr target="https://www.zotero.org/groups/382445/items/RZSFKACR"/>
                    </bibl>
                    <bibl>
                        <author>Manganaro</author>
                        <date>1989</date>
                        <citedRange>171 no.37 fig.40</citedRange>
                        <ptr target="https://www.zotero.org/groups/382445/items/EZMBJ6GN"/>
                    </bibl>
                </listBibl>
	   <listBibl type="discussion"><bibl/></listBibl>
            </div>
        </body>
    </text>
</TEI>