<?xml version="1.0" encoding="UTF-8"?>
<?xml-model href="http://www.stoa.org/epidoc/schema/latest/tei-epidoc.rng" type="application/xml" schematypens="http://relaxng.org/ns/structure/1.0"?>
<?xml-model href="../schematron/ircyr-checking.sch" schematypens="http://purl.oclc.org/dsdl/schematron"?>                                                
<TEI xmlns="http://www.tei-c.org/ns/1.0" xml:lang="en">
    <teiHeader>
        <fileDesc>
            <titleStmt>
                <title>Honours for Caius Maesius</title>
                <editor ref="#JP">Jonathan Prag</editor>
                <principal ref="#JP">Jonathan Prag</principal>
                <funder>John Fell OUP Research Fund</funder>
	   <funder><ref target="https://cordis.europa.eu/project/id/885040">ERC Advanced Grant no.885040</ref></funder>
                <respStmt>
                    <name xml:id="JP" ref="http://orcid.org/0000-0003-3819-8537">Jonathan Prag</name>
                    <resp>original data collection and editing</resp>
                </respStmt>
                <respStmt>
                    <name xml:id="JCu" ref="http://orcid.org/0000-0002-6686-3728">James Cummings</name>
                    <resp>conversion to EpiDoc</resp>
                </respStmt>
                <respStmt>
                    <name xml:id="JCh" ref="http://orcid.org/0000-0001-6823-0265">James Chartrand</name>
                    <resp>site construction and encoding</resp>
                </respStmt>
                <respStmt>
                    <name xml:id="VV" ref="http://orcid.org/0000-0002-9695-0240">Valeria Vitale</name>
                    <resp>editing of geo data</resp>
                </respStmt>
                <respStmt>
                    <name xml:id="MM">Michael Metcalfe</name>
                    <resp>museum data collection</resp>
                </respStmt>
                <respStmt>
                    <name xml:id="TA" ref="https://orcid.org/0000-0001-8417-7089">Tuuli Ahlholm</name>
                    <resp>EpiDoc editing</resp>
                </respStmt>
	    <respStmt>
     	       <name xml:id="SS" ref="https://orcid.org/0000-0003-3914-9569">Simona Stoyanova</name>
     	       <resp>standardisation of template and tidying up encoding</resp>
 	   </respStmt>
	    <respStmt>
                    <name xml:id="system">system</name>
                    <resp>automated or batch processes</resp>
                </respStmt>
            </titleStmt>
            <publicationStmt>
                <authority>I.Sicily</authority>
                <idno type="filename">ISic0092</idno>
                <idno type="TM">285283</idno>
                <idno type="EDR">127504</idno>
                <idno type="EDH"/>
                <idno type="EDCS">22100046</idno>
                <idno type="PHI"/>
                <idno type="URI">http://sicily.classics.ox.ac.uk/inscription/ISic0092</idno>
                <idno type="DOI" when="2020-12-17">10.5281/zenodo.4334099</idno>
                <availability>
                    <licence target="http://creativecommons.org/licenses/by/4.0/">Licensed under a Creative
                        Commons-Attribution 4.0 licence.
                    </licence>
                </availability>
            </publicationStmt>
            <sourceDesc>
                <msDesc>
                    <msIdentifier>
                        <country>Italy</country>
                        <region>Sicily</region>
                        <settlement>Termini Imerese</settlement>
                        <repository role="museum" ref="http://sicily.classics.ox.ac.uk/museum/066">Museo Civico Baldassare Romano
                        </repository>
                        <idno type="inventory">116</idno>
                        <!--Adding location for old id numbers if available-->
                        <altIdentifier>
                            <settlement/>
                            <repository/>
                            <idno type="old"/>
                        </altIdentifier>
                    </msIdentifier>
                    <msContents>
                        <textLang mainLang="la">Latin</textLang>
                    </msContents>
                    <physDesc>
                        <objectDesc>
                            <supportDesc>
                                <support>
                                    <material key="limestone" ref="http://www.eagle-network.eu/voc/material/lod/66.html">limestone
                                    </material>
                                    <objectType key="tabula" ref="http://www.eagle-network.eu/voc/objtyp/lod/257">tabula</objectType>
                                    <dimensions><!--Default values and requires editing-->
                                        <height unit="cm"/>
                                        <width unit="cm"/>
                                        <depth unit="cm"/>
                                    </dimensions>
                                </support>
                                <condition/>
		    </supportDesc>
                            <layoutDesc>
                                <layout>
                                    <rs type="execution" ref="http://www.eagle-network.eu/voc/writing/lod/1">Engraved
                                    </rs>
                                </layout>
                            </layoutDesc>
                        </objectDesc>
                        <handDesc>
                            <handNote><!--Default value and requires editing-->
                                <locus from="line1" to="line1">Line 1</locus>
                                <dimensions type="letterHeight">
                                    <height unit="mm"/>
                                </dimensions>
                                <locus from="line1" to="line2">Interlineation line 1 to 2</locus>
                                <dimensions type="interlinear">
                                    <height unit="mm"/>
                                </dimensions>
                            </handNote>
                        </handDesc>
                    </physDesc>
                    <history>
                        <origin>
                            <origPlace>
                                <placeName type="ancient" ref="http://pleiades.stoa.org/places/462513">Thermae Himeraeae</placeName>		
                                <placeName type="modern" ref="http://sws.geonames.org/6539140">Termini Imerese</placeName>
                            	<geo>37.98365, 13.69555</geo>
		</origPlace>
                            <origDate datingMethod="#julian" notBefore-custom="0200" notAfter-custom="0400">C3 AD or C4 AD (depending on
                                which cos. one thinks it is: 245, 337, 398; ILLTI favours 245 I think).
                            </origDate>
                        </origin>
                        <provenance type="found"/>
                        <provenance type="observed" subtype="autopsied" when="2018-07-10" resp="#JP">2018-07-10 (Prag)</provenance>
                        <acquisition>Termini Imerese, Museo Civico Baldassare Romano no. 116</acquisition>
                    </history>
                </msDesc>
            </sourceDesc>
        </fileDesc>
        <profileDesc>
            <calendarDesc>
                <calendar xml:id="julian">
                    <p>Julian Calendar</p>
                </calendar>
            </calendarDesc>
            <langUsage>
                <language ident="en">English</language>
                <language ident="it">Italian</language>
                <language ident="grc">Ancient Greek</language>
                <language ident="la">Latin</language>
                <language ident="he">Hebrew</language>
                <language ident="phn">Phoenician</language>
                <language ident="xpu">Punic</language>
                <language ident="osc">Oscan</language>
                <language ident="xly">Elymian</language>
                <language ident="scx">Sikel</language>
                <language ident="sxc">Sikan</language>
            </langUsage>
            <textClass>
                <keywords scheme="http://www.eagle-network.eu/voc/typeins.html">
                    <term key="honorific" ref="http://www.eagle-network.eu/voc/typeins/lod/69.html">honorific</term>
                </keywords>
            </textClass>
        </profileDesc>
        <revisionDesc status="draft">
            <listChange>
                <change when="2016-12-03" who="#JCu">James Cummings autogenerated EpiDoc output from database</change>
                <change when="2018-05-18" who="#TA">Tuuli Ahlholm cleaned up the autogenerated text and added an apparatus and translation</change>
                <change when="2019-02-12" who="#JP">Jonathan Prag added image and bibl</change>
            	   <change when="2020-10-05" who="#SS">Simona Stoyanova normalised Unicode</change>
            	   <change when="2020-10-08" who="#SS">Simona Stoyanova updated list of languages</change>
            	<change when="2020-11-20" who="#SS">Simona Stoyanova added EDCS numbers</change>
		<change when="2020-11-26" who="#SS">Simona Stoyanova restructured bibliography</change>
	    <change when="2020-12-17" who="#system">Updated Zenodo DOI</change>
            </listChange>
        </revisionDesc>
    </teiHeader>
    <facsimile>
        <surface type="front">
            <graphic n="screen" url="ISic0092_tiled.tif" height="3680px" width="5520px">
                <desc>Photo J. Prag, courtesy Museo Civico Baldassare Romano</desc>
             </graphic>
              <graphic n="print" url="ISic0092.jpg" height="3680px" width="5520px">
                  <desc>Photo J. Prag, courtesy Museo Civico Baldassare Romano</desc>
    </graphic>
  </surface>
    </facsimile>
    <text>
        <body>
            <div type="edition" xml:space="preserve" xml:lang="la" resp="#TA">
                <ab>
                    <lb n="1"/><expan><abbr>C</abbr><ex>aio</ex></expan> <g type="interpunct">·</g> Maesio <g type="interpunct">·</g> Aquillio
                    <lb n="2"/>Fabio Titiano <g type="interpunct">·</g> <expan><abbr>c</abbr><ex>larissimo</ex></expan> <g type="interpunct">·</g> <expan><abbr>v</abbr><ex>iro</ex></expan> <g type="interpunct">·</g> <expan><abbr>co</abbr><ex>n</ex><abbr>s</abbr><ex>uli</ex></expan>
                    <lb n="3"/>optimo civi ac patrono beneme
                        <lb n="4" break="no"/>renti <g ref="http://sicily.classics.ox.ac.uk/alists/listglyph.xml#leaf"/> ordo et populus splen
                    <lb n="5" break="no"/><supplied reason="lost">d</supplied>idissimae <expan><abbr>col</abbr><ex>oniae</ex></expan> <expan><abbr>Aug</abbr><ex>ustae</ex></expan> Himereorum
                    <lb n="6"/><expan><abbr><supplied reason="lost">The</supplied>rmit</abbr><ex>anorum</ex></expan> pecunia sua posuit
                </ab>
            </div>
            <div type="apparatus">
                <listApp>
                    <app><note>Text of ILTermini</note></app>
                </listApp>
            </div>
            <div type="translation" xml:lang="en" resp="#TA">
                <p>To Gaius Maesius Aquillius Fabius Titianus, a man of most illustrious fame (i.e. of senatorial class), most excellent consul, citizen and patron. The council and people of the most splendid Colonia Augusta Himereorum Thermitanorum erected this at their own expense to the well-deserving man.</p>
            </div>
            <div type="commentary">
                <p><!--commented out pending revision-->
                    <!--Dedicated to consul and patron of the city, by the colonia of Thermae.--></p>
            </div>
            <div type="bibliography">
                <listBibl type="edition">
                    <bibl type="corpus" n="CIL">
                        <citedRange>
                            <ref target="http://arachne.uni-koeln.de/item/buchseite/650796">10.7345</ref>
                        </citedRange>
                        <ptr target="https://www.zotero.org/groups/382445/items/GQN8UZSI"/>
                    </bibl>
                    <bibl type="corpus" n="ILMusTermini">
                        <citedRange>9</citedRange>
                        <ptr target="https://www.zotero.org/groups/382445/items/JCV85C79"/>
                    </bibl>
                    <bibl>
                        <author>Manganaro</author>
                        <date>1982</date>
                        <citedRange>375</citedRange>
                        <ptr target="https://www.zotero.org/groups/382445/items/7IFS6HUP"/>
                    </bibl>
                    <bibl>
                        <author>Manganaro</author>
                        <date>1988</date>
                        <citedRange>79</citedRange>
                        <ptr target="https://www.zotero.org/groups/382445/items/RZSFKACR"/>
                    </bibl>
                    <bibl>
                        <author>Amata</author>
                        <date>2015</date>
                        <ptr target="http://zotero.org/groups/382445/items/UK3583CG"/>
                    </bibl>
                </listBibl>
	   <listBibl type="discussion"><bibl/></listBibl>
            </div>
        </body>
    </text>
</TEI>