<?xml version="1.0" encoding="UTF-8"?>
<?xml-model href="http://www.stoa.org/epidoc/schema/latest/tei-epidoc.rng" type="application/xml" schematypens="http://relaxng.org/ns/structure/1.0"?>
<?xml-model href="../schematron/ircyr-checking.sch" schematypens="http://purl.oclc.org/dsdl/schematron"?>                                                
<TEI xmlns="http://www.tei-c.org/ns/1.0" xml:lang="en">
    <teiHeader>
        <fileDesc>
            <titleStmt>
                <title>
                    <seg xml:lang="en">Fragmentary inscription of a civic magistrate</seg>
                </title>
                <editor ref="#JP">Jonathan Prag</editor>
                <principal ref="#JP">Jonathan Prag</principal>
                <funder>John Fell OUP Research Fund</funder>
	   <funder><ref target="https://cordis.europa.eu/project/id/885040">ERC Advanced Grant no.885040</ref></funder>
                <respStmt>
                    <name xml:id="JP" ref="http://orcid.org/0000-0003-3819-8537">Jonathan Prag</name>
                    <resp>original data collection and editing</resp>
                </respStmt>
                <respStmt>
                    <name xml:id="JCu" ref="http://orcid.org/0000-0002-6686-3728">James Cummings</name>
                    <resp>conversion to EpiDoc</resp>
                </respStmt>
                <respStmt>
                    <name xml:id="JCh" ref="http://orcid.org/0000-0001-6823-0265">James Chartrand</name>
                    <resp>site construction and encoding</resp>
                </respStmt>
                <respStmt>
                    <name xml:id="VV" ref="http://orcid.org/0000-0002-9695-0240">Valeria Vitale</name>
                    <resp>editing of geo data</resp>
                </respStmt>
                <respStmt>
                    <name xml:id="MM">Michael Metcalfe</name>
                    <resp>museum data collection</resp>
                </respStmt>
                <respStmt>
                    <name xml:id="SA">Serena Agodi</name>
                    <resp>Italian translation</resp>
                </respStmt>
                <respStmt>
                    <name xml:id="system">system</name>
                    <resp>automated or batch processes</resp>
                </respStmt>
	    <respStmt>
     	       <name xml:id="SS" ref="https://orcid.org/0000-0003-3914-9569">Simona Stoyanova</name>
     	       <resp>standardisation of template and tidying up encoding</resp>
 	   </respStmt>
	</titleStmt>
            <publicationStmt>
                <authority>I.Sicily</authority>
                <idno type="filename">ISic0315</idno>
                <idno type="TM">491522</idno>
                <idno type="EDR">139969</idno>
                <idno type="EDH"/>
                <idno type="EDCS">21900350</idno>
                <idno type="PHI"/>
                <idno type="URI">http://sicily.classics.ox.ac.uk/inscription/ISic0315</idno>
                <idno type="DOI" when="2020-09-10">10.5281/zenodo.4022608</idno>
                <idno type="URI">http://sicily.classics.ox.ac.uk/inscription/ISic0315</idno>
                <idno type="DOI" when="2020-12-17">10.5281/zenodo.4335111</idno>
                <availability>
                    <licence target="http://creativecommons.org/licenses/by/4.0/">Licensed under a Creative
                        Commons-Attribution 4.0 licence.
                    </licence>
                </availability>
            </publicationStmt>
            <sourceDesc>
                <msDesc>
                    <msIdentifier>
                        <country>Italy</country>
                        <region>Sicily</region>
                        <settlement>Catania</settlement>
                        <repository role="museum" ref="http://sicily.classics.ox.ac.uk/museum/018">Museo Civico di
                            Catania
                        </repository>
                        <idno type="inventory">no inventory number</idno>
                        <altIdentifier>
                            <settlement/>
                            <repository/>
                            <idno type="old"/>
                        </altIdentifier>
                    </msIdentifier>
                    <msContents>
                        <textLang mainLang="la">
                            <seg xml:lang="en">Latin</seg>
                        </textLang>
                    </msContents>
                    <physDesc>
                        <objectDesc>
                            <supportDesc>
                                <support>
                                    <material key="marble" ref="http://www.eagle-network.eu/voc/material/lod/48.html">
                                        <seg xml:lang="en">marble</seg>
                                    </material>
                                    <objectType key="tabula" ref="http://www.eagle-network.eu/voc/objtyp/lod/257">
                                        <seg xml:lang="en">tablet</seg>
                                    </objectType>
                                    <p>
                                        <seg xml:lang="en">Fragment of a white marble slab. The left margin is
                                            preserved, but otherwise broken top, right, and below. The rear is finished
                                            and smooth. The left edge is finished and smooth. A moulding is preserved on
                                            the left side, 3.5 cm wide, and beginning 4.7 cm in from the left edge.
                                        </seg>
                                    </p>
                                    <dimensions>
                                        <height unit="cm">17.8</height>
                                        <width unit="cm">26.3</width>
                                        <depth unit="cm">3.5-3.8</depth>
                                    </dimensions>
                                </support>
                                <condition/>
		    </supportDesc>
                            <layoutDesc>
                                <layout>
                                    <rs type="execution" ref="http://www.eagle-network.eu/voc/writing/lod/1">
                                        <seg xml:lang="en">Engraved</seg>
                                    </rs>
                                    <seg xml:lang="en">Beginning of two lines of Latin letters, set within the moulding.
                                        Red paint is preserved in some of the letters.
                                    </seg>
                                </layout>
                            </layoutDesc>
                        </objectDesc>
                        <handDesc>
                            <handNote>
                                <seg xml:lang="en">Neat, elegant letters in a thin v-cut; both lines are broken off and
                                    incomplete.
                                </seg>
                                <locus from="line1" to="line1">Line 1</locus>
                                <dimensions type="letterHeight">
                                    <height unit="mm">greater than 30</height>
                                </dimensions>
                                <locus from="line2" to="line2">Line 2</locus>
                                <dimensions type="letterHeight">
                                    <height unit="mm">greater than 41</height>
                                </dimensions>
                                <locus from="line1" to="line2">Interlineation line 1 to 2</locus>
                                <dimensions type="interlinear">
                                    <height unit="mm">62</height>
                                </dimensions>
                            </handNote>
                        </handDesc>
                    </physDesc>
                    <history>
                        <origin>
                            <origPlace>
                                <placeName type="ancient" ref="http://pleiades.stoa.org/places/462270">Catina</placeName>		
                                <placeName type="modern" ref="http://sws.geonames.org/2525068">Catania</placeName>
                            	<geo>37.49223, 15.07041</geo>
		</origPlace>
                            <origDate datingMethod="#julian" notBefore-custom="0001" notAfter-custom="0150">
                                <seg xml:lang="en">C1 AD, or beginning C2 AD (so Korhonen)</seg>
                            </origDate>
                        </origin>
                        <provenance type="found">
                            <seg xml:lang="en">Probably from Catania; first recorded by Mommsen in the Museo Biscari.
                            </seg>
                        </provenance>
                        <provenance type="observed" subtype="autopsied" resp="#JP">2017.03.21</provenance>
                        <acquisition>Catania, Museo Civico di Catania</acquisition>
                    </history>
                    <additional>
                        <adminInfo>
                            <note type="location">Display, Voci di pietra no.11</note>
                        </adminInfo>
                    </additional>
                </msDesc>
            </sourceDesc>
        </fileDesc>
        <profileDesc>
            <calendarDesc>
                <calendar xml:id="julian">
                    <p>Julian Calendar</p>
                </calendar>
            </calendarDesc>
            <langUsage>
                <language ident="en">English</language>
                <language ident="it">Italian</language>
                <language ident="grc">Ancient Greek</language>
                <language ident="la">Latin</language>
                <language ident="he">Hebrew</language>
                <language ident="phn">Phoenician</language>
                <language ident="xpu">Punic</language>
                <language ident="osc">Oscan</language>
                <language ident="xly">Elymian</language>
                <language ident="scx">Sikel</language>
                <language ident="sxc">Sikan</language>
            </langUsage>
            <textClass>
                <keywords scheme="http://www.eagle-network.eu/voc/typeins.html">
                    <term key="honorific" ref="http://www.eagle-network.eu/voc/typeins/lod/69.html" cert="low">
                        <seg xml:lang="en">honorific (?)</seg>
                    </term>
                </keywords>
            </textClass>
        </profileDesc>
        <revisionDesc status="edited">
            <listChange>
                <change when="2016-12-03" who="#JCu">James Cummings autogenerated EpiDoc output from database</change>
                <change when="2017-06-11" who="#JP">Jonathan Prag made initial revision of EpiDoc</change>
                <change when="2017-07-06" who="#JP">Jonathan Prag added elements for parallel Italian</change>
                <change when="2017-07-11" who="#JP">Jonathan Prag added metadata and revised the text</change>
                <change when="2020-09-10" who="#system">Updated Zenodo DOI</change>
            	   <change when="2020-10-05" who="#SS">Simona Stoyanova normalised Unicode</change>
            	   <change when="2020-10-08" who="#SS">Simona Stoyanova updated list of languages</change>
            	<change when="2020-11-20" who="#SS">Simona Stoyanova added EDCS numbers</change>
		<change when="2020-11-26" who="#SS">Simona Stoyanova restructured bibliography</change>
	    <change when="2020-12-17" who="#system">Updated Zenodo DOI</change>
            </listChange>
        </revisionDesc>
    </teiHeader>
    <facsimile>
        <surface/>
        <!--
                <surface type="front">
          <graphic n="screen" url="ISic0315.tif" height="799px" width="555x">
            <desc>Photograph of front face by Liceo M.M. Lazzaro</desc>
          </graphic>
          <graphic n="print" url="{concat('ISic', $num, '.jpg')}" height="3680px" width="5520px">
            <desc>Add Description Here</desc>
          </graphic>
                </surface>
          -->
    </facsimile>
    <text>
        <body>
            <div type="edition" xml:space="preserve" xml:lang="la" resp="#JP">
                <ab>
                    <lb n="1"/>
                    <supplied reason="lost" evidence="parallel">
                        <expan>
                            <abbr>L</abbr>
                            <ex>ucius</ex>
                        </expan>
                        Caelius
                        <expan>
                            <abbr>L</abbr>
                            <ex>uci</ex>
                        </expan>
                        <expan>
                            <abbr>f</abbr>
                            <ex>ilius</ex>
                        </expan>
                    </supplied>
                    <lb n="2"/>
                    <expan>
                        <abbr>Cla</abbr>
                        <ex>udia</ex>
                    </expan>
                    <supplied reason="lost" evidence="parallel">Macer</supplied>
                    <lb n="3"/>
                    <num value="2">
                        <hi rend="supraline">II</hi>
                    </num>
                    · vi
                    <unclear>r</unclear>
                    <gap reason="lost" extent="unknown" unit="character"/>
                    <lb n="4"/>
                    <gap reason="lost" extent="unknown" unit="line"/>
                </ab>
            </div>
            <div type="apparatus">
                <listApp>
                    <app loc="Line1">
                        <note>Text restored on the parallel of ISic0337</note>
                    </app>
                    <app loc="Line2">
                        <note>Text restored on the parallel of ISic0337</note>
                    </app>
                </listApp>
            </div>
            <div type="translation" xml:lang="en">
                <p>Lucius Caelius Macer, son of Lucius, of the Claudian tribe, duumvir... .</p>
            </div>
            <div type="translation" xml:lang="it">
                <p>Lucio Celio Macro, figlio di Lucio, della tribù Claudia, duumviro... .</p>
            </div>
            <div type="commentary" xml:lang="en">
                <p>Although none of the texts of ISic0337, 0315 or 0316 join together, and all show minor differences in
                    form or material (e.g. compare the moulding on each), the text presented on each appears to be the
                    same. A manuscript in the Vatican library records a fourth, similar fragment seen in the Museo dei
                    Benedettini by C. Stevenson in the 1880s. The text, which may be common to all these fragmentary
                    inscriptions, can be restored as it has been here.
                </p>
                <p>The texts are probably honorific inscriptions. Marble slabs of this sort are commonly attached to a
                    statue base or similar monument. The base itself would be made out of a different, cheaper, local
                    stone (e.g. volcanic stone), the more expensive imported marble reserved for the inscription. The
                    existence of multiple texts, apparently for the same person, has two possible explanations: either
                    the same honorific inscription was repeated on all four(?) sides of the statue base or other
                    monument; or else there were multiple honorific statues or monuments in Catania for this one
                    individual (both possibilities are attested elsewhere). The remainder of the inscription will have
                    included details of the rest of his career (compare the inscriptions for Quintus Atilius Severus
                    (also of the Claudian tribe) and Lucius Rubrius Proculus). Lucius Caelius Macer is one of five
                    duumviri known from Roman Catania.
                </p>
            </div>
            <div type="bibliography">
                <listBibl type="edition">
                    <bibl type="corpus" n="CIL">
                        <citedRange>
                            <ref target="http://arachne.uni-koeln.de/books/CILv10pII1883">10.7031</ref>
                        </citedRange>
                        <ptr target="https://www.zotero.org/groups/382445/items/GQN8UZSI"/>
                    </bibl>
                    <bibl type="corpus" n="IMusCatania">
                        <citedRange>20</citedRange>
                        <ptr target="https://www.zotero.org/groups/382445/items/2EUC82DH"/>
                    </bibl>
                    <bibl/>
                </listBibl>
	   <listBibl type="discussion"><bibl/></listBibl>
            </div>
        </body>
    </text>
</TEI>