<?xml version="1.0" encoding="UTF-8"?>
<?xml-model href="http://www.stoa.org/epidoc/schema/latest/tei-epidoc.rng" type="application/xml" schematypens="http://relaxng.org/ns/structure/1.0"?>
<?xml-model href="../schematron/ircyr-checking.sch" schematypens="http://purl.oclc.org/dsdl/schematron"?>                                                
<TEI xmlns="http://www.tei-c.org/ns/1.0" xml:lang="en">
    <teiHeader>
        <fileDesc>
            <titleStmt>
                <title>I.Sicily inscription 0174</title>
                <editor ref="#JP">Jonathan Prag</editor>
                <principal ref="#JP">Jonathan Prag</principal>
                <funder>John Fell OUP Research Fund</funder>
	   <funder><ref target="https://cordis.europa.eu/project/id/885040">ERC Advanced Grant no.885040</ref></funder>
                <respStmt>
                    <name xml:id="JP" ref="http://orcid.org/0000-0003-3819-8537">Jonathan Prag</name>
                    <resp>original data collection and editing</resp>
                </respStmt>
                <respStmt>
                    <name xml:id="JCu" ref="http://orcid.org/0000-0002-6686-3728">James Cummings</name>
                    <resp>conversion to EpiDoc</resp>
                </respStmt>
                <respStmt>
                    <name xml:id="JCh" ref="http://orcid.org/0000-0001-6823-0265">James Chartrand</name>
                    <resp>site construction and encoding</resp>
                </respStmt>
                <respStmt>
                    <name xml:id="VV" ref="http://orcid.org/0000-0002-9695-0240">Valeria Vitale</name>
                    <resp>editing of geo data</resp>
                </respStmt>
                <respStmt>
                    <name xml:id="MM">Michael Metcalfe</name>
                    <resp>museum data collection</resp>
                </respStmt>
	    <respStmt>
     	       <name xml:id="SS" ref="https://orcid.org/0000-0003-3914-9569">Simona Stoyanova</name>
     	       <resp>standardisation of template and tidying up encoding</resp>
 	   </respStmt>
	    <respStmt>
                    <name xml:id="system">system</name>
                    <resp>automated or batch processes</resp>
                </respStmt>
            </titleStmt>
            <publicationStmt>
                <authority>I.Sicily</authority>
                <idno type="filename">ISic0174</idno>
                <idno type="TM">175737</idno>
                <idno type="EDR">076865</idno>
                <idno type="EDH"/>
                <idno type="EDCS">10900654</idno>
                <idno type="PHI"/>
                <idno type="URI">http://sicily.classics.ox.ac.uk/inscription/ISic0174</idno>
                <idno type="DOI" when="2020-12-17">10.5281/zenodo.4334422</idno>
                <availability>
                    <licence target="http://creativecommons.org/licenses/by/4.0/">Licensed under a Creative
                        Commons-Attribution 4.0 licence.
                    </licence>
                </availability>
            </publicationStmt>
            <sourceDesc>
                <msDesc>
                    <msIdentifier>
                        <country>Italy</country>
                        <region>Sicily</region>
                        <settlement>Termini Imerese</settlement>
                        <repository role="museum" ref="http://sicily.classics.ox.ac.uk/museum/066">Museo Civico Baldassare Romano</repository>
                        <idno type="inventory">86</idno>
                        <!--Adding location for old id numbers if available-->
                        <altIdentifier>
                            <settlement/>
                            <repository/>
                            <idno type="old"/>
                        </altIdentifier>
                    </msIdentifier>
                    <msContents>
                        <textLang mainLang="la">Latin</textLang>
                    </msContents>
                    <physDesc>
                        <objectDesc>
                            <supportDesc>
                                <support>
                                    <material key="marble" ref="http://www.eagle-network.eu/voc/material/lod/48.html">marble</material>
                                    <objectType key="plaque" ref="http://www.eagle-network.eu/voc/objtyp/lod/259.html">plaque</objectType>
                                    <dimensions><!--ILTermini-->
                                        <height unit="cm">19.5</height>
                                        <width unit="cm">29.5</width>
                                        <depth unit="cm">8</depth>
                                    </dimensions>
                                </support>
                                <condition/>
		    </supportDesc>
                            <layoutDesc>
                                <layout><!--Default value and requires checking-->
                                    <rs type="execution" ref="http://www.eagle-network.eu/voc/writing/lod/1">Engraved</rs>
                                </layout>
                            </layoutDesc>
                        </objectDesc>
                        <handDesc>
                            <handNote>
                                <locus from="line1" to="line1">Line 1</locus>
                                <dimensions type="letterHeight">
                                    <height unit="mm"/>
                                </dimensions>
                                <locus from="line1" to="line2">Interlineation line 1 to 2</locus>
                                <dimensions type="interlinear">
                                    <height unit="mm"/>
                                </dimensions>
                            </handNote>
                        </handDesc>
                    </physDesc>
                    <history>
                        <origin>
                            <origPlace>
                                <placeName type="ancient" ref="http://pleiades.stoa.org/places/462513">Thermae Himeraeae</placeName>		
                                <placeName type="modern" ref="http://sws.geonames.org/6539140">Termini Imerese</placeName>
                            	<geo>37.98365, 13.69555</geo>
		</origPlace>
                            <origDate datingMethod="#julian" notBefore-custom="0200" notAfter-custom="0300">'L'aspetto delle lettere suggerisce una datazione al III sec. d.C. (Ferrua loc.cit)'</origDate>
                        </origin>
                        <provenance type="found">Found in 1883 among ancient construction materials found in the old castle of Termini</provenance>
                        <provenance type="observed" subtype="autopsied">No Autopsy</provenance>
                        <acquisition>Termini Imerese, Museo Civico Baldassare Romano no. 86</acquisition>
                    </history>
                </msDesc>
            </sourceDesc>
        </fileDesc>
        <profileDesc>
            <calendarDesc>
                <calendar xml:id="julian">
                    <p>Julian Calendar</p>
                </calendar>
            </calendarDesc>
            <langUsage>
                <language ident="en">English</language>
                <language ident="it">Italian</language>
                <language ident="grc">Ancient Greek</language>
                <language ident="la">Latin</language>
                <language ident="he">Hebrew</language>
                <language ident="phn">Phoenician</language>
                <language ident="xpu">Punic</language>
                <language ident="osc">Oscan</language>
                <language ident="xly">Elymian</language>
                <language ident="scx">Sikel</language>
                <language ident="sxc">Sikan</language>
            </langUsage>
            <textClass>
                <keywords scheme="http://www.eagle-network.eu/voc/typeins.html">
                    <term key="funerary" ref="http://www.eagle-network.eu/voc/typeins/lod/92.html">funerary</term>
                </keywords>
            </textClass>
        </profileDesc>
        <revisionDesc status="draft">
            <listChange>
                <change when="2016-12-03" who="#JCu">James Cummings autogenerated EpiDoc output from database</change>
                <change when="2020-08-18" who="#JP">Jonathan Prag made preliminary edits from ILTermini</change>
            	   <change when="2020-10-05" who="#SS">Simona Stoyanova normalised Unicode</change>
            	   <change when="2020-10-08" who="#SS">Simona Stoyanova updated list of languages</change>
            	<change when="2020-11-20" who="#SS">Simona Stoyanova added EDCS numbers</change>
		<change when="2020-11-26" who="#SS">Simona Stoyanova restructured bibliography</change>
	    <change when="2020-12-17" who="#system">Updated Zenodo DOI</change>
            </listChange>
        </revisionDesc>
    </teiHeader>
    <facsimile>
        <surface/>
        <!--delete empty surface above and uncomment template below if needed-->
        <!--
  <surface type="front">
    <graphic n="screen" url="{concat('ISic', $num, '_tiled.tif')}"
      height="4912px" width="7360px">
      <desc>Add Description Here</desc>
    </graphic>
    <graphic n="print" url="{concat('ISic', $num, '.jpg')}" height="3680px" width="5520px">
      <desc>Add Description Here</desc>
    </graphic>
  </surface>

    -->
    </facsimile>
    <text>
        <body>
            <div type="edition" xml:space="preserve" xml:lang="la" resp="#JP">
                <ab>
                    <lb n="1"/><expan><abbr>D</abbr><ex>is</ex></expan>  <expan><abbr>M</abbr><ex>anibus</ex></expan> <expan><abbr>s</abbr><ex>acrum</ex></expan>
                    <lb n="2"/>Euplia v<unclear>i</unclear> <!-- <g type="hedera"/> <g ref="http://sicily.classics.ox.ac.uk/alists/listglyph.xml#leaf"/> or U+2766 (reported by the editor but see photo) -->
                    <lb n="3" break="no"/>xit <expan><abbr>an</abbr><ex>nis</ex></expan> <g type="circiter"/> <num value="55"/>LV <!-- <g type="hedera"/> <g ref="http://sicily.classics.ox.ac.uk/alists/listglyph.xml#leaf"/> or U+2766 (reported by the editor but see photo) -->
                </ab>
               </div>
            <div type="apparatus">
               <listApp>
                   <app><note>Text of ILTermini</note></app>
               <app loc="line 3"><note>Reversed C symbol before numeral, interpreted as 'circiter'</note></app>
               </listApp>
            </div>
            <div type="translation">
                <p><!--translation(s) - add @xml:lang for 'en' or 'it' to div--></p>
            </div>
            <div type="commentary">
                <p><!--commented out pending revision-->
                    <!--Euplia, Greek name, quite frequent, and cf. ILLTI 136 for another instance in mem. of a liberta.--></p>
            </div>
            <div type="bibliography">
                <listBibl type="edition">
                    <bibl type="bulletin" n="AE">
                        <citedRange>1977.0341</citedRange>
                        <ptr target="http://zotero.org/groups/382445/items/R46KDTZX"/>
                    </bibl>
                    <bibl type="corpus" n="ILMusTermini">
                        <citedRange>95</citedRange>
                        <ptr target="https://www.zotero.org/groups/382445/items/JCV85C79"/>
                    </bibl>
                    <bibl type="bulletin" n="NSA">
                        <author>Fiorelli</author>
                        <title>NSA</title>
                        <date>1883</date>
                        <citedRange>179</citedRange>
                        <ptr target="http://zotero.org/groups/382445/items/4MCP2PVV"/>
                    </bibl>
                    <bibl type="bulletin" n="EphEp">
                        <citedRange>VIII 704</citedRange>
                        <ptr target="https://www.zotero.org/groups/382445/items/PU8UDAF3"/>
                    </bibl>
                    <bibl>
                        <author>Ferrua</author>
                        <date>1941</date>
                        <citedRange>262 no.24</citedRange>
                        <ptr target="https://www.zotero.org/groups/382445/items/P7QQ9SB6"/>
                    </bibl>
                </listBibl>
	   <listBibl type="discussion"><bibl/></listBibl>
            </div>
        </body>
    </text>
</TEI>