<?xml version="1.0" encoding="UTF-8"?>
<?xml-model href="http://www.stoa.org/epidoc/schema/latest/tei-epidoc.rng" type="application/xml" schematypens="http://relaxng.org/ns/structure/1.0"?>
<?xml-model href="../schematron/ircyr-checking.sch" schematypens="http://purl.oclc.org/dsdl/schematron"?>                                                
<TEI xmlns="http://www.tei-c.org/ns/1.0" xml:lang="en">
    <teiHeader>
        <fileDesc>
            <titleStmt>
                <title>Funerary inscription for Aphrodito, a mime actress
                </title>
                <editor ref="#JP">Jonathan Prag</editor>
                <principal ref="#JP">Jonathan Prag</principal>
                <funder>John Fell OUP Research Fund</funder>
	   <funder><ref target="https://cordis.europa.eu/project/id/885040">ERC Advanced Grant no.885040</ref></funder>
                <respStmt>
                    <name xml:id="JP" ref="http://orcid.org/0000-0003-3819-8537">Jonathan Prag</name>
                    <resp>original data collection and editing</resp>
                </respStmt>
                <respStmt>
                    <name xml:id="JCu" ref="http://orcid.org/0000-0002-6686-3728">James Cummings</name>
                    <resp>conversion to EpiDoc</resp>
                </respStmt>
                <respStmt>
                    <name xml:id="JCh" ref="http://orcid.org/0000-0001-6823-0265">James Chartrand</name>
                    <resp>site construction and encoding</resp>
                </respStmt>
                <respStmt>
                    <name xml:id="VV" ref="http://orcid.org/0000-0002-9695-0240">Valeria Vitale</name>
                    <resp>editing of geo data</resp>
                </respStmt>
                <respStmt>
                    <name xml:id="MM">Michael Metcalfe</name>
                    <resp>museum data collection</resp>
                </respStmt>
                <respStmt>
                    <name xml:id="SA">Serena Agodi</name>
                    <resp>Italian translation</resp>
                </respStmt>
                <respStmt>
                    <name xml:id="DS">Daria Spampinato</name>
                    <resp>Italian revision</resp>
                    <resp>EpiDoc editing</resp>
                </respStmt>
                <respStmt>
                    <name xml:id="SC">Salvatore Cristofaro</name>
                    <resp>EpiDoc editing</resp>
                </respStmt>
                <respStmt>
                    <name xml:id="KK">Kalle Korhonen</name>
                    <resp>original cataloguing and data collection</resp>
                </respStmt>
                <respStmt>
                    <name xml:id="system">system</name>
                    <resp>automated or batch processes</resp>
                </respStmt>
	    <respStmt>
     	       <name xml:id="SS" ref="https://orcid.org/0000-0003-3914-9569">Simona Stoyanova</name>
     	       <resp>standardisation of template and tidying up encoding</resp>
 	   </respStmt>
	</titleStmt>
            <publicationStmt>
                <authority>I.Sicily</authority>
                <idno type="filename">ISic0330</idno>
                <idno type="EpiCUM">Ursino420</idno>
                <idno type="TM">491539</idno>
                <idno type="EDR">139551</idno>
                <idno type="EDH"/>
                <idno type="EDCS">21900368</idno>
                <idno type="PHI"/>
                <idno type="URI">http://sicily.classics.ox.ac.uk/inscription/ISic0330</idno>
                <idno type="DOI" when="2020-09-10">10.5281/zenodo.4022612</idno>
                <idno type="URI">http://sicily.classics.ox.ac.uk/inscription/ISic0330</idno>
                <idno type="DOI" when="2020-12-17">10.5281/zenodo.4335133</idno>
                <availability>
                    <licence target="http://creativecommons.org/licenses/by/4.0/">Licensed under a Creative
                        Commons-Attribution 4.0 licence.
                    </licence>
                </availability>
            </publicationStmt>
            <sourceDesc>
                <msDesc>
                    <msIdentifier>
                        <country>Italy</country>
                        <region>Sicily</region>
                        <settlement>Catania</settlement>
                        <repository role="museum" ref="http://sicily.classics.ox.ac.uk/museum/018">Museo Civico di Catania
                        </repository>
                        <idno type="inventory">390</idno>
                        <altIdentifier>
                            <settlement/>
                            <repository/>
                            <idno type="old"/>
                        </altIdentifier>
                    </msIdentifier>
                    <msContents>
                        <textLang mainLang="la">Latin
                        </textLang>
                    </msContents>
                    <physDesc>
                        <objectDesc>
                            <supportDesc>
                                <support><p>A white marble plaque, apparently complete: the upper and lower edges are regular, the left and right sides irregular. The rear is finished and smooth.</p>
                                    <material key="marble" ref="http://www.eagle-network.eu/voc/material/lod/48.html">marble
                                    </material>
                                    <objectType key="tabula" ref="http://www.eagle-network.eu/voc/objtyp/lod/257">tablet
                                    </objectType>
                                    <dimensions>
                                        <height unit="cm">29</height>
                                        <width unit="cm">33.5</width>
                                        <depth unit="cm">2.1</depth>
                                    </dimensions>
                                </support>
                                <condition/>
		    </supportDesc>
                            <layoutDesc>
                                <layout><p>Latin text over six lines, roughly centred on the plaque. Lines
                                    1-3 are more widely spaced and better centred; lines 4-6 are more compressed in
                                    the lower right.</p>
                                    <rs type="execution" ref="http://www.eagle-network.eu/voc/writing/lod/1">Engraved
                                    </rs>
                                </layout>
                            </layoutDesc>
                        </objectDesc>
                        <handDesc>
                            <handNote><p>Letters show some tendency to a cursive style, but the name in line 2
                                    is notably marked out in a more classical majuscule style. One instance of ligature
                                    in line 6. Use of simple hedera as interpuncts in lines 3-6.</p>
                                <locus from="line1" to="line6">Lines 1-6</locus>
                                <dimensions type="letterHeight">
                                    <height unit="mm">15-22</height>
                                </dimensions>
                                <locus from="line1" to="line2">Interlineation line 1 to 2</locus>
                                <dimensions type="interlinear">
                                    <height unit="mm">Not measured</height>
                                </dimensions>
                            </handNote>
                        </handDesc>
                    </physDesc>
                    <history>
                        <origin>
                            <origPlace>
                                <placeName type="ancient" ref="http://pleiades.stoa.org/places/462270">Catina</placeName>		
                                <placeName type="modern" ref="http://sws.geonames.org/2525068">Catania</placeName>
                            	<geo>37.49223, 15.07041</geo>
		</origPlace>
                            <origDate datingMethod="#julian" notBefore-custom="0100" notAfter-custom="0250">
                                <seg xml:lang="en">C2 AD or beginning of C3 AD</seg>
                            </origDate>
                        </origin>
                        <provenance type="found">Found c.1731 in the foundations of the Church of S.Caterina da Siena
                                (known as S. Caterina del Rosario), previously attached to the convent of the Dominican
                                Fathers, today seat of the Archivio di Stato, at via S.Agata 2.
                                <geo>37.503059, 15.088940</geo>                            
                        </provenance>
                        <provenance type="observed" subtype="autopsied" resp="#JP">2017.03.20</provenance>
                        <acquisition>Catania, Museo Civico di Catania no. 390</acquisition>
                    </history>
                    <additional>
                        <adminInfo>
                            <note type="location">Display, Voci di pietra no.18</note>
                        </adminInfo>
                    </additional>
                </msDesc>
            </sourceDesc>
        </fileDesc>
        <profileDesc>
            <calendarDesc>
                <calendar xml:id="julian">
                    <p>Julian Calendar</p>
                </calendar>
            </calendarDesc>
            <langUsage>
                <language ident="en">English</language>
                <language ident="it">Italian</language>
                <language ident="grc">Ancient Greek</language>
                <language ident="la">Latin</language>
                <language ident="he">Hebrew</language>
                <language ident="phn">Phoenician</language>
                <language ident="xpu">Punic</language>
                <language ident="osc">Oscan</language>
                <language ident="xly">Elymian</language>
                <language ident="scx">Sikel</language>
                <language ident="sxc">Sikan</language>
            </langUsage>
            <textClass>
                <keywords scheme="http://www.eagle-network.eu/voc/typeins.html">
                    <term key="funerary" ref="http://www.eagle-network.eu/voc/typeins/lod/92.html">funerary
                    </term>
                </keywords>
            </textClass>
        </profileDesc>
        <revisionDesc status="edited">
            <listChange>
                <change when="2016-12-03" who="#JCu">James Cummings autogenerated EpiDoc output from database</change>
                <change when="2017-06-11" who="#JP">Jonathan Prag made initial revisions of the EpiDoc</change>
                <change when="2017-07-06" who="#JP">Jonathan Prag added elements for parallel Italian</change>
                <change when="2017-07-11" who="#JP">Jonathan Prag added further metadata</change>
                <change when="2019-05-11" who="#JP">Jonathan Prag revised from EpiCUM file and added images</change>
                <change when="2020-09-10" who="#system">Updated Zenodo DOI</change>
            	   <change when="2020-10-05" who="#SS">Simona Stoyanova normalised Unicode</change>
            	   <change when="2020-10-08" who="#SS">Simona Stoyanova updated list of languages</change>
            	<change when="2020-11-20" who="#SS">Simona Stoyanova added EDCS numbers</change>
		<change when="2020-11-26" who="#SS">Simona Stoyanova restructured bibliography</change>
	    <change when="2020-12-17" who="#system">Updated Zenodo DOI</change>
            </listChange>
        </revisionDesc>
    </teiHeader>
    <facsimile>
        <surface type="front">
            <graphic n="screen" url="ISic0330_tiled.tif" width="4272px" height="2856px">
                <desc>Photograph by Liceo Artistico Statale "M. M. Lazzaro" di Catania</desc>
            </graphic>
            <graphic n="print" url="ISic0330.jpg" width="4272px" height="2856px">
                <desc>Photograph by Liceo Artistico Statale "M. M. Lazzaro" di Catania</desc>
            </graphic>
            <graphic n="screen" url="ISic0330_scale_tiled.tif" width="4608px" height="3456px">
                <desc>Photograph by Liceo Artistico Statale "M. M. Lazzaro" di Catania</desc>
            </graphic>
            <graphic n="print" url="ISic0330_scale.jpg" width="4608px" height="3456px">
                <desc>Photograph by Liceo Artistico Statale "M. M. Lazzaro" di Catania</desc>
            </graphic>
        </surface>
        <surface type="threequarter">
            <graphic n="screen" url="ISic0330_leftthreequarter_tiled.tif" width="4272px" height="2856px">
                <desc>Photograph by Liceo Artistico Statale "M. M. Lazzaro" di Catania</desc>
            </graphic>
            <graphic n="print" url="ISic0330_leftthreequarter.jpg" width="4272px" height="2856px">
                <desc>Photograph by Liceo Artistico Statale "M. M. Lazzaro" di Catania</desc>
            </graphic>
        </surface>
        <surface type="rear">
            <graphic n="screen" url="ISic0330_rev_tiled.tif" width="4272px" height="2856px">
                <desc>Photograph by Liceo Artistico Statale "M. M. Lazzaro" di Catania</desc>
            </graphic>
            <graphic n="print" url="ISic0330_rev.jpg" width="4272px" height="2856px">
                <desc>Photograph by Liceo Artistico Statale "M. M. Lazzaro" di Catania</desc>
            </graphic>
        </surface>
    </facsimile>
    <text>
        <body>
            <div type="edition" xml:space="preserve" xml:lang="la" resp="#JP">
                <ab>
                    <lb n="1"/>
                    <expan>
                        <abbr>D</abbr>
                        <ex>is</ex>
                    </expan>
                    <expan>
                        <abbr>M</abbr>
                        <ex>anibus</ex>
                    </expan>
                    <expan>
                        <abbr>s</abbr>
                        <ex>acrum</ex>
                    </expan>
                    <lb n="2"/>
                    <persName>
                        <name>Aphrodito</name>
                    </persName>
                    <lb n="3"/>
                    mimas
                    <g type="hedera"/>
                    <expan>
                        <abbr>vix</abbr>
                        <ex>it</ex>
                    </expan>
                    <g type="hedera"/>
                    <lb n="4"/>
                    <expan>
                        <abbr>ann</abbr>
                        <ex>is</ex>
                    </expan>
                    <g type="hedera"/>
                    <num value="40">XXXX</num>
                    <g type="hedera"/>
                    <lb n="5"/>
                    <persName>
                        <name>Eutychus</name>
                    </persName>
                    <g type="hedera"/>
                    con
                    <g type="hedera"/>
                    <lb n="6" break="no"/>
                    iugi
                    <g type="hedera"/>
                    meren
                    <hi rend="ligature">ti</hi>
                    <expan>
                        <abbr>f</abbr>
                        <ex>ecit</ex>
                    </expan>
                </ab>
            </div>
            <div type="apparatus">
                <listApp><app><note>Text based on autopsy</note></app></listApp>
            </div>
            <div type="translation" xml:lang="en" resp="#JP">
                <p>Sacred to the spirits of the underworld. Aphrodito the mime lived for 40 years. Eutychus (set this
                    up) for his deserving wife.
                </p>
            </div>
            <div type="translation" xml:lang="it" resp="#SA">
                <p>Consacrato agli Dei Mani. La mima Aphrodito visse 40 anni. Eutychus (lo costruì) per la meritevole
                    moglie.
                </p>
            </div>
            <div type="commentary" xml:lang="en" resp="#JP">
                <p><ref target="http://www.lgpn.ox.ac.uk/id/V3a-37802">Aphrodito</ref> is a rare female name, most commonly found in northern Greece / Macedonia. Mimas copies the Greek word μιμάς designating a mime actor. Mime, a highly successful form of popular, comic drama, had its first real success in fifth-century BC Sicily, and was very popular in Rome and Italy throughout the later Republic and Imperial period. Ancient mime has however only come down to us in fragments. The genre flourished in the Hellenistic east also, and Aphrodito’s name suggests that she may have come from the eastern Mediterranean to practice her art in Sicily and Italy.</p>
                <p>For online Italian edition see <ref target="http://epicum.istc.cnr.it/EPICUM/?page_id=1636">EpiCUM420</ref></p>
            </div>
            <div type="bibliography">
                <listBibl type="edition">
                    <bibl type="corpus" n="CIL">
                        <citedRange>
                            <ref target="http://arachne.uni-koeln.de/item/buchseite/650759">10.7046</ref>
                        </citedRange>
                        <ptr target="https://www.zotero.org/groups/382445/items/GQN8UZSI"/>
                    </bibl>
                    <bibl type="corpus" n="IMusCatania">
                        <citedRange>51</citedRange>
                        <ptr target="https://www.zotero.org/groups/382445/items/2EUC82DH"/>
                    </bibl>
                    <bibl>
                        <author>Manganaro</author>
                        <date>1988</date>
                        <citedRange>59</citedRange>
                        <ptr target="https://www.zotero.org/groups/382445/items/RZSFKACR"/>
                    </bibl>
                </listBibl>
	   <listBibl type="discussion"><bibl/></listBibl>
            </div>
        </body>
    </text>
</TEI>