<?xml version="1.0" encoding="UTF-8"?>
<?xml-model href="http://www.stoa.org/epidoc/schema/latest/tei-epidoc.rng" type="application/xml" schematypens="http://relaxng.org/ns/structure/1.0"?>
<?xml-model href="../schematron/ircyr-checking.sch" schematypens="http://purl.oclc.org/dsdl/schematron"?>                                                
<TEI xmlns="http://www.tei-c.org/ns/1.0" xml:lang="en">
    <teiHeader>
        <fileDesc>
            <titleStmt>
                <title>Letter of Iulius Paternus to the Emperors Marcus Aurelius and Lucius Verus</title>
                <editor ref="#JP">Jonathan Prag</editor>
                <principal ref="#JP">Jonathan Prag</principal>
                <funder>John Fell OUP Research Fund</funder>
	   <funder><ref target="https://cordis.europa.eu/project/id/885040">ERC Advanced Grant no.885040</ref></funder>
                <respStmt>
                    <name xml:id="JP" ref="http://orcid.org/0000-0003-3819-8537">Jonathan Prag</name>
                    <resp>original data collection and editing</resp>
                </respStmt>
                <respStmt>
                    <name xml:id="JCu" ref="http://orcid.org/0000-0002-6686-3728">James Cummings</name>
                    <resp>conversion to EpiDoc</resp>
                </respStmt>
                <respStmt>
                    <name xml:id="JCh" ref="http://orcid.org/0000-0001-6823-0265">James Chartrand</name>
                    <resp>site construction and encoding</resp>
                </respStmt>
                <respStmt>
                    <name xml:id="VV" ref="http://orcid.org/0000-0002-9695-0240">Valeria Vitale</name>
                    <resp>editing of geo data</resp>
                </respStmt>
                <respStmt>
                    <name xml:id="MM">Michael Metcalfe</name>
                    <resp>museum data collection</resp>
                </respStmt>
                <respStmt>
                    <name xml:id="SA">Serena Agodi</name>
                    <resp>Italian translation</resp>
                </respStmt>
                <respStmt>
                    <name xml:id="WS">William Szymanski</name>
                    <resp>Autopsy and preparation of edition</resp>
                </respStmt>
	    <respStmt>
     	       <name xml:id="SS" ref="https://orcid.org/0000-0003-3914-9569">Simona Stoyanova</name>
     	       <resp>standardisation of template and tidying up encoding</resp>
 	   </respStmt>
	    <respStmt>
                    <name xml:id="system">system</name>
                    <resp>automated or batch processes</resp>
                </respStmt>
            </titleStmt>
            <publicationStmt>
                <authority>I.Sicily</authority>
                <idno type="filename">ISic0308</idno>
                <idno type="TM">175763</idno>
                <idno type="EDR">139966</idno>
                <idno type="EDH"/>
                <idno type="EDCS">21900343</idno>
                <idno type="PHI"/>
                <idno type="URI">http://sicily.classics.ox.ac.uk/inscription/ISic0308</idno>
                <idno type="DOI" when="2020-12-17">10.5281/zenodo.4335091</idno>
                <availability>
                    <licence target="http://creativecommons.org/licenses/by/4.0/">Licensed under a Creative
                        Commons-Attribution 4.0 licence.
                    </licence>
                </availability>
            </publicationStmt>
            <sourceDesc>
                <msDesc>
                    <msIdentifier>
                        <country>Italy</country>
                        <region>Sicily</region>
                        <settlement>Catania</settlement>
                        <repository role="museum" ref="http://sicily.classics.ox.ac.uk/museum/018">Museo Civico di Catania</repository>
                        <idno type="inventory">538</idno>
                        <altIdentifier>
                            <settlement/>
                            <repository/>
                            <idno type="old"/>
                        </altIdentifier>
                    </msIdentifier>
                    <msContents>
                        <textLang mainLang="la">Latin</textLang>
                    </msContents>
                    <physDesc>
                        <objectDesc>
                            <supportDesc>
                                <support><p>Two joining fragments of a white marble tablet. The larger fragment is intact along the upper edge, but broken left and right. The lower edge is uneven and corroded. The smaller fragment is broken or eroded on all sides, but preserves part of the right margin. Both fragments are highly finished on the reverse. The larger fragment preserves a raised margin along the upper edge of the reverse. Faint traces of a similar raised margin on the lower right corner of the reverse of the smaller fragment suggest the stone is more or less complete bottom right, but the text could have continued on a second stone below. If the restoration of the Emperors' titles in line 1 is correct, then approximately half the stone is missing on the left side. Some letters are lost from the right margin over the first few lines.</p>
                                    <material key="marble" ref="http://www.eagle-network.eu/voc/material/lod/48.html">marble</material>
                                    <objectType key="tabula" ref="http://www.eagle-network.eu/voc/objtyp/lod/257">tabula</objectType>
                                    <dimensions>
                                        <height unit="cm">30.5</height>
                                        <width unit="cm">greater than 53</width>
                                        <depth unit="cm">3.8-4.2</depth>
                                    </dimensions>
                                </support>
                                <condition/>
		    </supportDesc>
                            <layoutDesc>
                                <layout><p> Latin text preserved over 12 lines. The first line is in slightly larger and more widely spaced letters. The text closes up over lines 2 and 3, with a more or less regular size and spacing over the rest of the stone. Interpuncts are used sparingly in the text, and their placing appears deliberately intended to emphasise certain elements. The letters are neatly cut, with limited serifs (but sometimes substantial feet to vertical strokes), and a tendency towards the taller narrower letters common from the second/third centuries AD onwards; this is particularly noticeable with the letter E, which is not always easy to distinguish when corroded. Tall 'I' is employed. P is generally open.</p>
                                    <rs type="execution" ref="http://www.eagle-network.eu/voc/writing/lod/1">Engraved</rs>
                                </layout>
                            </layoutDesc>
                        </objectDesc>
                        <handDesc>
                            <handNote>
                                <locus from="line1" to="line12">Line 1-12</locus>
                                <dimensions type="letterHeight">
                                    <height unit="mm">10-21</height>
                                </dimensions>
                                <locus from="line1" to="line2">Not recorded</locus>
                                <dimensions type="interlinear">
                                    <height unit="mm"/>
                                </dimensions>
                            </handNote>
                        </handDesc>
                    </physDesc>
                    <history>
                        <origin>
                            <origPlace>
                                <placeName type="ancient" ref="http://pleiades.stoa.org/places/462270">Catina</placeName>		
                                <placeName type="modern" ref="http://sws.geonames.org/2525068">Catania</placeName>
                            	<geo>37.49223, 15.07041</geo>
		</origPlace>
                            <origDate datingMethod="#julian" notBefore-custom="0164" notAfter-custom="0166" evidence="office">164 -166 AD, on basis of restoration of first word as Armeniacis when Aurelius and Verus both held this title</origDate>
                        </origin>
                        <provenance type="found">The main fragment was found in 1741 in the area of the Duomo<geo>37.502351, 15.087629</geo>, and given by Giuseppe Paternò to Ignazio Paternò Castello, Prince of Biscari, shortly afterwards. The smaller fragment was first recorded in 1769.</provenance>
                        <provenance type="observed" subtype="autopsied" resp="#JP">2017.03.23</provenance>
                        <acquisition>Catania, Museo Civico di Catania no. 538</acquisition>
                    </history>
                    <additional>
                        <adminInfo>
                            <note type="location">Display, Voci di pietra no.14</note>
                        </adminInfo>
                    </additional>
                </msDesc>
            </sourceDesc>
        </fileDesc>
        <profileDesc>
            <calendarDesc>
                <calendar xml:id="julian">
                    <p>Julian Calendar</p>
                </calendar>
            </calendarDesc>
            <langUsage>
                <language ident="en">English</language>
                <language ident="it">Italian</language>
                <language ident="grc">Ancient Greek</language>
                <language ident="la">Latin</language>
                <language ident="he">Hebrew</language>
                <language ident="phn">Phoenician</language>
                <language ident="xpu">Punic</language>
                <language ident="osc">Oscan</language>
                <language ident="xly">Elymian</language>
                <language ident="scx">Sikel</language>
                <language ident="sxc">Sikan</language>
            </langUsage>
            <textClass>
                <keywords scheme="http://www.eagle-network.eu/voc/typeins.html">
                    <term key="building" ref="http://www.eagle-network.eu/voc/typeins/lod/86.html">building</term>
                </keywords>
            </textClass>
        </profileDesc>
        <revisionDesc status="draft">
            <listChange>
                <change when="2016-12-03" who="#JCu">James Cummings autogenerated EpiDoc output from database</change>
                <change when="2017-06-11" who="#JP">Jonathan Prag made initial revisions of the EpiDoc</change>
                <change when="2017-06-21" who="#JP">Jonathan Prag added metadata, brief commentary and made initial edits to the text</change>
                <change when="2017-07-06" who="#JP">Jonathan Prag added elements for parallel Italian</change>
                <change when="2020-08-14" who="#JP">Jonathan Prag made minor edits</change>
            	   <change when="2020-10-05" who="#SS">Simona Stoyanova normalised Unicode</change>
            	   <change when="2020-10-08" who="#SS">Simona Stoyanova updated list of languages</change>
            	<change when="2020-11-20" who="#SS">Simona Stoyanova added EDCS numbers</change>
		<change when="2020-11-26" who="#SS">Simona Stoyanova restructured bibliography</change>
	    <change when="2020-12-17" who="#system">Updated Zenodo DOI</change>
            </listChange>
        </revisionDesc>
    </teiHeader>
    <facsimile>
        <surface/>
        <!--delete empty surface above and uncomment template below if needed
     <surface type="front">
      <graphic n="screen" url="ISic0308.jpg">
        <desc>Photograph of front face by Liceo M.M. Lazzaro</desc>
      </graphic>
      <graphic n="print" url="{concat('ISic', $num, '.jpg')}" height="3680px" width="5520px">
        <desc>Add Description Here</desc>
      </graphic>
      </surface>
      -->
    </facsimile>
    <text>
        <body>
            <div type="edition" xml:space="preserve" xml:lang="la" resp="#JP">
                <ab>
                    <lb n="1"/><supplied reason="lost">Antonino</supplied> <supplied reason="lost">et</supplied> <supplied reason="lost">Vero</supplied> <supplied reason="lost"><expan><abbr>Aug<am>g</am></abbr><ex>ustis</ex></expan></supplied> <supplied reason="lost">Arme</supplied><unclear>n</unclear>iacis · suis · Iulius · Paternus · sa<supplied reason="lost">lutem</supplied>
                    <lb n="2"/><gap reason="lost" extent="unknown" unit="character"/>es · pertulissem ut se haberet opus por<supplied reason="lost" cert="low">tus</supplied><gap reason="lost" quantity="3" unit="character" precision="low"/>
                    <lb n="3"/><gap reason="lost" extent="unknown" unit="character"/><gap reason="illegible" quantity="1" unit="character"/>m propiti<hi rend="tall">i</hi> velitis admittere <hi rend="tall">i</hi>ta me c<unclear>u</unclear><supplied reason="lost" cert="low">riae</supplied><gap reason="lost" quantity="2" unit="character" precision="low"/>
                    <lb n="4"/><gap reason="lost" extent="unknown" unit="character"/>o vestro in eadem cura remanere debere<unclear>m</unclear>, q<supplied reason="undefined" evidence="previouseditor">u</supplied><supplied reason="lost">a re</supplied>
                    <lb n="5"/><gap reason="lost" extent="unknown" unit="character"/>reficiendam curavi. Cum deinde Catinenses <unclear>m</unclear><supplied reason="lost" cert="low">unus</supplied>
                     <lb n="6"/><gap reason="lost" extent="unknown" unit="character"/>quam · pecuniam · dari <hi rend="tall">i</hi>uberetis · rescripsi. Set Se<unclear>i</unclear><supplied reason="lost" cert="low">us</supplied>
                     <lb n="7"/><gap reason="lost" extent="unknown" unit="character"/>nummos subministraturum · <hi rend="tall">i</hi>d <expan><abbr>q</abbr><ex>ue</ex></expan> ipsu<unclear>m</unclear> etia<unclear>m</unclear>
                     <lb n="8"/><gap reason="lost" extent="unknown" unit="character"/><unclear>m</unclear> dari ipsis · iussisset, ut ordine suo scrib<unclear>t</unclear>ura fieret<space quantity="1" unit="character"/>
                      <lb n="9"/><gap reason="lost" extent="unknown" unit="character"/>ram transiret · <num value="2"><hi rend="supraline">II</hi></num> · viri consensu paucorum de<supplied reason="lost">c</supplied>urionum<space quantity="2" unit="character"/>
                      <lb n="10"/><gap reason="lost" extent="unknown" unit="character"/>cipium. Cum erga procuratorem vestrum <hi rend="tall">i</hi><unclear>n</unclear>reverens v<gap reason="lost" quantity="1" unit="character" precision="low"/>
                      <lb break="no" n="11"/><gap reason="lost" extent="unknown" unit="character"/><unclear>t</unclear>e curia ageretur · ingressus peti<hi rend="tall">i</hi> ut quat<unclear>e</unclear>nus neque<space quantity="3" unit="character"/>
                      <lb n="12"/><gap reason="lost" extent="unknown" unit="character"/><unclear>t</unclear>ratibus <expan><abbr>neq</abbr><ex>ue</ex></expan> <unclear>m</unclear><unclear>a</unclear>gistratus vellent <hi rend="tall">i</hi>n<supplied reason="lost">termitte</supplied>re, ordo<gap reason="lost" quantity="3" unit="character" precision="low"/>
                </ab>
            </div>
            <div type="apparatus">
                <listApp><app><note>Text of Prag based upon autopsy</note></app></listApp>
            </div>
            <div type="translation" xml:lang="en">
                <p><!--translation not generated for fragmentary text--></p>
            </div>
            <div type="translation" xml:lang="it">
                <p/>
            </div>
            <div type="commentary" xml:lang="en" resp="#JP">
                <p>Three further fragments of one or more very similar texts (perhaps even part of this text) are
                    also preserved (two were found in the late 18th century, the third was found in via Dusmet in 1958), but the relationship between these
                    remains very uncertain (see <ref target="http://sicily.classics.ox.ac.uk/inscription/ISic0821">ISic0821</ref>, <ref target="http://sicily.classics.ox.ac.uk/inscription/ISic1664">ISic1664</ref>, <ref target="http://sicily.classics.ox.ac.uk/inscription/ISic3153">ISic3153</ref>).</p>
                <p>Iulius Paternus was appointed by the Emperors as a curator operis (overseer of public
                    works) for Catania. This letter reports his efforts to complete the works and to resolve a
                    crisis over the funding. The works may have been connected with the harbour (portus, line
                    2, or porticus? one of the similar fragments describes harbour works). The Catania
                    senators refused to pay their part and the work was completed by Paternus with imperial
                    funds. The imperial procurator (called Seius? the financial officer for the island)
                    subsequently tried to put arrangements in place to ensure the city repaid Paternus for the
                    work. This proposal was resisted by the city duumvirs and a small group of senators
                    (acting ‘irreverently’ towards the procurator). Paternus intervened further to resolve the
                    dispute. The letter’s publication – probably attached to the building works - will have
                    confirmed that resolution and publicised Paternus’s actions.</p>
            </div>
            <div type="bibliography">
                <listBibl type="edition">
                    <bibl type="corpus" n="CIL">
                        <citedRange>
                            <ref target="http://arachne.uni-koeln.de/books/CILv10pII1883">10.7024.i</ref>
                        </citedRange>
                        <ptr target="https://www.zotero.org/groups/382445/items/GQN8UZSI"/>
                    </bibl>
                    <bibl type="bulletin" n="AE">
                        <citedRange>1989.0341d</citedRange>
                        <ptr target="http://zotero.org/groups/382445/items/R46KDTZX"/>
                    </bibl>
                    <bibl type="bulletin" n="AE">
                        <citedRange>1960.0202</citedRange>
                        <ptr target="http://zotero.org/groups/382445/items/R46KDTZX"/>
                    </bibl>
                    <bibl type="corpus" n="IMusCatania">
                        <citedRange>22</citedRange>
                        <ptr target="https://www.zotero.org/groups/382445/items/2EUC82DH"/>
                    </bibl>
                    <bibl>
                        <author>Manganaro</author>
                        <date>1959</date>
                        <citedRange>145-156 fig.1 fig.4</citedRange>
                        <ptr target="https://www.zotero.org/groups/382445/items/Q2Z7V4D6"/>
                    </bibl>
                    <bibl>
                        <author>Clemente</author>
                        <date>1980</date>
                        <citedRange>472</citedRange>
                        <ptr target="https://www.zotero.org/groups/382445/items/656VSK6B"/>
                    </bibl>
                    <bibl>
                        <author>Manganaro</author>
                        <date>1988</date>
                        <citedRange>23-24</citedRange>
                        <ptr target="https://www.zotero.org/groups/382445/items/RZSFKACR"/>
                    </bibl>
                    <bibl>
                        <author>Manganaro</author>
                        <date>1989</date>
                        <citedRange>169-170 no.34 fig.36</citedRange>
                        <ptr target="https://www.zotero.org/groups/382445/items/EZMBJ6GN"/>
                    </bibl>
                    <bibl>
                        <author>Wilson</author>
                        <date>1990</date>
                        <citedRange>177-178 n.110 fig.149</citedRange>
                        <ptr target="https://www.zotero.org/groups/382445/items/VF9MMBI9"/>
                    </bibl>
                </listBibl>
	   <listBibl type="discussion"><bibl/></listBibl>
            </div>
        </body>
    </text>
</TEI>