<?xml version="1.0" encoding="UTF-8"?>
<?xml-model href="http://www.stoa.org/epidoc/schema/latest/tei-epidoc.rng" type="application/xml" schematypens="http://relaxng.org/ns/structure/1.0"?>
<?xml-model href="../schematron/ircyr-checking.sch" schematypens="http://purl.oclc.org/dsdl/schematron"?>                                                
<TEI xmlns="http://www.tei-c.org/ns/1.0" xml:lang="en">
    <teiHeader>
        <fileDesc>
            <titleStmt>
                <title>
                    <seg xml:lang="en">Inscription recording restoration of a nymphaeum</seg>
                </title>
                <editor ref="#JP">Jonathan Prag</editor>
                <principal ref="#JP">Jonathan Prag</principal>
                <funder>John Fell OUP Research Fund</funder>
	   <funder><ref target="https://cordis.europa.eu/project/id/885040">ERC Advanced Grant no.885040</ref></funder>
                <respStmt>
                    <name xml:id="JP" ref="http://orcid.org/0000-0003-3819-8537">Jonathan Prag</name>
                    <resp>original data collection and editing</resp>
                </respStmt>
                <respStmt>
                    <name xml:id="JCu" ref="http://orcid.org/0000-0002-6686-3728">James Cummings</name>
                    <resp>conversion to EpiDoc</resp>
                </respStmt>
                <respStmt>
                    <name xml:id="JCh" ref="http://orcid.org/0000-0001-6823-0265">James Chartrand</name>
                    <resp>site construction and encoding</resp>
                </respStmt>
                <respStmt>
                    <name xml:id="VV" ref="http://orcid.org/0000-0002-9695-0240">Valeria Vitale</name>
                    <resp>editing of geo data</resp>
                </respStmt>
                <respStmt>
                    <name xml:id="MM">Michael Metcalfe</name>
                    <resp>museum data collection</resp>
                </respStmt>
                <respStmt>
                    <name xml:id="SA">Serena Agodi</name>
                    <resp>Italian translation</resp>
                </respStmt>
	    <respStmt>
     	       <name xml:id="SS" ref="https://orcid.org/0000-0003-3914-9569">Simona Stoyanova</name>
     	       <resp>standardisation of template and tidying up encoding</resp>
 	   </respStmt>
	    <respStmt>
                    <name xml:id="system">system</name>
                    <resp>automated or batch processes</resp>
                </respStmt>
            </titleStmt>
            <publicationStmt>
                <authority>I.Sicily</authority>
                <idno type="filename">ISic0301</idno>
                <idno type="TM">175828</idno>
                <idno type="EDR">074190</idno>
                <idno type="EDH"/>
                <idno type="EDCS">21900336</idno>
                <idno type="PHI"/>
                <idno type="URI">http://sicily.classics.ox.ac.uk/inscription/ISic0301</idno>
                <idno type="DOI" when="2020-12-17">10.5281/zenodo.4335071</idno>
                <availability>
                    <licence target="http://creativecommons.org/licenses/by/4.0/">Licensed under a Creative
                        Commons-Attribution 4.0 licence.
                    </licence>
                </availability>
            </publicationStmt>
            <sourceDesc>
                <msDesc>
                    <msIdentifier>
                        <country>Italy</country>
                        <region>Sicily</region>
                        <settlement>Catania</settlement>
                        <repository role="museum" ref="http://sicily.classics.ox.ac.uk/museum/018">Museo Civico di
                            Catania
                        </repository>
                        <idno type="inventory">539</idno>
                        <altIdentifier>
                            <settlement/>
                            <repository/>
                            <idno type="old"/>
                        </altIdentifier>
                    </msIdentifier>
                    <msContents>
                        <textLang mainLang="la">
                            <seg xml:lang="en">Latin</seg>
                        </textLang>
                    </msContents>
                    <physDesc>
                        <objectDesc>
                            <supportDesc>
                                <support>
                                    <material key="limestone" ref="http://www.eagle-network.eu/voc/material/lod/66.html">
                                        <seg xml:lang="en">limestone</seg>
                                    </material>
                                    <objectType key="tabula" ref="http://www.eagle-network.eu/voc/objtyp/lod/257">
                                        <seg xml:lang="en">tablet</seg>
                                    </objectType>
                                    <dimensions><!--measurements of Manganaro; to be checked-->
                                        <height unit="cm">53</height>
                                        <width unit="cm">72</width>
                                        <depth unit="cm">3</depth>
                                    </dimensions>
                                </support>
                                <condition/>
		    </supportDesc>
                            <layoutDesc>
                                <layout>
                                    <rs type="execution" ref="http://www.eagle-network.eu/voc/writing/lod/1">
                                        <seg xml:lang="en">Engraved</seg>
                                    </rs>
                                </layout>
                            </layoutDesc>
                        </objectDesc>
                        <handDesc>
                            <handNote>
                                <seg xml:lang="en">The form of the letter P is distinctive (found also in the letter of
                                    Iulius Paternus, ISic0308) with a horizontal stroke at the base.
                                </seg>
                                <locus from="line1" to="line1">Line 1</locus>
                                <dimensions type="letterHeight">
                                    <height unit="mm"/>
                                </dimensions>
                                <locus from="line1" to="line2">Interlineation line 1 to 2</locus>
                                <dimensions type="interlinear">
                                    <height unit="mm"/>
                                </dimensions>
                            </handNote>
                        </handDesc>
                    </physDesc>
                    <history>
                        <origin>
                            <origPlace>
                                <placeName type="ancient" ref="http://pleiades.stoa.org/places/462270">Catina</placeName>		
                                <placeName type="modern" ref="http://sws.geonames.org/2525068">Catania</placeName>
                            	<geo>37.49223, 15.07041</geo>
		</origPlace>
                            <origDate datingMethod="#julian" notBefore-custom="0350" notAfter-custom="0400">
                                <seg xml:lang="en">Perhaps middle/later fourth century AD</seg>
                            </origDate>
                        </origin>
                        <provenance type="found">
                            <seg xml:lang="en">Found in May 1771 in excavations undertaken by the Principe di Biscari on
                                the northern side of Piazza Dante and the church of S. Nicolò
                                <geo>37.504537, 15.080570</geo>
                            </seg>
                        </provenance>
                        <provenance type="observed" subtype="autopsied" resp="#JP">2017.06.29</provenance>
                        <acquisition>Catania, Museo Civico</acquisition>
                    </history>
                    <additional>
                        <adminInfo>
                            <note type="location">Display, Voci di pietra no.15</note>
                        </adminInfo>
                    </additional>
                </msDesc>
            </sourceDesc>
        </fileDesc>
        <profileDesc>
            <calendarDesc>
                <calendar xml:id="julian">
                    <p>Julian Calendar</p>
                </calendar>
            </calendarDesc>
            <langUsage>
                <language ident="en">English</language>
                <language ident="it">Italian</language>
                <language ident="grc">Ancient Greek</language>
                <language ident="la">Latin</language>
                <language ident="he">Hebrew</language>
                <language ident="phn">Phoenician</language>
                <language ident="xpu">Punic</language>
                <language ident="osc">Oscan</language>
                <language ident="xly">Elymian</language>
                <language ident="scx">Sikel</language>
                <language ident="sxc">Sikan</language>
            </langUsage>
            <textClass>
                <keywords scheme="http://www.eagle-network.eu/voc/typeins.html">
                    <term key="building" ref="http://www.eagle-network.eu/voc/typeins/lod/86.html">
                        <seg xml:lang="en">building</seg>
                    </term>
                </keywords>
            </textClass>
        </profileDesc>
        <revisionDesc status="draft">
            <listChange>
                <change when="2016-12-03" who="#JCu">James Cummings autogenerated EpiDoc output from database</change>
                <change when="2017-06-11" who="#JP">Jonathan Prag made initial edits of the EpiDoc, added museum data
                    and unconverted text
                </change>
                <change when="2017-06-22" who="#JP">Jonathan Prag edited the text division after autopsy and added
                    further metadata
                </change>
                <change when="2017-07-06" who="#JP">Jonathan Prag added elements to template for parallel Italian
                </change>
            	   <change when="2020-10-05" who="#SS">Simona Stoyanova normalised Unicode</change>
            	   <change when="2020-10-08" who="#SS">Simona Stoyanova updated list of languages</change>
            	<change when="2020-11-20" who="#SS">Simona Stoyanova added EDCS numbers</change>
		<change when="2020-11-26" who="#SS">Simona Stoyanova restructured bibliography</change>
	    <change when="2020-12-17" who="#system">Updated Zenodo DOI</change>
            </listChange>
        </revisionDesc>
    </teiHeader>
    <facsimile>
        <surface/>
        <!-- images commented out for now
        <surface type="front">
            <graphic n="screen" url="ISic0301.jpg" >
                <desc>Photograph of front face by Liceo M.M. Lazzaro</desc>
            </graphic>
             <graphic n="print" url="{concat('ISic', $num, '.jpg')}" height="3680px" width="5520px">
                 <desc>Add Description Here</desc>
                </graphic>
        </surface>
-->
    </facsimile>
    <text>
        <body>
            <div type="edition" xml:space="preserve" xml:lang="la" resp="#JP"><!-- text based upon autopsy 2017.06.29, with restorations of Manganaro-->
                <ab>
                    <lb n="1"/>
                    <supplied reason="lost">Dilapsum</supplied> <supplied reason="lost">multor</supplied>um i
                    <unclear>n</unclear>
                    <supplied reason="lost">cur</supplied>
                    <unclear>i</unclear>a nymfeum
                    <supplied reason="lost">et</supplied>
                    <lb n="2"/>
                    <supplied reason="lost">magna</supplied> <supplied reason="lost">l</supplied>
                    <unclear>a</unclear>be foedatum cuius etiam aqua
                    <lb n="3"/>
                    <supplied reason="lost">inducta</supplied> <supplied reason="lost">no</supplied>vo meatu tamen corruptione
                    <lb n="4"/>
                    <supplied reason="lost">fistularu</supplied>m ita fuerat poll
                    <unclear>u</unclear>
                    <unclear>t</unclear>a ut quanda
                    <hi rend="superscript">m</hi>
                    <lb n="5"/>
                    <supplied reason="lost">pernicie</supplied>m haurientib<unclear>u</unclear>s inf<unclear>e</unclear>rre
                    videret<hi rend="superscript">u</hi>r
                    <lb n="6"/>
                    <supplied reason="lost">indulgenti</supplied>a ·
                    <persName>
                        <name>
                            <expan>
                                <abbr>Fl</abbr>
                                <ex>avi</ex>
                            </expan>
                        </name>
                        ·
                        <name>Arsini</name>
                    </persName>
                    <expan>
                        <abbr>v</abbr>
                        <ex>iri</ex>
                    </expan>
                    <expan>
                        <abbr>c</abbr>
                        <ex>larissimi</ex>
                    </expan>
                    · consularis ·
                    <expan>
                        <abbr>p</abbr>
                        <ex>rovinciae</ex>
                    </expan>
                    ·
                    <expan>
                        <abbr>S</abbr>
                        <ex>iciliae</ex>
                    </expan>
                    ·
                    <lb n="7"/>
                    <supplied reason="lost">restitut</supplied>um adque usui populi splendidissi
                    <hi rend="superscript">mae</hi>
                    <lb n="8"/>
                    <supplied reason="lost" cert="low">urbis</supplied> <supplied reason="lost">Catinae</supplied> <supplied reason="lost">ite</supplied>
                    <gap reason="lost" extent="unknown" unit="character"/>m redditum reformatumque est.
                    <lb n="9"/>
                    <supplied reason="lost">Cur</supplied>ante ·
                    <persName>
                        <name>
                            <expan>
                                <abbr>Fl</abbr>
                                <ex>avio</ex>
                            </expan>
                        </name>
                        ·
                        <name>Ambrosio</name>
                    </persName>
                    ·
                    <expan>
                        <abbr>v</abbr>
                        <ex>iro</ex>
                    </expan>
                    ·
                    <expan>
                        <abbr>p</abbr>
                        <ex>erfectissimo</ex>
                    </expan>
                    · d
                    <gap reason="illegible" quantity="2" unit="character"/>
                    · pr
                    <gap reason="illegible" quantity="1" unit="character"/>
                </ab>
            </div>
            <div type="apparatus">
                <listApp>
                    <app>
                        <note>The restorations are those proposed by Manganaro, except for the divergences noted below
                        </note>
                    </app>
                    <app loc="Line7">
                        <note>Manganaro: splendidissimi; lapis: splendidissimae</note>
                    </app>
                    <app loc="Line8">
                        <note>Manganaro: Catinensium</note>
                    </app>
                    <app loc="Line9">
                        <note>Manganaro: d(ecurionum) [d(ecreto) a]er(e) p(ublico)</note>
                    </app>
                </listApp>
            </div>
            <div type="translation" xml:lang="en" resp="#JP">
                <p>The nymphaeum, ruined by the neglect of many and disfigured by a great collapse, and whose waters,
                    although brought in by a new supply, yet had become so polluted by the decay of the pipes that they
                    seemed to bring some ruin on those that drank them, by the favour of the most noble Flavius
                    Arsinius, consular governor of the province of Sicily, has been restored and given back for the use
                    of the most splendid people of Catania, and it has been restructured. The work was overseen by the
                    most perfect Flavius Ambrosius, by decree of the town councillors, at public expense.
                </p>
            </div>
            <div type="translation" xml:lang="it" resp="#SA">
                <p>Il ninfeo, rovinato dall'abbandono di molti e disfatto da un grande crollo, e le cui acque, benché
                    fornite da una nuova offerta, erano ancora così inquinate dal decadimento dei tubi che sembravano
                    portare malanni su quelli che le bevevano, per il favore del più nobile Flavius Arsinius,
                    governatore consolare della provincia di Sicilia, è stato restaurato e restituito per l'uso delle
                    più splendide persone di Catania, ed è stato ristrutturato. Il lavoro è stato supervisionato dal più
                    perfetto Flavius Ambrosius, con decreto dei consiglieri comunali, a spese pubbliche.
                </p>
            </div>
            <div type="commentary" xml:lang="en">
                <p>An earlier Greek text on the other side of this stone (ISic0649) records the original construction of
                    the nymphaeum, the repair of which is recorded in this later Latin text. Flavius Ambrosius is
                    mentioned by Symmachus, having been sent as a legate to the imperial court by the provincial council
                    of Sicily (c.377-379 AD). Flavius Arsinius, could be identical with an Arsenius who was praised by
                    Emperor Constantius II in 359 AD, and if so would have been governor of Sicily perhaps in the early
                    350s AD. It is possible that the collapse of the nymphaeum was connected to the major earthquake and
                    tsunami of 365 AD. The stone bearing the earlier inscription was re-used in order to record the
                    restoration. It is possible that it was displayed in such as way as to show both sides, but this is
                    not common.
                </p>
                <!--commented out pending revision-->
                <!--long text; the greek reverse is a verse inscr. of earlier C3 AD (Wilson 1990b: fig.153  = IG 14.453); stone re-used for the lat - i.e. NOT a bilingual - Gr. text is IG 14.453 (note that Manganaro says it's marble). Korhonen 2003, 73 n.305 comments: "IG XIV 453 = CIL X 7017, una lastra con l'epigrafe greca su una faccia, l'epigrafe latina sull'altra. Manganaro ha proposto che l'epigrafe greca sia anteriore a quella latina, e che la prima sia databile al III secolo, la seconda al IV (Manganaro 1993, 553; id. 1994, 96, con fotografia, fig. 15). A mio avviso è verosimile che i due testi siano contemporanei, in base alla somiglianza dell'argomento e al confronto con la siracusana IG XIV 14 = CIL X 7125. Ènotevole la paleografia greca romboidale, con l'epsilon che ha la forma "S", ma non impedisce di datarla nel IV secolo, al quale sembra appartenere l'iscrizione latina (sulle lettere romboidali a Catania, vd. pp. 92 e 112)."  Wilson 1990, p. 186 catpion to fig. 155 provides an approximate translation: 'Through the neglect [?of many citizens], the nymphaeum has been defiled [?by a great stain]. Even its water, although brought in a new channel, has however become so polluted by decay [?of the pipes] that it seemed to bring a certain [?illness] to those who drank it. [Through the agency of] Flavius Arsinius, v(ir) c(larissimus), governor of the province of Sicily (consularis p(rovinciae) S(iciliae)), [the nymphaeum] has been reshaped and restored and given back for the use of the very splendid people of Catania. The work was carried out under the supervision of Flavius Ambrosius v(ir) p(erfectissimus), d(efensor) perp(etuus).' W. goes on to comment: 'Flavius Arsiniusis not otherwise recorded and the date of his governorship is therefore uncertain, but Flavius Ambrosius is known to have been an advocate at the provincial council in the 370s. The defensor, a city ombudsman and judge of minor cases, who received complaints and tried to reduce corruption and extortion, was a comparatively new civic office at this time (Valentinian I was apparently responsible for introducing it to the West): Ambrosius as a top-ranking barrister had just the sort of high official standing sought for the job at this period.' Korhonen thinks the two inscrs. are contemporary, the Greek an accompanying versifying epigram for the work commemorated in the Latin; Wilson and Manganaro consider the Greek to be slightly earlier, and indeed, if Roger's translation is accepted the Greek would appear to make reference to a previous phase of the work.-->
            </div>
            <div type="bibliography">
                <listBibl type="edition">
                    <bibl type="corpus" n="CIL">
                        <citedRange>
                            <ref target="http://arachne.uni-koeln.de/item/buchseite/650756">10.7017</ref>
                        </citedRange>
                        <ptr target="https://www.zotero.org/groups/382445/items/GQN8UZSI"/>
                    </bibl>
                    <bibl type="bulletin" n="AE">
                        <citedRange>1959.0025</citedRange>
                        <ptr target="http://zotero.org/groups/382445/items/R46KDTZX"/>
                    </bibl>
                    <bibl>
                        <author>Castelli</author>
                        <date>1784</date>
                        <citedRange>cl.7 no.7</citedRange>
                        <ptr target="https://www.zotero.org/groups/382445/items/7PSFHSUH"/>
                    </bibl>
                    <bibl>
                        <author>Manganaro</author>
                        <date>1958-1959</date>
                        <citedRange>19-24 no.4 fig.6</citedRange>
                        <ptr target="http://zotero.org/groups/382445/items/BVD8KVF7"/>
                    </bibl>
                    <bibl>
                        <author>Wilson</author>
                        <date>1990</date>
                        <citedRange>186 fig.155</citedRange>
                        <ptr target="https://www.zotero.org/groups/382445/items/VF9MMBI9"/>
                    </bibl>
                    <bibl>
                        <author>Manganaro</author>
                        <date>1993</date>
                        <citedRange>553 no.22</citedRange>
                        <ptr target="https://www.zotero.org/groups/382445/items/JBI7CI5R"/>
                    </bibl>
                    <bibl>
                        <author>Korhonen</author>
                        <date>2004</date>
                        <citedRange>73 n.24</citedRange>
                        <ptr target="https://www.zotero.org/groups/382445/items/2EUC82DH"/>
                    </bibl>
                    <bibl>
                        <author>Manganaro</author>
                        <date>2010</date>
                        <citedRange>518 and fig.4</citedRange>
                        <ptr target="http://zotero.org/groups/382445/items/ZJA2JMRW"/>
                    </bibl>
                </listBibl>
	   <listBibl type="discussion"><bibl/></listBibl>
            </div>
        </body>
    </text>
</TEI>