<?xml version="1.0" encoding="UTF-8"?>
<?xml-model href="http://www.stoa.org/epidoc/schema/latest/tei-epidoc.rng" type="application/xml" schematypens="http://relaxng.org/ns/structure/1.0"?>
<?xml-model href="../schematron/ircyr-checking.sch" schematypens="http://purl.oclc.org/dsdl/schematron"?>                                                
<TEI xmlns="http://www.tei-c.org/ns/1.0" xml:lang="en">
    <teiHeader>
        <fileDesc>
            <titleStmt>
                <title>I.Sicily inscription 0065</title>
                <editor ref="#JP">Jonathan Prag</editor>
                <principal ref="#JP">Jonathan Prag</principal>
                <funder>John Fell OUP Research Fund</funder>
	   <funder><ref target="https://cordis.europa.eu/project/id/885040">ERC Advanced Grant no.885040</ref></funder>
                <respStmt>
                    <name xml:id="JP" ref="http://orcid.org/0000-0003-3819-8537">Jonathan Prag</name>
                    <resp>original data collection and editing</resp>
                </respStmt>
                <respStmt>
                    <name xml:id="JCu" ref="http://orcid.org/0000-0002-6686-3728">James Cummings</name>
                    <resp>conversion to EpiDoc</resp>
                </respStmt>
                <respStmt>
                    <name xml:id="JCh" ref="http://orcid.org/0000-0001-6823-0265">James Chartrand</name>
                    <resp>site construction and encoding</resp>
                </respStmt>
                <respStmt>
                    <name xml:id="VV" ref="http://orcid.org/0000-0002-9695-0240">Valeria Vitale</name>
                    <resp>editing of geo data</resp>
                </respStmt>
                <respStmt>
                    <name xml:id="MM">Michael Metcalfe</name>
                    <resp>museum data collection</resp>
                </respStmt>
                <respStmt>
                    <name xml:id="TA" ref="https://orcid.org/0000-0001-8417-7089">Tuuli Ahlholm</name>
                    <resp>EpiDoc editing</resp>
                </respStmt>
	    <respStmt>
     	       <name xml:id="SS" ref="https://orcid.org/0000-0003-3914-9569">Simona Stoyanova</name>
     	       <resp>standardisation of template and tidying up encoding</resp>
 	   </respStmt>
	    <respStmt>
                    <name xml:id="system">system</name>
                    <resp>automated or batch processes</resp>
                </respStmt>
            </titleStmt>
            <publicationStmt>
                <authority>I.Sicily</authority>
                <idno type="filename">ISic0065</idno>
                <idno type="TM">175742</idno>
                <idno type="EDR">142424</idno>
                <idno type="EDH"/>
                <idno type="EDCS">22100593</idno>
                <idno type="EDCS">6100250</idno>
                <idno type="PHI"/>
                <idno type="URI">http://sicily.classics.ox.ac.uk/inscription/ISic0065</idno>
                <idno type="DOI" when="2020-12-17">10.5281/zenodo.4333966</idno>
                <availability>
                    <licence target="http://creativecommons.org/licenses/by/4.0/">Licensed under a Creative
                        Commons-Attribution 4.0 licence.
                    </licence>
                </availability>
            </publicationStmt>
            <sourceDesc>
                <msDesc>
                    <msIdentifier>
                        <country>Italy</country>
                        <region>Sicily</region>
                        <settlement>Palermo</settlement>
                        <repository role="museum" ref="http://sicily.classics.ox.ac.uk/museum/064">Museo Archeologico
                            Regionale Antonino Salinas
                        </repository>
                        <idno type="inventory">3566</idno>
                        <!--Adding location for old id numbers if available-->
                        <altIdentifier>
                            <settlement/>
                            <repository/>
                            <idno type="old"/>
                        </altIdentifier>
                    </msIdentifier>
                    <msContents>
                        <textLang mainLang="la">Latin</textLang>
                    </msContents>
                    <physDesc>
                        <objectDesc>
                            <supportDesc>
                                <support>
                                    <material key="marble" ref="http://www.eagle-network.eu/voc/material/lod/48.html">
                                        marble
                                    </material>
                                    <dimensions><!--Default values and requires editing-->
                                        <height unit="cm"/>
                                        <width unit="cm"/>
                                        <depth unit="cm"/>
                                    </dimensions>
                                </support>
                                <condition/>
		    </supportDesc>
                            <layoutDesc>
                                <layout><!--Default value and requires checking-->
                                    <rs type="execution" ref="http://www.eagle-network.eu/voc/writing/lod/1">Engraved
                                    </rs>
                                </layout>
                            </layoutDesc>
                        </objectDesc>
                        <handDesc>
                            <handNote><!--Default value and requires editing-->
                                <locus from="line1" to="line1">Line 1</locus>
                                <dimensions type="letterHeight">
                                    <height unit="mm"/>
                                </dimensions>
                                <locus from="line1" to="line2">Interlineation line 1 to 2</locus>
                                <dimensions type="interlinear">
                                    <height unit="mm"/>
                                </dimensions>
                            </handNote>
                        </handDesc>
                    </physDesc>
                    <history>
                        <origin>
                            <origPlace>
                                <placeName type="ancient" ref="http://pleiades.stoa.org/places/462527">Tyndaris</placeName>		
                                <placeName type="modern" ref="http://sws.geonames.org/10282151">Tindari</placeName>
                            	<geo>38.14227, 15.04385</geo>
		</origPlace>
                            <origDate datingMethod="#julian" notBefore-custom="0150" notAfter-custom="0200">prob.10.12.160-9.12.161 AD;
                                161 (R-C)
                            </origDate>
                        </origin>
                        <provenance type="found">Patti</provenance>
                        <provenance type="observed" subtype="autopsied" resp="#JP">2006.04 (Tyndaris fragment)
                        </provenance>
                        <acquisition>Palermo, Museo Archeologico Regionale Antonino Salinas no. 3566</acquisition>
                    </history>
                </msDesc>
            </sourceDesc>
        </fileDesc>
        <profileDesc>
            <calendarDesc>
                <calendar xml:id="julian">
                    <p>Julian Calendar</p>
                </calendar>
            </calendarDesc>
            <langUsage>
                <language ident="en">English</language>
                <language ident="it">Italian</language>
                <language ident="grc">Ancient Greek</language>
                <language ident="la">Latin</language>
                <language ident="he">Hebrew</language>
                <language ident="phn">Phoenician</language>
                <language ident="xpu">Punic</language>
                <language ident="osc">Oscan</language>
                <language ident="xly">Elymian</language>
                <language ident="scx">Sikel</language>
                <language ident="sxc">Sikan</language>
            </langUsage>
            <textClass>
                <keywords scheme="http://www.eagle-network.eu/voc/typeins.html">
                    <term key="honorific" ref="http://www.eagle-network.eu/voc/typeins/lod/69.html">honorific</term>
                </keywords>
            </textClass>
        </profileDesc>
        <revisionDesc status="draft">
            <listChange>
                <change when="2016-12-03" who="#JCu">James Cummings autogenerated EpiDoc output from database</change>
                <change when="2018-05-11" who="#TA">Tuuli Ahlholm cleaned up the autogenerated text and added an apparatus</change>
            	   <change when="2020-10-05" who="#SS">Simona Stoyanova normalised Unicode</change>
            	   <change when="2020-10-08" who="#SS">Simona Stoyanova updated list of languages</change>
            	<change when="2020-11-20" who="#SS">Simona Stoyanova added EDCS numbers</change>
		<change when="2020-11-26" who="#SS">Simona Stoyanova restructured bibliography</change>
	    <change when="2020-12-17" who="#system">Updated Zenodo DOI</change>
            </listChange>
        </revisionDesc>
    </teiHeader>
    <facsimile>
        <surface/>
        <!--delete empty surface above and uncomment template below if needed-->
        <!--
  <surface type="front">
    <graphic n="screen" url="{concat('ISic', $num, '_tiled.tif')}"
      height="4912px" width="7360px">
      <desc>Add Description Here</desc>
    </graphic>
    <graphic n="print" url="{concat('ISic', $num, '.jpg')}" height="3680px" width="5520px">
      <desc>Add Description Here</desc>
    </graphic>
  </surface>

    -->
    </facsimile>
    <text>
        <body>
            <div type="edition" xml:space="preserve" xml:lang="la">
                <ab>
                    <lb n="1"/><expan><abbr>Imp</abbr><ex>eratori</ex></expan> <g type="interpunct">·</g> <unclear>C</unclear><supplied reason="lost">aesari</supplied> <supplied reason="lost">divi</supplied> <supplied reason="lost">Antoni</supplied>
                    <lb n="2" break="no"/>ni <g type="interpunct">·</g> <expan><abbr>f</abbr><ex>ilio</ex></expan> <g type="interpunct">·</g> d<supplied reason="lost">ivi</supplied> <supplied reason="lost">Hadriani</supplied> <supplied reason="lost">ne</supplied>
                    <lb n="3" break="no"/>poti <g type="interpunct">·</g> <unclear>d</unclear><supplied reason="lost">ivi</supplied> <supplied reason="lost">Traiani</supplied> <supplied reason="lost">P</supplied>arthi                    
                    <lb n="4" break="no"/>ci <g type="interpunct">·</g> pr<supplied reason="lost">onepoti</supplied> <supplied reason="lost">divi</supplied> Ner
                    <lb n="5" break="no"/>va<supplied reason="lost">e</supplied> <supplied reason="lost">abnepoti</supplied> <supplied reason="lost"><expan><abbr>M</abbr><ex>arco</ex></expan></supplied> Aur
                    <lb n="6" break="no"/><supplied reason="lost">elio</supplied> <supplied reason="lost">Antonino</supplied> <supplied reason="lost"><expan><abbr>Aug</abbr><ex>usto</ex></expan></supplied> <supplied reason="lost"><expan><abbr>p</abbr><ex>ontifici</ex></expan></supplied> <supplied reason="lost"><expan><abbr>m</abbr><ex>aximo</ex></expan></supplied> <supplied reason="lost"><expan><abbr>trib</abbr><ex>unicia</ex></expan></supplied> <supplied reason="lost"><expan><abbr>p</abbr><ex>otestate</ex></expan></supplied> <num value="15"><unclear>X</unclear>V</num>                     
                    <lb n="7"/><expan><abbr>c</abbr><supplied reason="lost"><abbr>o</abbr><ex>n</ex><abbr>s</abbr><ex>uli</ex></supplied></expan> <supplied reason="lost"><num value="3">III</num></supplied> <supplied reason="lost"><expan><abbr>p</abbr><ex>atri</ex></expan></supplied> <supplied reason="lost"><expan><abbr>p</abbr><ex>atriae</ex></expan></supplied>
                    <lb n="8"/><expan><abbr>co<unclear>l</unclear></abbr><ex>onia</ex></expan> <g type="interpunct">·</g> <expan><abbr>Au<unclear>g</unclear></abbr><ex>usta</ex></expan> <g type="interpunct">·</g> <expan><abbr><unclear>Ty</unclear>nda<supplied reason="lost">rit</supplied></abbr><supplied reason="lost"><ex>anorum</ex></supplied></expan>
                    <lb n="9"/>curante <g type="interpunct">·</g> <expan><abbr>M</abbr><ex>arco</ex></expan> <g type="interpunct">·</g> Va<supplied reason="lost">le</supplied>
                    <lb break="no" n="10"/>rio <g type="interpunct">·</g> Vitale <g type="interpunct">·</g> cura <supplied reason="lost"><expan><abbr>t</abbr><ex>ore</ex></expan></supplied> <supplied reason="lost"><expan><abbr>r</abbr><ex>ei</ex></expan></supplied> <supplied reason="lost"><expan><abbr>p</abbr><ex>ublicae</ex></expan></supplied>
                </ab>
            </div>
            <div type="apparatus">
                <listApp>
                    <app><note>Text of <hi rend="italic">IMusPalermo</hi>, with amendments to ll. 3-5 based on the small fragment subsequently found by Manganaro 1989</note></app>
                </listApp>
            </div>
            <div type="translation">
                <p><!--translation(s) - add @xml:lang for 'en' or 'it' to div--></p>
            </div>
            <div type="commentary">
                <p><!--commented out pending revision-->
                    <!--two frags, second supplied by Mang (1989) [note that none of the more recent publications seem to notice manganaro's addition], first only in CIL. In honour of Marcus Aurelius. Bivona, ILLPa, p.78: 'Marco Valerio Vitale non compare in alteri documenti. Come e noto il curator r.p. o civitatis aveva il compito di esercitare un controllo sull'amministrazione locale, specialmente finanziaria, nei singoli comuni o anche in piu comuni. Istituito da Traiano e da lui nominati fra i senatori o i cavalieri, i curatores finirono poi col perdere il carattere eccezionale e limitato a casi particolari delle province, o di nomina imperiale che avevano avuto e divennero dei veri e propri funzionari stabili delle citta.' Cf. CIL 10.7475 for another by the same, to Luvius Verus. Photograph of second fragment from antiquarium visit, 2006--></p>
            </div>
            <div type="bibliography">
                <listBibl type="edition">
                    <bibl type="corpus" n="CIL">
                        <citedRange>
                            <ref target="http://arachne.uni-koeln.de/item/buchseite/650805">10.7474</ref>
                        </citedRange>
                        <ptr target="https://www.zotero.org/groups/382445/items/GQN8UZSI"/>
                    </bibl>
                    <bibl type="bulletin" n="AE">
                        <citedRange>2007.0682</citedRange>
                        <ptr target="http://zotero.org/groups/382445/items/R46KDTZX"/>
                    </bibl>
                    <bibl type="bulletin" n="AE">
                        <citedRange>1989.0338c<!--Failed to convert--></citedRange>
                        <ptr target="http://zotero.org/groups/382445/items/R46KDTZX"/>
                    </bibl>
                    <bibl type="corpus" n="ILMusPalermo">
                        <citedRange>66</citedRange>
                        <ptr target="https://www.zotero.org/groups/382445/items/FZWWPUD6"/>
                    </bibl>
                    <bibl>
                        <author>Raepsaet-Charlier</author>
                        <date>1974</date>
                        <citedRange>127</citedRange>
                        <ptr target="https://www.zotero.org/groups/382445/items/PZHQV5MN"/>
                    </bibl>
                    <bibl>
                        <author>Manganaro</author>
                        <date>1989</date>
                        <citedRange>162 no.4 fig.4</citedRange>
                        <ptr target="https://www.zotero.org/groups/382445/items/EZMBJ6GN"/>
                    </bibl>
                    <bibl>
                        <author>Zambito</author>
                        <date>2007</date>
                        <ptr target="https://www.zotero.org/groups/382445/items/I2845RRS"/>
                    </bibl>
                    <bibl>
                        <author>Fasolo</author>
                        <date>2013</date>
                        <citedRange>72-73 no.4 fig.34</citedRange>
                        <ptr target="https://www.zotero.org/groups/382445/items/X2SEXMRX"/>
                    </bibl>
                </listBibl>
	   <listBibl type="discussion"><bibl/></listBibl>
            </div>
        </body>
    </text>
</TEI>