<?xml version="1.0" encoding="UTF-8"?>
<?xml-model href="http://www.stoa.org/epidoc/schema/latest/tei-epidoc.rng" type="application/xml" schematypens="http://relaxng.org/ns/structure/1.0"?>
<?xml-model href="../schematron/ircyr-checking.sch" schematypens="http://purl.oclc.org/dsdl/schematron"?>                                                
<TEI xmlns="http://www.tei-c.org/ns/1.0" xml:lang="en">
    <teiHeader>
        <fileDesc>
            <titleStmt>
                <title>Dedication to Apollo</title>
                <editor ref="#JP">Jonathan Prag</editor>
                <principal ref="#JP">Jonathan Prag</principal>
                <funder>John Fell OUP Research Fund</funder>
	   <funder><ref target="https://cordis.europa.eu/project/id/885040">ERC Advanced Grant no.885040</ref></funder>
                <respStmt>
                    <name xml:id="JP" ref="http://orcid.org/0000-0003-3819-8537">Jonathan Prag</name>
                    <resp>original data collection and editing</resp>
                </respStmt>
                <respStmt>
                    <name xml:id="JCu" ref="http://orcid.org/0000-0002-6686-3728">James Cummings</name>
                    <resp>conversion to EpiDoc</resp>
                </respStmt>
                <respStmt>
                    <name xml:id="JCh" ref="http://orcid.org/0000-0001-6823-0265">James Chartrand</name>
                    <resp>site construction and encoding</resp>
                </respStmt>
                <respStmt>
                    <name xml:id="VV" ref="http://orcid.org/0000-0002-9695-0240">Valeria Vitale</name>
                    <resp>editing of geo data</resp>
                </respStmt>
                 <respStmt>
                    <name xml:id="MM">Michael Metcalfe</name>
                    <resp>museum data collection</resp>
                </respStmt>
                <respStmt>
                    <name xml:id="MF">Maria Egizia Felice</name>
                    <resp>Italian translation</resp>
                </respStmt>
                <respStmt>
                    <name xml:id="system">system</name>
                    <resp>automated or batch processes</resp>
                </respStmt>
	    <respStmt>
     	       <name xml:id="SS" ref="https://orcid.org/0000-0003-3914-9569">Simona Stoyanova</name>
     	       <resp>standardisation of template and tidying up encoding</resp>
 	   </respStmt>
	</titleStmt>
            <publicationStmt>
                <authority>I.Sicily</authority>
                <idno type="filename">ISic0469</idno>
                <idno type="TM">491767</idno>
                <idno type="EDR"/>
                <idno type="EDH"/>
                <idno type="EDCS">22000851</idno>
                <idno type="PHI"/>
                <idno type="URI">http://sicily.classics.ox.ac.uk/inscription/ISic0469</idno>
                <idno type="DOI" when="2020-09-09">10.5281/zenodo.4021509</idno>
                <idno type="URI">http://sicily.classics.ox.ac.uk/inscription/ISic0469</idno>
                <idno type="DOI" when="2020-12-17">10.5281/zenodo.4337539</idno>
                <availability>
                    <licence target="http://creativecommons.org/licenses/by/4.0/">Licensed under a Creative
                        Commons-Attribution 4.0 licence.
                    </licence>
                </availability>
            </publicationStmt>
            <sourceDesc>
                <msDesc>
                    <msIdentifier>
                        <country>Italy</country>
                        <region>Sicily</region>
                        <settlement>Palermo</settlement>
                        <repository role="museum" ref="http://sicily.classics.ox.ac.uk/museum/064">Museo Archeologico Regionale Antonino Salinas
                        </repository>
                        <idno type="inventory">3573</idno>
                        <!--Adding location for old id numbers if available-->
                        <altIdentifier>
                            <settlement/>
                            <repository/>
                            <idno type="old"/>
                        </altIdentifier>
                    </msIdentifier>
                    <msContents>
                        <textLang mainLang="la">Latin</textLang>
                    </msContents>
                    <physDesc>
                        <objectDesc>
                            <supportDesc>
                                <support><p>A rectangular block of limestone</p>
                                    <material key="limestone" ref="http://www.eagle-network.eu/voc/material/lod/66.html">limestone
                                    </material>
                                    <objectType key="block" ref="http://www.eagle-network.eu/voc/objtyp/lod/189.html">block
                                    </objectType>
                                    <dimensions>
                                        <height unit="cm">26</height>
                                        <width unit="cm">91</width>
                                        <depth unit="cm">15</depth>
                                    </dimensions>
                                </support>
                                <condition/>
		    </supportDesc>
                            <layoutDesc>
                                <layout><p>The text occupies two lines with interpuncts visible at the end of line 1 and between words in line 2. It is possible that the text continued below, or to the right, on another block, but it is complete in itself</p>
                                    <rs type="execution" ref="http://www.eagle-network.eu/voc/writing/lod/1">Engraved
                                    </rs>
                                </layout>
                            </layoutDesc>
                        </objectDesc>
                        <handDesc>
                            <handNote><p>The letters are archaic in form, in particular the square, open P; the form of the R; the off-vertical N, and the rigid S.</p>
                                <locus from="line1" to="line2">Lines 1-2</locus>
                                <dimensions type="letterHeight">
                                    <height unit="mm">70-120</height>
                                </dimensions>
                                <locus from="line1" to="line2">Interlineation line 1 to 2</locus>
                                <dimensions type="interlinear">
                                    <height unit="mm">not measured</height>
                                </dimensions>
                            </handNote>
                        </handDesc>
                    </physDesc>
                    <history>
                        <origin>
                            <origPlace>
                                <placeName type="ancient" ref="http://pleiades.stoa.org/places/462225">Halaesa</placeName>		
                                <offset>near
                                    <placeName type="modern" ref="http://sws.geonames.org/2525099">Castel di Tusa</placeName>
                                </offset>
                            	<geo>37.99907, 14.26197</geo>
		</origPlace>
                            <origDate datingMethod="#julian" notBefore-custom="-0300" notAfter-custom="-0150">C3 or early C2 BC (letter
                                forms and orthography)
                            </origDate>
                        </origin>
                        <provenance type="found">Said to come from Halaesa</provenance>
                        <provenance type="observed" subtype="autopsied">2017-07-21</provenance>
                        <acquisition>Palermo, Museo Archeologico Regionale Antonino Salinas no. 3573</acquisition>
                    </history>
                    <additional>
                        <adminInfo>
                            <note type="location">Acquired by Palermo University c.1857 (Museum of the  University, inv.11)
                            </note>
                        </adminInfo>
                    </additional>
                </msDesc>
            </sourceDesc>
        </fileDesc>
        <profileDesc>
            <calendarDesc>
                <calendar xml:id="julian">
                    <p>Julian Calendar</p>
                </calendar>
            </calendarDesc>
            <langUsage>
                <language ident="en">English</language>
                <language ident="it">Italian</language>
                <language ident="grc">Ancient Greek</language>
                <language ident="la">Latin</language>
                <language ident="he">Hebrew</language>
                <language ident="phn">Phoenician</language>
                <language ident="xpu">Punic</language>
                <language ident="osc">Oscan</language>
                <language ident="xly">Elymian</language>
                <language ident="scx">Sikel</language>
                <language ident="sxc">Sikan</language>
            </langUsage>
            <textClass>
                <keywords scheme="http://www.eagle-network.eu/voc/typeins.html">
                    <term key="dedication" ref="http://www.eagle-network.eu/voc/typeins/lod/88.html">dedication</term>
                </keywords>
            </textClass>
        </profileDesc>
        <revisionDesc status="edited">
            <listChange>
                <change when="2016-12-03" who="#JCu">James Cummings autogenerated EpiDoc output from database</change>
                <change when="2019-03-08" who="#JP">Jonathan Prag edited and added imagery after preparation of new edition for Prag and Tigano 2017</change>
                <change when="2020-09-09" who="#system">Updated Zenodo DOI</change>
            	   <change when="2020-10-05" who="#SS">Simona Stoyanova normalised Unicode</change>
            	   <change when="2020-10-08" who="#SS">Simona Stoyanova updated list of languages</change>
            	<change when="2020-11-20" who="#SS">Simona Stoyanova added EDCS numbers</change>
		<change when="2020-11-26" who="#SS">Simona Stoyanova restructured bibliography</change>
	    <change when="2020-12-17" who="#system">Updated Zenodo DOI</change>
            </listChange>
        </revisionDesc>
    </teiHeader>
    <facsimile>
          <surface type="front">
              <graphic n="screen" url="ISic0469_tiled.tif" height="2832px" width="5040px">
                  <desc>Photo J. Prag, courtesy Museo Archeologico Regionale Antonino Salinas</desc>
            </graphic>
              <graphic n="print" url="ISic0469.jpg" height="2832px" width="5040px">
                <desc>Photo J. Prag, courtesy Museo Archeologico Regionale Antonino Salinas</desc>
             </graphic>
              <graphic n="screen" url="ISic0469_leftthreequarter_tiled.tif" height="2832px" width="5040px">
                  <desc>Photo J. Prag, courtesy Museo Archeologico Regionale Antonino Salinas</desc>
              </graphic>
              <graphic n="print" url="ISic0469_leftthreequarter.jpg" height="2832px" width="5040px">
                  <desc>Photo J. Prag, courtesy Museo Archeologico Regionale Antonino Salinas</desc>
              </graphic>
        </surface>
    </facsimile>
    <text>
        <body>
            <div type="edition" xml:space="preserve" xml:lang="la" resp="#JP">
                <ab>
                    <lb n="1"/>Apoline
                    <lb n="2"/><expan><abbr>L</abbr><ex>ucius</ex></expan> · Carnius · <expan><abbr>C</abbr><ex>ai</ex></expan> · <expan><abbr>f</abbr><ex>ilius</ex></expan> 
                </ab>
            </div>
            <div type="apparatus">
                <listApp><app><note>Text from autopsy</note></app></listApp>
            </div>
            <div type="translation" xml:lang="en" resp="#JP">
                <p>Lucius Carnius, son of Gaius (dedicated this) to Apollo </p>
            </div>
            <div type="translation" xml:lang="en" resp="#MF">
                <p>Lucius Carnius, figlio di Gaius (ha dedicato questo) ad Apollo</p>
            </div>
            <div type="commentary">
                <p>The dative Apoline (rather than Apollini) is well attested in archaic Latin (Sihler 1995: 284, §276.5; e.g. CIL 12, nos.384, 399, 1928, 2233). If the inscription is genuinely from Halaesa, then it is further evidence for the importance of the sanctuary of Apollo in the city (Diod. Sic. 14.16.4; cf. IG 14, no.352, col. II, ll. 52-54 (=<ref target="http://sicily.classics.ox.ac.uk/inscription/ISic1174">ISic1174</ref>); SEG 59 no.1100; Prestianni Giallombardo 2003: 1075-1081). The inscription also provides some of the earliest evidence for Roman presence on the island (cf. Facella 2006: 203-204), although the name Carnius is not otherwise attested on the island. Together with the milestone of Aurelius Cotta from Corleone (ILLRP 1274 = <ref target="http://sicily.classics.ox.ac.uk/inscription/ISic0610">ISic0610</ref>, c.252 BC), and the Egadi rostra inscriptions (Prag 2014, before 241 BC, e.g. <ref target="http://sicily.classics.ox.ac.uk/inscription/ISic4367">ISic4367</ref>), this is one of the earliest Latin inscriptions from Sicily. </p>
                    <p>The form Apoline and the letter forms suggest a date in the third or early second century BC. </p>
            </div>
            <div type="bibliography">
                <listBibl type="edition">
                    <bibl type="corpus" n="CIL">
                        <citedRange>
                            <ref target="http://arachne.uni-koeln.de/item/buchseite/650786">10.7265</ref>
                        </citedRange>
                        <ptr target="https://www.zotero.org/groups/382445/items/GQN8UZSI"/>
                    </bibl>
                    <bibl type="corpus" n="CIL">
                        <citedRange>01.2219</citedRange>
                        <ptr target="https://www.zotero.org/groups/382445/items/GQN8UZSI"/>
                    </bibl>
                    <bibl type="corpus" n="ILMusPalermo">
                        <citedRange>73</citedRange>
                        <ptr target="https://www.zotero.org/groups/382445/items/FZWWPUD6"/>
                    </bibl>
                    <bibl type="corpus" n="ILS">
                        <citedRange>3212</citedRange>
                        <ptr target="https://www.zotero.org/groups/382445/items/XHMS9K6S"/>
                    </bibl>
                    <bibl>
                        <author>Diehl</author>
                        <date>1909</date>
                        <citedRange>no.16</citedRange>
                    </bibl>
                    <bibl type="corpus" n="ILLRP">
                        <citedRange>50</citedRange>
                        <ptr target="https://www.zotero.org/groups/382445/items/88TW7IMC"/>
                    </bibl>
                    <bibl>
                        <author>Prestianni Giallombardo</author>
                        <date>2003</date>
                        <citedRange>1077</citedRange>
                        <ptr target="https://www.zotero.org/groups/382445/items/NRVZDWES"/>
                    </bibl>
                    <bibl type="corpus" n="CIL">
                        <citedRange>1(2) p.1096 tab.118.1</citedRange>
                        <ptr target="https://www.zotero.org/groups/382445/items/GQN8UZSI"/>
                    </bibl>
                    <bibl>
                        <author>Tribulato</author>
                        <date>2012</date>
                        <citedRange>303</citedRange>
                        <ptr target="https://www.zotero.org/groups/isicily/items/X5ZZ4GPT"/>
                    </bibl>
                    <bibl>
                        <author>Prag and Tigano</author>
                        <date>2017</date>
                        <citedRange>no.43</citedRange>
                        <ptr target="http://zotero.org/groups/382445/items/MI64NB9L"/>
                    </bibl>
                </listBibl>
	   <listBibl type="discussion"><bibl/></listBibl>
            </div>
        </body>
    </text>
</TEI>