<?xml version="1.0" encoding="UTF-8"?>
<?xml-model href="http://www.stoa.org/epidoc/schema/latest/tei-epidoc.rng" type="application/xml" schematypens="http://relaxng.org/ns/structure/1.0"?>
<?xml-model href="../schematron/ircyr-checking.sch" schematypens="http://purl.oclc.org/dsdl/schematron"?>                                                
<TEI xmlns="http://www.tei-c.org/ns/1.0" xml:lang="en">
    <teiHeader>
        <fileDesc>
            <titleStmt>
                <title>Funerary inscription for an Abbot (?)</title>
                <editor ref="#JP">Jonathan Prag</editor>
                <principal ref="#JP">Jonathan Prag</principal>
                <funder>John Fell OUP Research Fund</funder>
	   <funder><ref target="https://cordis.europa.eu/project/id/885040">ERC Advanced Grant no.885040</ref></funder>
                <respStmt>
                    <name xml:id="JP" ref="http://orcid.org/0000-0003-3819-8537">Jonathan Prag</name>
                    <resp>original data collection and editing</resp>
                </respStmt>
                <respStmt>
                    <name xml:id="JCu" ref="http://orcid.org/0000-0002-6686-3728">James Cummings</name>
                    <resp>conversion to EpiDoc</resp>
                </respStmt>
                <respStmt>
                    <name xml:id="JCh" ref="http://orcid.org/0000-0001-6823-0265">James Chartrand</name>
                    <resp>site construction and encoding</resp>
                </respStmt>
                <respStmt>
                    <name xml:id="VV" ref="http://orcid.org/0000-0002-9695-0240">Valeria Vitale</name>
                    <resp>editing of geo data</resp>
                </respStmt>
                <respStmt>
                    <name xml:id="MM">Michael Metcalfe</name>
                    <resp>museum data collection</resp>
                </respStmt>
	    <respStmt>
     	       <name xml:id="SS" ref="https://orcid.org/0000-0003-3914-9569">Simona Stoyanova</name>
     	       <resp>standardisation of template and tidying up encoding</resp>
 	   </respStmt>
	    <respStmt>
                    <name xml:id="system">system</name>
                    <resp>automated or batch processes</resp>
                </respStmt>
            </titleStmt>
            <publicationStmt>
                <authority>I.Sicily</authority>
                <idno type="filename">ISic0080</idno>
                <idno type="TM">492395</idno>
                <idno type="EDR"/>
                <idno type="EDH"/>
                <idno type="EDCS">45600021</idno>
                <idno type="PHI"/>
                <idno type="URI">http://sicily.classics.ox.ac.uk/inscription/ISic0080</idno>
                <idno type="DOI" when="2020-12-17">10.5281/zenodo.4334053</idno>
                <availability>
                    <licence target="http://creativecommons.org/licenses/by/4.0/">Licensed under a Creative
                        Commons-Attribution 4.0 licence.
                    </licence>
                </availability>
            </publicationStmt>
            <sourceDesc>
                <msDesc>
                    <msIdentifier>
                        <country>Italy</country>
                        <region>Sicily</region>
                        <settlement>Monte Iato</settlement>
                        <repository role="museum" ref="http://sicily.classics.ox.ac.uk/museum/069">Antiquarium Case d'Alia e parco archeologico Monte Iato
                        </repository>
                        <idno type="inventory">I.14</idno>
                        <!--Adding location for old id numbers if available-->
                        <altIdentifier>
                            <settlement/>
                            <repository/>
                            <idno type="old"/>
                        </altIdentifier>
                    </msIdentifier>
                    <msContents>
                        <textLang mainLang="la">Latin</textLang>
                    </msContents>
                    <physDesc>
                        <objectDesc>
                            <supportDesc>
                                <support><p>Two joining fragments of a marble slab broken on all sides, and re-used on the less smooth reverse side for a Latin inscription; the upper right corner may be preserved</p>
                                    <material key="marble" ref="http://www.eagle-network.eu/voc/material/lod/48.html">marble
                                    </material>
                                    <objectType key="tabula" ref="http://www.eagle-network.eu/voc/objtyp/lod/257">tabula
                                    </objectType>
                                    <dimensions><!--dimensions from Isler 1994-->
                                        <height unit="cm">30.5</height>
                                        <width unit="cm"/>
                                        <depth unit="cm">2.5</depth>
                                    </dimensions>
                                </support>
                                <condition/>
		    </supportDesc>
                            <layoutDesc>
                                <layout><p>Remains of parts of four lines of Latin text, probably the upper right section of the text, with vacat in the upper right</p>
                                    <rs type="execution" ref="http://www.eagle-network.eu/voc/writing/lod/1">Engraved
                                    </rs>
                                </layout>
                            </layoutDesc>
                        </objectDesc>
                        <handDesc>
                            <handNote>
                                <locus from="line1" to="line4">Lines 1-4</locus>
                                <dimensions type="letterHeight">
                                    <height unit="mm">40</height>
                                </dimensions>
                                <locus from="line1" to="line2">Interlineation line 1 to 2</locus>
                                <dimensions type="interlinear">
                                    <height unit="mm"/>
                                </dimensions>
                            </handNote>
                        </handDesc>
                    </physDesc>
                    <history>
                        <origin>
                            <origPlace>
                                <placeName type="ancient" ref="http://pleiades.stoa.org/places/462258" cert="low">Ietas</placeName>		
                                <placeName type="modern" ref="http://sws.geonames.org/2524540">Monte Iato</placeName>
                            	<geo>37.967050, 13.198199</geo>
		</origPlace>
                            <origDate datingMethod="#julian" notBefore-custom="0300" notAfter-custom="0600" cert="low">Palaeochristian</origDate>
                        </origin>
                        <provenance type="found">Found in the area of mediaeval houses built over the south-east corner of the agora<geo>37.966807, 13.198520</geo></provenance>
                        <provenance type="observed" subtype="autopsied">No Autopsy</provenance>
                        <acquisition>Monte Iato, Antiquarium Case d'Alia e parco archeologico Monte Iato</acquisition>
                    </history>
                </msDesc>
            </sourceDesc>
        </fileDesc>
        <profileDesc>
            <calendarDesc>
                <calendar xml:id="julian">
                    <p>Julian Calendar</p>
                </calendar>
            </calendarDesc>
            <langUsage>
                <language ident="en">English</language>
                <language ident="it">Italian</language>
                <language ident="grc">Ancient Greek</language>
                <language ident="la">Latin</language>
                <language ident="he">Hebrew</language>
                <language ident="phn">Phoenician</language>
                <language ident="xpu">Punic</language>
                <language ident="osc">Oscan</language>
                <language ident="xly">Elymian</language>
                <language ident="scx">Sikel</language>
                <language ident="sxc">Sikan</language>
            </langUsage>
            <textClass>
                <keywords scheme="http://www.eagle-network.eu/voc/typeins.html">
                    <term key="funerary" ref="http://www.eagle-network.eu/voc/typeins/lod/92.html">funerary</term>
                </keywords>
            </textClass>
        </profileDesc>
        <revisionDesc status="draft">
            <listChange>
                <change when="2016-12-03" who="#JCu">James Cummings autogenerated EpiDoc output from database</change>
               <change when="2019-01-18" who="#JP">Jonathan Prag revised the file from publications</change>
            	   <change when="2020-10-05" who="#SS">Simona Stoyanova normalised Unicode</change>
            	   <change when="2020-10-08" who="#SS">Simona Stoyanova updated list of languages</change>
            	<change when="2020-11-20" who="#SS">Simona Stoyanova added EDCS numbers</change>
		<change when="2020-11-26" who="#SS">Simona Stoyanova restructured bibliography</change>
	    <change when="2020-12-17" who="#system">Updated Zenodo DOI</change>
            </listChange>
        </revisionDesc>
    </teiHeader>
    <facsimile>
          <surface type="front">
                <graphic n="screen" url="ISic0080_tiled.tif" height="383px" width="345px">
                    <desc>Photo from SicArch 85/86 p.31 fig.13</desc>
                </graphic>
                <graphic n="print" url="ISic0080.jpg" height="383px" width="345px">
                    <desc>Photo from SicArch 85/86 p.31 fig.13</desc>
            </graphic>
        </surface>
    </facsimile>
    <text>
        <body>
            <div type="edition" xml:space="preserve" xml:lang="la" resp="#JP">
                <ab>
                    <lb n="1"/><supplied reason="lost">Hic</supplied> <supplied reason="lost">requies</supplied>ci<unclear>t</unclear>
                    <lb n="2"/><supplied reason="lost">in</supplied> <supplied reason="lost">pace</supplied> <supplied reason="lost">fam</supplied>ulus <hi rend="supraline"><expan><abbr>D</abbr><ex>e</ex><abbr>i</abbr></expan></hi>
                    <lb n="3"/><gap reason="lost" extent="unknown" unit="character"/><supplied reason="lost">a</supplied>bba<supplied reason="lost">s</supplied>
                    <lb n="4"/><supplied reason="lost">qui</supplied> <supplied reason="lost">vixit</supplied> <supplied reason="lost"><expan><abbr>an</abbr><ex>nos</ex></expan></supplied> <expan><abbr><hi rend="supraline"><unclear>pl</unclear></hi></abbr><ex>us</ex></expan> <supplied reason="lost"><expan><abbr>m</abbr><ex>inus</ex></expan></supplied><gap reason="lost" extent="unknown" unit="character"/>
                </ab>
            </div>
            <div type="apparatus">
               <listApp>
                   <app><note>Text of Rizzone 2009, with minor modification line 4 (after photo)</note></app>
                   <app loc="line 1"><note>Isler: CII; </note></app>
                   <app loc="line 2"><note>Isler: [Pa]ulus(?); Isler, Bivona: D(omin)i</note></app>
                   <app loc="line 4"><note>Isler: [---].I[---]; Rizzone [qui vixit an(nos)] pl(us) m(inus)[---]</note></app>
               </listApp>
            </div>
            <div type="translation" xml:lang="en" resp="#JP">
                <p>Here lies in peace the servant of God, Abbot [(name)], who lived [--] years, more or less</p>
            </div>
            <div type="translation" xml:lang="it" resp="#Rizzone2009">
                <p>Qui giace in pace il servo di Dio [---] abate, che visse piu o meno anni [--]</p>
            </div>
            <div type="commentary">
                <p>Rizzone 2009 reconstructs this as a rare record (for Sicily) of a member of a monastic order, in the context of discussing a funerary inscription from Mineo (<ref target="http://sicily.classics.ox.ac.uk/inscription/ISic3454">ISic3454</ref>) which appears to record a monk.</p>
            </div>
            <div type="bibliography">
                <listBibl type="edition">
                    <bibl>
                        <author>Bivona</author>
                        <date>1997-1998</date>
                        <citedRange>613</citedRange>
                        <ptr target="https://www.zotero.org/groups/382445/items/CK5K5DDG"/>
                    </bibl>
                    <bibl>
                        <author>Isler</author>
                        <date>1994</date>
                        <citedRange>30-31 fig.13</citedRange>
                        <ptr target="https://www.zotero.org/groups/382445/items/XSU8JMJV"/>
                    </bibl>
                    <bibl xml:id="Rizzone2009">
                        <author>Rizzone</author>
                        <date>2009</date>
                        <citedRange>433 fig.4</citedRange>
                        <ptr target="https://www.zotero.org/groups/382445/items/P44QBETH"/>
                    </bibl>
                </listBibl>
	   <listBibl type="discussion"><bibl/></listBibl>
            </div>
        </body>
    </text>
</TEI>