<?xml version="1.0" encoding="UTF-8"?>
<?xml-model href="http://www.stoa.org/epidoc/schema/latest/tei-epidoc.rng" type="application/xml" schematypens="http://relaxng.org/ns/structure/1.0"?>
<?xml-model href="../schematron/ircyr-checking.sch" schematypens="http://purl.oclc.org/dsdl/schematron"?>                                                
<TEI xmlns="http://www.tei-c.org/ns/1.0" xml:lang="en">
    <teiHeader>
        <fileDesc>
            <titleStmt>
                <title>I.Sicily inscription 0161</title>
                <editor ref="#JP">Jonathan Prag</editor>
                <principal ref="#JP">Jonathan Prag</principal>
                <funder>John Fell OUP Research Fund</funder>
	   <funder><ref target="https://cordis.europa.eu/project/id/885040">ERC Advanced Grant no.885040</ref></funder>
                <respStmt>
                    <name xml:id="JP" ref="http://orcid.org/0000-0003-3819-8537">Jonathan Prag</name>
                    <resp>original data collection and editing</resp>
                </respStmt>
                <respStmt>
                    <name xml:id="JCu" ref="http://orcid.org/0000-0002-6686-3728">James Cummings</name>
                    <resp>conversion to EpiDoc</resp>
                </respStmt>
                <respStmt>
                    <name xml:id="JCh" ref="http://orcid.org/0000-0001-6823-0265">James Chartrand</name>
                    <resp>site construction and encoding</resp>
                </respStmt>
                <respStmt>
                    <name xml:id="VV" ref="http://orcid.org/0000-0002-9695-0240">Valeria Vitale</name>
                    <resp>editing of geo data</resp>
                </respStmt>
                <respStmt>
                    <name xml:id="MM">Michael Metcalfe</name>
                    <resp>museum data collection</resp>
                </respStmt>
                <respStmt>
                    <name xml:id="TA" ref="https://orcid.org/0000-0001-8417-7089">Tuuli Ahlholm</name>
                    <resp>EpiDoc editing</resp>
                </respStmt>
	    <respStmt>
     	       <name xml:id="SS" ref="https://orcid.org/0000-0003-3914-9569">Simona Stoyanova</name>
     	       <resp>standardisation of template and tidying up encoding</resp>
 	   </respStmt>
        <respStmt>
            <name xml:id="VM" ref="https://orcid.org/0000-0002-7122-2511">Valentina Mignosa</name>
            <resp>apparatus</resp>
        </respStmt>
	    <respStmt>
                    <name xml:id="system">system</name>
                    <resp>automated or batch processes</resp>
                </respStmt>
            </titleStmt>
            <publicationStmt>
                <authority>I.Sicily</authority>
                <idno type="filename">ISic0161</idno>
                <idno type="TM">175697</idno>
                <idno type="EDR">077915</idno>
                <idno type="EDH"/>
                <idno type="EDCS">8900393</idno>
                <idno type="PHI"/>
                <idno type="URI">http://sicily.classics.ox.ac.uk/inscription/ISic0161</idno>
                <idno type="DOI" when="2020-12-17">10.5281/zenodo.4334372</idno>
                <availability>
                    <licence target="http://creativecommons.org/licenses/by/4.0/">Licensed under a Creative
                        Commons-Attribution 4.0 licence.
                    </licence>
                </availability>
            </publicationStmt>
            <sourceDesc>
                <msDesc>
                    <msIdentifier>
                        <country>Italy</country>
                        <region>Sicily</region>
                        <settlement>Termini Imerese</settlement>
                        <repository role="museum" ref="http://sicily.classics.ox.ac.uk/museum/066">Museo Civico
                            Baldassare Romano
                        </repository>
                        <idno type="inventory">8ab</idno>
                        <!--Adding location for old id numbers if available-->
                        <altIdentifier>
                            <settlement/>
                            <repository/>
                            <idno type="old"/>
                        </altIdentifier>
                    </msIdentifier>
                    <msContents>
                        <textLang mainLang="la">Latin</textLang>
                    </msContents>
                    <physDesc>
                        <objectDesc>
                            <supportDesc>
                                <support>
                                    <material key="marble" ref="http://www.eagle-network.eu/voc/material/lod/48.html">
                                        marble
                                    </material>
                                    <dimensions><!--Default values and requires editing-->
                                        <height unit="cm"/>
                                        <width unit="cm"/>
                                        <depth unit="cm"/>
                                    </dimensions>
                                </support>
                                <condition/>
		    </supportDesc>
                            <layoutDesc>
                                <layout>
                                    <rs type="execution" ref="http://www.eagle-network.eu/voc/writing/lod/1">Engraved
                                    </rs>
                                </layout>
                            </layoutDesc>
                        </objectDesc>
                        <handDesc>
                            <handNote><!--Default value and requires editing-->
                                <locus from="line1" to="line1">Line 1</locus>
                                <dimensions type="letterHeight">
                                    <height unit="mm"/>
                                </dimensions>
                                <locus from="line1" to="line2">Interlineation line 1 to 2</locus>
                                <dimensions type="interlinear">
                                    <height unit="mm"/>
                                </dimensions>
                            </handNote>
                        </handDesc>
                    </physDesc>
                    <history>
                        <origin>
                            <origPlace>
                                <placeName type="ancient" ref="http://pleiades.stoa.org/places/462513">Thermae Himeraeae</placeName>		
                                <placeName type="modern" ref="http://sws.geonames.org/6539140">Termini Imerese</placeName>
                            	<geo>37.98365, 13.69555</geo>
		</origPlace>
                            <origDate datingMethod="#julian" notBefore-custom="0150" notAfter-custom="0250">'Le quattro epigrafi
                                (ILLTI 82-85) potrebbero datarsi tra la seconda meta del II sec d.C. e gli inizi del III
                                secolo'
                            </origDate>
                        </origin>
                        <provenance type="found">Contr.Madonna della Catena</provenance>
                        <provenance type="observed" subtype="autopsied">No Autopsy</provenance>
                        <acquisition>Termini Imerese, Museo Civico Baldassare Romano no. 8ab</acquisition>
                    </history>
                </msDesc>
            </sourceDesc>
        </fileDesc>
        <profileDesc>
            <calendarDesc>
                <calendar xml:id="julian">
                    <p>Julian Calendar</p>
                </calendar>
            </calendarDesc>
            <langUsage>
                <language ident="en">English</language>
                <language ident="it">Italian</language>
                <language ident="grc">Ancient Greek</language>
                <language ident="la">Latin</language>
                <language ident="he">Hebrew</language>
                <language ident="phn">Phoenician</language>
                <language ident="xpu">Punic</language>
                <language ident="osc">Oscan</language>
                <language ident="xly">Elymian</language>
                <language ident="scx">Sikel</language>
                <language ident="sxc">Sikan</language>
            </langUsage>
            <textClass>
                <keywords scheme="http://www.eagle-network.eu/voc/typeins.html">
                    <term key="funerary" ref="http://www.eagle-network.eu/voc/typeins/lod/92.html">funerary</term>
                </keywords>
            </textClass>
        </profileDesc>
        <revisionDesc status="draft">
            <listChange>
                <change when="2016-12-03" who="#JCu">James Cummings autogenerated EpiDoc output from database</change>
                <change when="2019-05-31" who="#TA">Tuuli Ahlholm cleaned up the autogenerated text and added an apparatus and a translation.</change>
            	   <change when="2020-10-05" who="#SS">Simona Stoyanova normalised Unicode</change>
            	   <change when="2020-10-08" who="#SS">Simona Stoyanova updated list of languages</change>
                   <change when="2020-10-08" who="#VM">Valentina Mignosa added apparatus</change>
            	<change when="2020-11-20" who="#SS">Simona Stoyanova added EDCS numbers</change>
		<change when="2020-11-26" who="#SS">Simona Stoyanova restructured bibliography</change>
	    <change when="2020-12-17" who="#system">Updated Zenodo DOI</change>
            </listChange>
        </revisionDesc>
    </teiHeader>
    <facsimile>
        <surface/>
        <!--delete empty surface above and uncomment template below if needed-->
        <!--
  <surface type="front">
    <graphic n="screen" url="{concat('ISic', $num, '_tiled.tif')}"
      height="4912px" width="7360px">
      <desc>Add Description Here</desc>
    </graphic>
    <graphic n="print" url="{concat('ISic', $num, '.jpg')}" height="3680px" width="5520px">
      <desc>Add Description Here</desc>
    </graphic>
  </surface>

    -->
    </facsimile>
    <text>
        <body>
            <div type="edition" xml:space="preserve" xml:lang="la" resp="#TA">
                <ab>
                    <lb n="1"/><expan><abbr>D</abbr><ex>is</ex></expan> <expan><abbr>M</abbr><ex>anibus</ex></expan>
                    <lb n="2"/><expan><abbr>L</abbr><ex>ucius</ex></expan> <expan><abbr>Cor</abbr><ex>nelius</ex></expan> <g type="hedera"/> <g ref="http://sicily.classics.ox.ac.uk/alists/listglyph.xml#leaf"/> Auctus
                    <lb n="3"/><expan><abbr>vix</abbr><ex>it</ex></expan> <expan><abbr>an</abbr><ex>nis</ex></expan> <num value="80">LXXX</num>
                </ab>
            </div>
            <div type="apparatus" xml:lang="en" resp="#VM">
                <listApp>
                    <app><note>Text of ILTermini</note></app>
                    <app><note>Absence of punctuation marks among words.</note></app>
                    <app loc="line 1"><note>Bivona suggests the presence of a hedera leaf between D and M.</note></app>
                </listApp>
            </div> 
            <div type="translation" xml:lang="en" resp="#TA">
                <p>To the Shades of the Underworld. Lucius Cornelius Auctus lived 80 years.</p>
            </div>
            <div type="commentary">
                <p><!--commented out pending revision-->
                    <!--ILLTI 82-85 are all of a sinlge nuclear family according to B; the names suggest freedmen/women - all of the gens Cornelia; here with a Latin cognom., but others with common Gr. ones.--></p>
            </div>
            <div type="bibliography">
                <listBibl type="edition">
                    <bibl type="bulletin" n="AE">
                        <citedRange>1980.0515</citedRange>
                        <ptr target="http://zotero.org/groups/382445/items/R46KDTZX"/>
                    </bibl>
                    <bibl type="corpus" n="ILMusTermini">
                        <citedRange>82</citedRange>
                        <ptr target="https://www.zotero.org/groups/382445/items/JCV85C79"/>
                    </bibl>
                    <bibl>
                        <author>Bivona</author>
                        <date>1975-1976</date>
                        <citedRange>541 no.3 tav.2</citedRange>
                        <ptr target="https://www.zotero.org/groups/382445/items/3JCJI9JF"/>
                    </bibl>
                </listBibl>
	   <listBibl type="discussion"><bibl/></listBibl>
            </div>
        </body>
    </text>
</TEI>