<?xml version="1.0" encoding="UTF-8"?>
<?xml-model href="http://www.stoa.org/epidoc/schema/latest/tei-epidoc.rng" type="application/xml" schematypens="http://relaxng.org/ns/structure/1.0"?>
<?xml-model href="../schematron/ircyr-checking.sch" schematypens="http://purl.oclc.org/dsdl/schematron"?>                                                
<TEI xmlns="http://www.tei-c.org/ns/1.0" xml:lang="en">
    <teiHeader>
        <fileDesc>
            <titleStmt>
                <title>Funerary inscription for Calbentius Motho</title>
                <editor ref="#JP">Jonathan Prag</editor>
                <principal ref="#JP">Jonathan Prag</principal>
                <funder>John Fell OUP Research Fund</funder>
	   <funder><ref target="https://cordis.europa.eu/project/id/885040">ERC Advanced Grant no.885040</ref></funder>
                <respStmt>
                    <name xml:id="JP" ref="http://orcid.org/0000-0003-3819-8537">Jonathan Prag</name>
                    <resp>original data collection and editing</resp>
                </respStmt>
                <respStmt>
                    <name xml:id="JCu" ref="http://orcid.org/0000-0002-6686-3728">James Cummings</name>
                    <resp>conversion to EpiDoc</resp>
                </respStmt>
                <respStmt>
                    <name xml:id="JCh" ref="http://orcid.org/0000-0001-6823-0265">James Chartrand</name>
                    <resp>site construction and encoding</resp>
                </respStmt>
                <respStmt>
                    <name xml:id="VV" ref="http://orcid.org/0000-0002-9695-0240">Valeria Vitale</name>
                    <resp>editing of geo data</resp>
                </respStmt>
                <respStmt>
                    <name xml:id="MM">Michael Metcalfe</name>
                    <resp>museum data collection</resp>
                </respStmt>
	    <respStmt>
     	       <name xml:id="SS" ref="https://orcid.org/0000-0003-3914-9569">Simona Stoyanova</name>
     	       <resp>standardisation of template and tidying up encoding</resp>
 	   </respStmt>
	    <respStmt>
                    <name xml:id="system">system</name>
                    <resp>automated or batch processes</resp>
                </respStmt>
            </titleStmt>
            <publicationStmt>
                <authority>I.Sicily</authority>
                <idno type="filename">ISic0474</idno>
                <idno type="TM">491699</idno>
                <idno type="EDR">142396</idno>
                <idno type="EDH"/>
                <idno type="EDCS">21900534</idno>
                <idno type="PHI"/>
                <idno type="URI">http://sicily.classics.ox.ac.uk/inscription/ISic0474</idno>
                <idno type="DOI" when="2020-12-17">10.5281/zenodo.4337551</idno>
                <availability>
                    <licence target="http://creativecommons.org/licenses/by/4.0/">Licensed under a Creative
                        Commons-Attribution 4.0 licence.
                    </licence>
                </availability>
            </publicationStmt>
            <sourceDesc>
                <msDesc>
                    <msIdentifier>
                        <country>Italy</country>
                        <region>Sicily</region>
                        <settlement>Agrigento</settlement>
                        <repository role="museum" ref="http://sicily.classics.ox.ac.uk/museum/130">Museo Regionale Archeologico Pietro Griffo
                        </repository>
                        <idno type="inventory">C1881</idno>
                        <!--Adding location for old id numbers if available-->
                        <altIdentifier>
                            <settlement/>
                            <repository/>
                            <idno type="old"/>
                        </altIdentifier>
                    </msIdentifier>
                    <msContents>
                        <textLang mainLang="la">Latin</textLang>
                    </msContents>
                    <physDesc>
                        <objectDesc>
                            <supportDesc>
                                <support>
                                    <p>A slab of coarse bluish marble. Intact on all sides, but missing the top right corner. The sides are rough, the rear is finished and smooth.</p>
                                    <material key="marble" ref="http://www.eagle-network.eu/voc/material/lod/48.html">marble
                                    </material>
                                    <objectType key="tabula" ref="http://www.eagle-network.eu/voc/objtyp/lod/257">tabula
                                    </objectType>
                                    <dimensions>
                                        <height unit="cm">15.7</height>
                                        <width unit="cm">24.8</width>
                                        <depth unit="cm">2.4</depth>
                                    </dimensions>
                                </support>
                                <condition/>
		    </supportDesc>
                            <layoutDesc>
                                <layout><p>Five lines of latin letters with guidelines marked out for a sixth also. The text is centred, but slightly off the horizontal; hedera/interpuncts mark the line ends.</p>
                                    <rs type="execution" ref="http://www.eagle-network.eu/voc/writing/lod/1">Engraved
                                    </rs>
                                </layout>
                            </layoutDesc>
                        </objectDesc>
                        <handDesc>
                            <handNote>The letters show the beginnings of a shift towards the later cursive style, with extended serifs on the A and M, T tending to be narrow with upward sloping head, E likewise tall, narrow, with top stroke sloping upwards. Interpuncts, sometimes in the form of hedera, used between all words except after Calbentius
                                <locus from="line1" to="line1">Line 1</locus>
                                <dimensions type="letterHeight">
                                    <height unit="mm">10-11</height>
                                </dimensions>
                                <locus from="line2" to="line2">Line 2</locus>
                                <dimensions type="letterHeight">
                                    <height unit="mm">11-13</height>
                                </dimensions>
                                <locus from="line3" to="line3">Line 3</locus>
                                <dimensions type="letterHeight">
                                    <height unit="mm">10-13</height>
                                </dimensions>
                                <locus from="line4" to="line4">Line 4</locus>
                                <dimensions type="letterHeight">
                                    <height unit="mm">11-13</height>
                                </dimensions>
                                <locus from="line5" to="line5">Line 5</locus>
                                <dimensions type="letterHeight">
                                    <height unit="mm">11-14</height>
                                </dimensions>
                                <locus from="line1" to="line2">Interlineation line 1 to 2</locus>
                                <dimensions type="interlinear">
                                    <height unit="mm">11</height>
                                </dimensions>
                                <locus from="line2" to="line3">Interlineation line 2 to 3</locus>
                                <dimensions type="interlinear">
                                    <height unit="mm">5-8</height>
                                </dimensions>
                                <locus from="line3" to="line4">Interlineation line 3 to 4</locus>
                                <dimensions type="interlinear">
                                    <height unit="mm">5-8</height>
                                </dimensions>
                                <locus from="line4" to="line5">Interlineation line 4 to 5</locus>
                                <dimensions type="interlinear">
                                    <height unit="mm">4-5</height>
                                </dimensions>
                            </handNote>
                        </handDesc>
                    </physDesc>
                    <history>
                        <origin>
                            <origPlace>
                                <placeName type="ancient" ref="http://pleiades.stoa.org/places/462086">Agrigentum</placeName>		
                                <placeName type="modern" ref="http://sws.geonames.org/6541860">Agrigento</placeName>
                            	<geo>37.32084, 13.58876</geo>
		</origPlace>
                            <origDate datingMethod="#julian" notBefore-custom="0001" notAfter-custom="0300">Imperial</origDate>
                        </origin>
                        <provenance type="found">Precise provenance unknown</provenance>
                        <provenance type="observed" subtype="autopsied" resp="#JP">2018.07.17 Prag</provenance>
                        <acquisition>Agrigento, Museo Regionale Archeologico Pietro Griffo no. C1881</acquisition>
                    </history>
                    <additional>
                        <adminInfo>
                            <note type="location">display</note>
                        </adminInfo>
                    </additional>
                </msDesc>
            </sourceDesc>
        </fileDesc>
        <profileDesc>
            <calendarDesc>
                <calendar xml:id="julian">
                    <p>Julian Calendar</p>
                </calendar>
            </calendarDesc>
            <langUsage>
                <language ident="en">English</language>
                <language ident="it">Italian</language>
                <language ident="grc">Ancient Greek</language>
                <language ident="la">Latin</language>
                <language ident="he">Hebrew</language>
                <language ident="phn">Phoenician</language>
                <language ident="xpu">Punic</language>
                <language ident="osc">Oscan</language>
                <language ident="xly">Elymian</language>
                <language ident="scx">Sikel</language>
                <language ident="sxc">Sikan</language>
            </langUsage>
            <textClass>
                <keywords scheme="http://www.eagle-network.eu/voc/typeins.html">
                    <term key="funerary" ref="http://www.eagle-network.eu/voc/typeins/lod/92.html">funerary</term>
                </keywords>
            </textClass>
        </profileDesc>
        <revisionDesc status="draft">
            <listChange>
                <change when="2016-12-03" who="#JCu">James Cummings autogenerated EpiDoc output from database</change>
                <change when="2016-12-23" who="#JP">Jonathan Prag made initial revision of the EpiDoc, adding image and translation</change>
                <change when="2018-09-03" who="#JP">Jonathan Prag revised the file on the basis of autopsy, with metadata, text, images</change>
            	   <change when="2020-10-05" who="#SS">Simona Stoyanova normalised Unicode</change>
            	   <change when="2020-10-08" who="#SS">Simona Stoyanova updated list of languages</change>
            	<change when="2020-11-20" who="#SS">Simona Stoyanova added EDCS numbers</change>
		<change when="2020-11-26" who="#SS">Simona Stoyanova restructured bibliography</change>
	    <change when="2020-12-17" who="#system">Updated Zenodo DOI</change>
            </listChange>
        </revisionDesc>
    </teiHeader>
    <facsimile>
        <surface type="front">
            <graphic n="screen" url="ISic0474_tiled.tif" height="5520px" width="3680px">
                <desc>Photo J. Prag, courtesy Museo archeologico regionale P.Griffo, Agrigento</desc>
            </graphic>
            <graphic n="print" url="ISic0474.jpg" height="5520px" width="3680px">
                <desc>Photo J. Prag, courtesy Museo archeologico regionale P.Griffo, Agrigento</desc>
            </graphic>
            <graphic n="screen" url="ISic0474_rightthreequarter_tiled.tif" height="5520px" width="3680px">
                <desc>Photo J. Prag, courtesy Museo archeologico regionale P.Griffo, Agrigento</desc>
            </graphic>
            <graphic n="print" url="ISic0474_rightthreequarter.jpg" height="5520px" width="3680px">
                <desc>Photo J. Prag, courtesy Museo archeologico regionale P.Griffo, Agrigento</desc>
            </graphic>
        </surface>
    </facsimile>
    <text>
        <body>
            <div type="edition" xml:space="preserve" xml:lang="la" resp="#JP">
                <ab>
                    <lb n="1"/><expan><abbr>D</abbr><ex>is</ex></expan> · <expan><abbr>M</abbr><ex>anibus</ex></expan> ·
                    <lb n="2"/>Calbentius Motho · <expan><abbr>vix</abbr><ex>it</ex></expan> ·
                    <lb n="3"/>annos · <num value="40">XXXX</num> · Calbentia <g ref="http://sicily.classics.ox.ac.uk/alists/listglyph.xml#leaf">❦</g>
                    <lb n="4"/>Fortunata · fratri <g ref="http://sicily.classics.ox.ac.uk/alists/listglyph.xml#leaf">❦</g>
                    <lb n="5"/>suo <g ref="http://sicily.classics.ox.ac.uk/alists/listglyph.xml#leaf">❦</g> fecit <g ref="http://sicily.classics.ox.ac.uk/alists/listglyph.xml#leaf">❦</g>
                </ab>
             </div>
            <div type="apparatus">
               <listApp><app><note>Text based on autopsy</note></app></listApp>
            </div>
            <div type="translation" xml:lang="en" resp="#JP">
                <p>To the shades of the underworld. Calbentius Motho lived for 40 years. Calbentia Fortunata made (this)
                    for her brother</p>
            </div>
            <div type="translation" xml:lang="it">
                <p>Agli dei Mani. Calbentius Motho visse 40 anni, Calbentia Fortunata dedicò (questa iscrizione) a suo fratello</p>
            </div>
            <div type="commentary">
                <p>
                </p>
            </div>
            <div type="bibliography">
                <listBibl type="edition">
                    <bibl type="corpus" n="CIL">
                        <citedRange>
                            <ref target="http://arachne.uni-koeln.de/item/buchseite/650772">10.7193</ref>
                        </citedRange>
                        <ptr target="https://www.zotero.org/groups/382445/items/GQN8UZSI"/>
                    </bibl>
                    <bibl/>
                </listBibl>
	   <listBibl type="discussion"><bibl/></listBibl>
            </div>
        </body>
    </text>
</TEI>